# callgrind format
version: 1
creator: callgrind-3.19.0
pid: 1082
cmd:  /workspace/build-codex/tests/foliage_benchmark /workspace/docs/journal/benchmarks/lod/input.json
part: 1


desc: I1 cache: 
desc: D1 cache: 
desc: LL cache: 

desc: Timerange: Basic block 0 - 1050516952
desc: Trigger: Program termination

positions: line
events: Ir
summary: 7473993658


ob=(1) /usr/lib/x86_64-linux-gnu/ld-linux-x86-64.so.2
fl=(26) ./elf/./elf/dl-environ.c
fn=(74) _dl_next_ld_env_entry
29 3
+3 40
+13 30
-13 60
+2 64
+1 18
+5 2
-3 2
+3 2
+2 2
+7 1

fl=(57) ./io/../sysdeps/unix/sysv/linux/read_nocancel.c
fn=(192) __read_nocancel
26 20
+1 5

fl=(129) ./elf/./elf/dl-find_object.c
fn=(478) _dl_find_object_init
582 3
+3 1
+2 2
+13 1
cfn=(482) _dlfo_process_initial
calls=1 -95 
* 145
+1 1
-1 1
+1 1
fi=(29) ./elf/../include/rtld-malloc.h
56 1
cfi=(28) ./elf/./elf/dl-minimal-malloc.c
cfn=(82) __minimal_malloc
calls=1 -21 
* 24
fe=(129)
601 1
fi=(29)
56 1
fe=(129)
603 2
+3 2
+5 1
+1 1
cfn=(482)
calls=1 505 
* 509
+3 3
+10 4
-37 2
cfi=(130) ./elf/./dl-find_object.h
cfn=(480) _dl_find_object_from_map
calls=1 95 
* 74
* 1
+29 2
cfn=(484) _dlfo_sort_mappings
calls=1 -59 
* 247
+3 6
+2 1

fn=(484)
558 2
+3 4
+4 1
+1 1
-1 1
+1 2
-1 4
+1 4
-1 4
+1 18
+1 85
-1 45
+8 15
+1 10
-1 5
-13 10
+14 15
+1 10
-15 10
+17 1

fn=(482)
505 12
+1 2
+3 4
+5 12
+12 4
-11 6
+1 14
-1 28
+3 52
+3 48
-7 8
+38 6
-2 2
+2 8
-26 24
+7 36
+3 6
-1 6
+1 6
-1 12
cfi=(130)
cfn=(480)
calls=6 95 
* 334
+2 24

fl=(133) ./elf/../sysdeps/nptl/dl-mutex.c
fn=(494) __rtld_mutex_init
30 1
+10 3
-10 1
+10 1
-10 1
+7 1
+3 3
cfi=(134) ./elf/./elf/dl-lookup-direct.c
cfn=(496) _dl_lookup_direct
calls=1 +34 
* 200
+4 2
+1 8
+2 3
-2 1
+2 3
cfi=(134)
cfn=(496)
calls=1 +27 
* 215
+4 2
+1 6
+1 2
-1 1
+1 2

fl=(16) ./elf/../sysdeps/x86/dl-get-cpu-features.c
fn=(500) __x86_cpu_features
39 3
+32 2

fn=(36) _dl_x86_init_cpu_features
39 3
+2 1
cfi=(17) ./elf/../sysdeps/x86/cpu-features.c
cfn=(38) init_cpu_features.constprop.0
calls=1 399 
* 6963

fl=(19) ./elf/../sysdeps/x86/get-isa-level.h
fn=(114) _dl_hwcaps_subdirs_active
31 1
fi=(39) ./elf/../sysdeps/x86_64/dl-hwcaps-subdirs.c
+7 1
fe=(19)
-7 2
-1 2
fi=(39)
+22 1
fe=(19)
-20 3
+4 1
fi=(39)
+2 1
fe=(19)
-2 2
+3 4
+1 4
+5 1
fi=(39)
-7 1
fe=(19)
+7 3
fi=(39)
-2 1
fe=(19)
+5 2
+3 5
+2 4
+1 2
+1 2
+6 1
fi=(39)
-13 1
fe=(19)
+13 1
-3 2

fl=(48) ./elf/../elf/dl-tls.c
fn=(158) _dl_count_modids
225 2
+1 1
+15 2

fn=(274) allocate_dtv
391 1
fi=(29)
44 1
fe=(48)
391 3
+5 1
+4 1
+1 1
fi=(29)
44 1
cfi=(28)
cfn=(78) __minimal_calloc
calls=1 +38 
* 34
fe=(48)
402 2
+3 1
+6 3
+6 4

fn=(276) _dl_tls_initial_modid_limit_setup
1088 1
+2 4
+6 6
-6 9
+2 12
+1 8
+6 1
+1 1

fn=(272) _dl_allocate_tls_storage
448 4
+2 1
+11 1
88 1
465 1
fi=(29)
56 1
cfi=(28)
cfn=(82)
calls=1 -21 
* 52
fe=(48)
466 2
+11 5
+5 1
-5 1
+1 1
+4 304
+19 1
+2 2
cfn=(274)
calls=1 391 
* 53
+1 2
94 1
509 5

fn=(244) _dl_assign_tls_modid
156 2
+3 2
+13 2
-13 2
+53 2
+2 2
+3 2
+1 4

fn=(412) _dl_add_to_slotinfo
1105 21
+6 3
+3 3
+1 3
+4 9
+36 6
+3 9
+1 9
+3 18

fn=(476) _dl_allocate_tls_init
564 9
+1 2
+4 1
+6 1
-6 1
+6 1
cfi=(25) ./elf/../sysdeps/nptl/dl-tls_init_tp.c
cfn=(92) rtld_mutex_dummy
calls=1 44 
* 2
+3 3
+12 1
-18 1
+42 3
-19 12
+9 9
+1 6
+6 9
+3 3
-2 3
+2 3
-2 3
+2 12
+4 3
-4 3
+4 3
-1 6
+4 6
+1 12
+2 6
+1 6
+17 3
-8 3
+8 3
+2 9
cfi=(30) ./string/../sysdeps/x86_64/multiarch/memmove-vec-unaligned-erms.S
cfn=(136) mempcpy
calls=3 206 
* 36
* 15
cfi=(45) ./string/../sysdeps/x86_64/multiarch/../multiarch/memset-vec-unaligned-erms.S
cfn=(140) memset
calls=3 141 
* 49
+6 3
-55 12
+6 9
+55 2
cfi=(25)
cfn=(92)
calls=1 44 
* 2
+3 2
+3 9

fn=(268) _dl_tls_static_surplus_init
122 1
+4 1
-4 2
+4 1
-4 2
+4 3
cfi=(11) ./elf/./elf/dl-tunables.c
cfn=(28) __tunable_get_val
calls=1 408 
* 20
* 1
+1 4
cfi=(11)
cfn=(28)
calls=1 408 
* 20
+6 1
+2 1
-8 1
+6 2
+2 3
+3 1
+2 1
-32 3
+34 3
+1 5

fn=(270) _dl_determine_tlsoffset
247 7
+6 3
+3 2
+36 3
+2 1
-2 1
-2 1
-40 1
-1 1
-1 1
+46 2
+23 9
+3 3
-3 15
+2 6
-2 3
-25 3
+20 3
-20 15
+2 6
+3 3
-1 3
+5 6
-5 3
+1 3
-1 3
+3 6
+2 9
+32 2
-1 1
+53 1
-52 5
+2 2
+51 8

fl=(31) ./elf/./elf/dl-load.c
fn=(194) _dl_map_object_from_fd
944 55
+10 5
-10 15
+10 5
cfi=(47) ./elf/./elf/dl-debug.c
cfn=(196) _dl_debug_update
calls=5 41 
* 30
* 5
+7 20
+85 20
+10 10
+7 35
cfi=(27) ./elf/./elf/dl-object.c
cfn=(76) _dl_new_object
calls=5 59 
* 1703
* 5
+1 10
+11 5
+5 5
-4 5
-1 5
+2 5
+2 5
-2 5
+2 10
+1 15
+1 8
+19 4
-2 4
+2 40
+10 4
-10 4
+10 12
-10 1
-2 1
+2 10
+10 1
-10 1
+10 3
+27 5
-33 5
-3 5
+2 5
-1 5
+35 5
+9 5
-50 5
+41 5
+9 5
-36 5
+63 25
-62 126
+20 2
+1 1
-22 144
+1 268
1223 10
1110 5
1223 10
1110 15
1228 35
+10 15
+1 5
-1 5
+1 5
-1 15
+1 15
-1 15
+1 15
-1 45
1076 10
1245 10
+10 20
+7 20
fi=(62) ./elf/./dl-map-segments.h
28 5
fe=(31)
1262 15
fi=(62)
28 10
+1 40
cfi=(61) ./misc/../sysdeps/unix/sysv/linux/mmap64.c
cfn=(204) mmap
calls=5 +18 
* 40
+73 10
-1 5
-72 5
+73 5
+3 10
+1 5
+2 5
-3 5
+1 5
+2 5
+17 5
-96 5
+98 5
fi=(63) ./elf/./dl-load.h
-36 40
+1 15
+2 40
fi=(62)
+55 80
+6 5
+2 5
-2 5
+1 5
+2 10
-1 20
+8 10
+3 10
+8 35
cfi=(45)
cfn=(140)
calls=5 -35 
* 709
* 10
+6 10
+12 20
-59 120
+2 30
+3 15
-3 30
+2 120
cfi=(61)
cfn=(204)
calls=15 -92 
* 120
* 45
fe=(31)
1111 56
+26 140
+8 40
+1 20
-1 20
+1 80
+1 20
-1 20
+1 20
+2 20
-2 20
+2 20
+2 20
-4 20
+1 40
-1 20
+4 100
+2 40
+13 40
+1 75
+5 15
+1 135
-28 15
+38 15
-11 5
+1 45
-28 5
+38 5
-66 10
+7 5
+2 5
-2 5
+1 5
+1 5
-1 10
+1 40
+60 6
+5 2
-1 4
+5 2
-5 4
-66 2
+71 8
+1 2
+3 2
-3 2
+8 8
+15 10
+1 5
fi=(58) ./elf/../sysdeps/posix/dl-fileid.h
37 15
cfi=(59) ./io/../sysdeps/unix/sysv/linux/fstat64.c
cfn=(200) fstat
calls=5 -8 
* 65
* 10
fe=(31)
999 10
fi=(58)
40 15
fe=(31)
999 5
fi=(58)
40 5
fe=(31)
999 80
+1 40
fi=(58)
49 60
fe=(31)
1525 45
1084 1
+1 2
-1 4
+1 1
-1 1
+1 1
cfi=(72) ./io/../sysdeps/unix/sysv/linux/pread64_nocancel.c
cfn=(246) __pread64_nocancel
calls=1 25 
* 6
* 2
1278 20
+1 15
fi=(64) ./elf/./elf/get-dynamic-info.h
39 10
+6 5
-2 5
+2 10
+9 5
+5 5
-1 5
-3 82
+13 24
-23 96
+23 105
-23 420
+4 258
+5 116
+2 25
fi=(63)
+39 16
+2 4
-1 8
+1 4
-1 4
+1 4
-1 4
+1 4
-1 8
+3 16
fe=(31)
1018 10
fi=(64)
59 20
+13 20
+12 17
+1 20
+1 20
+1 20
+1 17
+1 19
+1 19
+1 20
+12 5
+7 5
-7 35
+7 11
+5 8
+7 8
+1 15
+6 15
+1 6
+17 15
+5 4
+2 4
+2 4
+2 4
+4 15
+2 3
+1 2
+9 2
+6 2
+4 10
fe=(31)
1285 10
+1 10
+2 10
+10 15
+19 10
+2 30
+52 15
+1 4
+6 40
+1 92
+6 8
cfn=(94) _dl_process_pt_gnu_property
calls=2 876 
* 38
-7 106
+1 53
+6 53
-6 106
fi=(32) ./elf/../sysdeps/x86/dl-prop.h
212 14
+1 7
95 28
+10 4
212 2
105 4
-3 2
-1 2
+2 2
+2 4
-5 4
+93 8
-1 2
-87 6
+3 6
+1 4
+1 4
+4 6
+4 6
+3 6
+1 4
+4 2
+1 8
+4 4
+1 2
+3 4
+3 2
+1 8
+5 8
+7 4
+16 2
-3 4
+3 6
fe=(31)
1390 10
cfi=(65) ./io/../sysdeps/unix/sysv/linux/close_nocancel.c
cfn=(214) __GI___close_nocancel
calls=5 26 
* 25
* 10
+13 10
+2 20
+2 10
+16 10
cfi=(8) ./elf/./elf/dl-setup_hash.c
cfn=(14) _dl_setup_hash
calls=5 28 
* 130
+4 10
+1 10
+17 10
+1 1
+3 1
+5 1
-5 1
+5 1
-5 4
+5 4
-5 4
+5 4
+10 10
+7 40
+10 10
+1 8
+5 4
cfi=(48)
cfn=(244)
calls=2 156 
* 18
+7 15
cfi=(27)
cfn=(90) _dl_add_to_namespace_list
calls=5 31 
* 255
+3 20
+23 35
+1 15
cfi=(50) ./elf/./elf/dl-audit.c
cfn=(216) _dl_audit_objopen
calls=5 78 
* 20
* 5
-5 10
fi=(32)
198 16
+2 2
+1 2
+1 2
-2 2
+3 2
-3 4
+3 2
fi=(64)
62 20
+2 20
fi=(62)
186 16
cfi=(61)
cfn=(204)
calls=2 47 
* 16
+3 4
fe=(31)
1472 15
+2 4
-1 20
+1 4
-1 4
+1 4
-1 4
cfi=(33) ./string/../sysdeps/x86_64/multiarch/../multiarch/strcmp-sse2.S
cfn=(98) strcmp
calls=4 131 
* 121
* 8
+2 5
1285 8

fn=(188) open_verify.constprop.0
1578 180
+32 18
-32 36
+32 36
+19 72
cfi=(56) ./io/../sysdeps/unix/sysv/linux/open64_nocancel.c
cfn=(190) __open_nocancel
calls=18 31 
* 327
* 18
+2 36
+8 5
+6 15
-5 5
+5 25
cfi=(57)
cfn=(192)
calls=5 26 
* 25
+2 10
+2 10
+2 10
+6 10
+17 65
+81 10
+5 10
+6 20
+6 10
+6 5
+1 5
-1 15
+1 15
+26 162
-22 1
+1 2
-1 4
+1 1
cfi=(72)
cfn=(246)
calls=1 25 
* 6
* 2
1674 9
-59 26

fn=(110) _dl_init_paths
706 10
+14 1
-14 2
+14 2
cfi=(38) ./elf/./elf/dl-hwcaps.c
cfn=(112) _dl_important_hwcaps
calls=1 175 
* 1977
fi=(29)
56 1
fe=(31)
720 1
fi=(29)
56 1
cfi=(28)
cfn=(82)
calls=1 -21 
* 24
fe=(31)
725 1
+2 3
+8 2
-1 3
+5 3
fi=(29)
56 1
cfi=(28)
cfn=(82)
calls=1 -21 
* 24
fe=(31)
739 1
+2 4
+17 1
-10 1
+8 1
-9 1
+9 2
+11 1
-9 1
+3 2
+9 1
-2 1
+2 2
-7 1
-4 1
+3 1
+6 1
+2 1
-3 2
+1 16
cfi=(45)
cfn=(140)
calls=4 141 
* 68
+2 15
-14 3
+10 3
+4 9
-12 3
-2 3
+2 3
+4 3
-3 3
+3 3
+1 3
-2 3
+5 6
-3 3
+4 6
+15 1
+3 1
-15 1
+7 1
-1 1
+9 2
+2 4
+2 3
+36 5
+2 3
cfi=(23) ./string/../sysdeps/x86_64/multiarch/../multiarch/strlen-sse2.S
cfn=(66) strlen
calls=1 101 
* 16
* 8
cfi=(30)
cfn=(86) memcpy
calls=1 219 
* 10
* 1
+5 4
-1 2
+2 1
+1 2
-2 4
+1 13
+1 26
-2 52
+5 1
fi=(29)
56 1
cfi=(28)
cfn=(82)
calls=1 -21 
* 24
fe=(31)
836 1
fi=(29)
56 1
fe=(31)
838 2
+6 6
cfn=(142) fillin_rpath.isra.0
calls=1 468 
* 642
+3 3
+6 1
+4 8
-49 1
-2 1
+2 2
+14 2

fn=(146) expand_dynamic_string_token
385 6
+10 2
-10 8
+10 2
cfn=(148) _dl_dst_count
calls=2 238 
* 104
+3 4
+12 2
-11 2
+11 8
-11 2
cfi=(46) ./string/./string/strdup.c
cfn=(150) strdup
calls=2 40 
* 160

fn=(142)
468 7
+4 1
-4 9
+6 3
cfi=(7) ./elf/./elf/dl-minimal.c
cfn=(144) strsep
calls=1 242 
* 282
* 3
cfi=(7)
cfn=(144)
calls=1 242 
* 8
* 6
+7 2
+2 3
cfn=(146)
calls=1 -98 
* 125
* 1
+4 2
+5 2
cfi=(23)
cfn=(66)
calls=1 101 
* 16
* 1
+1 2
+7 5
+9 15
+1 8
fi=(29)
50 2
cfi=(28)
cfn=(154) __minimal_free
calls=1 +47 
* 4
+1 1
fe=(31)
528 4
+4 4
fi=(29)
56 1
cfi=(28)
cfn=(82)
calls=1 -21 
* 24
* 1
fe=(31)
534 2
+5 1
+1 2
-1 1
-1 1
+2 1
cfi=(30)
cfn=(136)
calls=1 206 
* 12
+3 1
-3 1
+1 1
+2 1
+6 1
+1 1
-1 3
+1 4
+1 1
-1 3
+1 9
-1 27
+3 1
+1 1
-1 1
+1 2
+1 1
+6 2
+1 1
+3 3
-60 4
+66 1
+3 10

fn=(224) cache_rpath
681 24
+1 36
+17 24
-16 24

fn=(94)
876 3
-8 3
+8 3
-6 3
+12 6
-13 3
+13 3
-13 3
+13 6
+3 9
+1 6
+1 6
+43 3

fn=(184) _dl_map_object
1971 130
+8 26
+1 52
+3 267
+5 406
+2 174
cfi=(55) ./elf/./elf/dl-misc.c
cfn=(186) _dl_name_match_p
calls=58 68 
* 6334
* 116
+4 100
+1 150
+4 28
-1 140
+1 28
+1 28
-1 28
+1 56
cfi=(33)
cfn=(98)
calls=28 131 
* 1112
* 56
2274 117
2015 5
-1 10
+1 10
-1 10
-41 5
+50 15
+17 10
-2 5
+2 5
cfi=(42) ./string/../sysdeps/x86_64/multiarch/../multiarch/strchr-sse2.S
cfn=(124) index
calls=5 33 
* 115
* 10
2206 2
-1 3
cfn=(146)
calls=1 385 
* 175
+2 1
-3 1
+1 1
+2 2
+4 8
cfn=(188)
calls=1 1578 
* 101
* 1
+3 2
+12 20
+45 5
+1 10
-1 5
+1 55
cfn=(194)
calls=5 944 
* 9715
* 15
2044 8
cfi=(23)
cfn=(66)
calls=4 101 
* 64
* 8
+2 8
+7 16
+51 56
cfn=(226) open_path
calls=4 1819 
* 2297
+6 4
-6 4
+6 16
+1 24
cfn=(224)
calls=4 681 
* 36
* 8
+8 4
+14 8
+2 12
+4 8
cfi=(69) ./elf/./elf/dl-cache.c
cfn=(230) _dl_load_cache_lookup
calls=4 413 
* 5442
* 4
+2 8
+4 8
+8 12
+23 32
cfn=(188)
calls=4 1578 
* 429
* 4
+4 8
+1 4
+17 8
2078 16
+1 36
cfn=(224)
calls=4 681 
* 36
* 16
+9 8
+15 8
+1 8
-47 4
+1 4
+7 36
-3 12
+1 24
cfn=(224)
calls=4 681 
* 36
* 8
+9 16
+5 8
+1 8

fn=(148)
238 14
+3 14
-3 42
+7 14
-7 14
+3 14
cfi=(42)
cfn=(124)
calls=14 33 
* 418
+3 28
+20 98

fn=(226)
1819 32
+1 4
-1 12
+1 4
+6 8
+5 4
-7 4
+7 4
+70 4
-70 4
+70 4
-70 4
+38 4
-38 4
+38 4
-38 4
+38 4
-46 4
+8 8
+3 8
+9 24
+7 8
-12 4
+13 4
-1 8
cfi=(30)
cfn=(136)
calls=4 206 
* 48
* 4
+1 28
+3 80
+5 91
cfi=(30)
cfn=(136)
calls=13 206 
* 160
* 52
cfi=(30)
cfn=(136)
calls=13 206 
* 156
+3 39
+6 39
+3 91
cfn=(188)
calls=13 1578 
* 676
* 13
+2 39
+2 20
+89 36
1851 90
+89 20
+7 8
-2 4
+2 8
+3 16
1829 8
+70 12
+2 6
-21 20
+1 80
+6 20
+2 10
-2 20
+2 10
cfi=(68) ./io/../sysdeps/unix/sysv/linux/stat64.c
cfn=(228) stat
calls=10 28 
* 138
* 10
+3 10
-3 29
-38 18
+39 1
+2 1
-2 1
+2 7
-41 2

fl=(30)
fn=(86)
219 45
+6 45
+1 45
+2 34
+1 34
+1 34
+2 16
+1 16
+1 16
+2 16
+80 11
+1 11
+2 3
+4 3
+1 3
+1 3
+1 3
+1 3
+4 3
+2 3
+39 8
+1 8
+1 8
+1 8
+1 8
+7 12
+1 12
+1 12
+1 12
+1 12
+1 12
+1 12
+11 18
+1 18
+2 16
+1 16
+1 16
+2 4
+1 4
+1 4
+1 4
+1 4
+1 4
+1 4
+1 4
+1 4
+1 4
+1 4
+1 4
+1 4
+1 4
+1 4
+4 2
+1 2
+4 2
+2 2
+16 2
+3 2
+2 2
+2 2
+4 2
+1 2
+9 1
+1 1
+2 1
+2 1
+1 1
+1 1
+3 1
+2 1
+2 1
+2 1
+6 1
+1 1
+1 1
+1 1
+1 1
+1 1
+1 1
+1 1
+1 1
+1 1
+1 1
+1 1
-11 2
+1 2
+1 2
+1 2
+1 2
+1 2
+1 2
+1 2
+1 2
+1 2
+1 2
+1 2
+2 1
+1 1
+1 1
+1 1
+2 1
+4 1
+13 1
+1 1
+2 1
+1 1
+1 1
+2 1
+2 1
+2 2
+6 1
+1 1
+1 1
+1 1
+1 1
+1 1
+1 1
+1 1
+1 1
+1 1
+1 1
+1 1
-11 2
+1 2
+1 2
+1 2
+1 2
+1 2
+1 2
+1 2
+1 2
+1 2
+1 2
+1 2
+2 1
+1 1
+1 1
+1 1
+2 1
+1 1

fn=(136)
206 46
+1 46
+1 46
+17 46
+1 46
+2 9
+1 9
+1 9
+2 6
+1 6
+1 6
+2 6
+80 37
+1 37
+2 13
+4 13
+1 8
+1 8
+1 2
+1 2
+1 2
+1 2
+2 2
+2 8
+6 5
+1 5
+1 5
+1 5
+1 5
+29 24
+1 24
+1 24
+1 24
+1 24
+7 3
+1 3
+1 3
+1 3
+1 3
+1 3
+1 3
+11 3
+1 3
+2 3
+1 3
+1 3

fl=(142) ./elf/./elf/dl-runtime.c
fn=(522) _dl_fixup
46 1148
+2 820
+1 164
+6 164
fi=(353) ./elf/../sysdeps/x86_64/dl-runtime.h
-27 164
fe=(142)
+21 164
+5 164
+1 164
-6 164
+6 328
+1 164
+2 164
-2 164
+2 164
-2 820
+7 328
+4 328
+4 492
+4 492
+1 656
+1 492
+8 164
-1 164
+1 328
+10 1640
cfi=(78) ./elf/./elf/dl-lookup.c
cfn=(290) _dl_lookup_symbol_x
calls=164 756 
* 117914
* 164
+4 820
+10 1640
+15 656
+9 492
+26 492
fi=(5) ./elf/../sysdeps/x86_64/dl-machine.h
+61 164
fe=(142)
-57 984
-1 328
fi=(176) ./elf/../sysdeps/x86_64/dl-irel.h
32 14
cob=(3) /usr/lib/x86_64-linux-gnu/libc.so.6
cfi=(115) ./string/../sysdeps/x86_64/multiarch/ifunc-evex.h
cfn=(396) memchr
calls=1 +6 
* 22
cob=(4) /usr/lib/x86_64-linux-gnu/libm.so.6
cfi=(119) ./math/../sysdeps/x86_64/fpu/multiarch/ifunc-avx-fma4.h
cfn=(422) cos
calls=1 * 
* 8
cob=(4)
cfi=(118) ./math/../sysdeps/x86_64/fpu/multiarch/ifunc-fma.h
cfn=(430) sincosf
calls=1 -3 
* 8
cob=(4)
cfi=(119)
cfn=(464) sin
calls=1 * 
* 8
cob=(4)
cfi=(122) ./math/../sysdeps/x86_64/fpu/multiarch/ifunc-fma4.h
cfn=(468) sincos
calls=1 -1 
* 7
cob=(3)
cfi=(89) ./string/../sysdeps/x86_64/multiarch/ifunc-memset.h
cfn=(318) memset
calls=1 +22 
* 23
cob=(3)
cfi=(106) ./string/../sysdeps/x86_64/multiarch/ifunc-memcmp.h
cfn=(362) bcmp
calls=2 +2 
* 46
cob=(3)
cfi=(91) ./string/../sysdeps/x86_64/multiarch/ifunc-memmove.h
cfn=(394) memmove
calls=1 +25 
* 21
cob=(3)
cfi=(91)
cfn=(324) memcpy@@GLIBC_2.14
calls=2 +25 
* 42
cob=(3)
cfi=(83) ./string/../sysdeps/x86_64/multiarch/ifunc-avx2.h
cfn=(382) strlen
calls=2 +8 
* 48
cob=(3)
cfi=(86) ./string/../sysdeps/x86_64/multiarch/strcmp.c
cfn=(312) strcmp
calls=1 +16 
* 18
fe=(142)
+93 28

fl=(54) ./setjmp/../sysdeps/x86_64/setjmp.S
fn=(180) __sigsetjmp
32 13
+9 13
+1 26
+1 13
+4 13
+1 13
+1 13
+1 13
+1 13
+2 26
+2 13
+1 13
+3 26
+2 13
+19 13
+1 13

fl=(69)
fn=(532) _dl_unload_cache
536 4
-1 1
+3 2
cfi=(117) ./misc/../sysdeps/unix/syscall-template.S
cfn=(534) munmap
calls=1 117 
* 5
+1 1
+4 1
+2 2

fn=(230)
413 20
+2 8
+3 12
+69 9
+5 12
+3 20
cfn=(236) search_cache
calls=4 206 
* 4614
* 4
+15 8
+4 8
+8 8
cfi=(23)
cfn=(66)
calls=4 101 
* 136
+2 4
-2 4
+1 20
+1 4
cfi=(30)
cfn=(86)
calls=4 219 
* 56
* 4
+1 4
cfi=(46)
cfn=(150)
calls=4 40 
* 356
+1 12
421 5
cfi=(55)
cfn=(232) _dl_sysdep_read_whole_file
calls=1 36 
* 83
* 1
+8 6
+1 8
+3 3
+1 1
-1 3
fi=(70) ./elf/../sysdeps/generic/dl-cache.h
194 1
+1 5
fe=(69)
441 1
+1 2

fn=(236)
206 36
+2 4
-2 16
fi=(71) ./elf/../sysdeps/x86/dl-procinfo.h
39 8
+3 12
cfi=(33)
cfn=(98)
calls=4 +89 
* 260
* 16
fe=(69)
211 20
cfi=(11)
cfn=(28)
calls=4 408 
* 80
* 4
+17 8
-12 8
+15 4
-15 16
359 13
228 26
+2 180
+1 36
-37 72
+37 36
+4 72
+4 108
cfn=(240) _dl_cache_libcmp
calls=36 367 
* 2800
+1 72
356 32
+1 19
228 38
+8 44
+14 8
+3 8
+2 16
cfn=(240)
calls=4 367 
* 302
* 8
-7 8
-35 12
+1 4
-1 32
+1 4
-1 32
+54 8
+10 8
+1 12
+7 8
fi=(70)
125 20
fe=(69)
294 8
+9 8
+3 8
+5 4
+1 12
+28 8
+23 36

fn=(240)
367 40
+1 132
+4 211
-2 211
+2 211
-2 422
+20 414
+2 414
-24 171
+28 171
+1 171
-29 342
+32 12
-28 8
+8 4
-2 8
+1 8
+1 8
-2 4
+2 4
+2 12
-3 4
+3 4
+2 8
+9 108

fl=(33)
fn=(98)
131 2443
+1 2443
+2 2443
+1 2443
+21 2443
+1 2443
+1 1353
+1 1353
+1 1154
+1 1154
+1 1154
+1 1154
+17 1154
+1 1154
+1 1154
+1 1154
+1 1154
+1 1154
+1 1154
+5 46
+1 46
+9 46
+1 46
+1 46
+1 46
+1 46
+1 46
+1 46
+1 46
-7 1289
+1 1289
+1 1289
+1 1289
+1 1289
+1 1289
+1 1289
+1 1289
+1 333
+1 181
+1 181
+1 181
+2 181
+1 181
+1 181
+1 181
+1 181
+1 181
-5 152
+1 152
+1 152
+1 152
+1 152
+1 152
+10 1002
+1 1002
+1 1002
+2 1002
+6 1002
+1 1002
+1 1002
+1 1002
+1 1002
+5 1002
+2 993
+1 993
+1 1986
+8 993
+1 993
+3 993
+1 993
+1 993
+1 993
+1 993
+1 993
+31 12
+1 12
+1 12
+1 12
+1 12
+2 12
+1 12
+1 12
+1 12
+1 12
+1 12
+1 12
424 4
+1 4
+1 4
+1 4
+1 4
+2 4
+1 4
+1 4
+1 4
+1 4
+1 4
+1 4
+1 3
+3 3
+1 3
+1 3
+6 3
+1 3
+1 6
+4 3
+1 3
+3 3
+1 3
+1 3
+2 3
+1 3
+1 3
+4 3
+1 3
+1 3
+1 3
+1 3
+1 3
+69 3
+1 3
+1 3
+1 3
+1 3
+2 3
+1 3
+1 3
+1 3
+1 3
+1 3
+1 3
+1 3
+4 3
+1 3
+1 3
+6 3
+1 3
+1 6
+4 3
+1 3
+3 3
+1 3
+1 3
+2 3
+1 3
+1 3
+4 3
+1 3
+1 3
+1 3
+1 3
+1 3
+69 1
+1 1
+1 1
+1 1
+1 1
+2 1
+1 1
+1 1
+1 1
+1 1
+1 1
+1 1
+1 1
+4 1
+1 1
+1 1
+6 1
+1 1
+1 2
+4 1
+1 1
-1 1
+1 1
+3 2
+1 2
+1 2
+2 2
+1 2
+1 2
+4 2
+1 2
+1 2
+1 2
+1 2
+1 2
+7 1
+1 1
+2 1
+1 1
+2 1
+1 1
+1 1
+2 1
+1 1
+1 1
+4 1
+1 1
+1 1
+1 1
+1 1
+1 1
+7 1
+1 1
+1 1
+32 5
+1 5
+1 5
+1 5
+1 5
+2 5
+1 5
+1 5
+1 5
+1 5
+1 5
+1 5
+1 3
+4 3
+1 3
+1 3
+6 3
+1 3
+1 6
+4 3
+1 3
-1 2
+1 2
+3 5
+1 5
+1 5
+2 5
+1 5
+1 5
+4 5
+1 5
+1 5
+1 5
+1 5
+1 5
+7 2
+1 2
+2 2
+1 2
+2 2
+1 2
+1 2
+2 2
+1 2
+1 2
+4 2
+1 2
+1 2
+1 2
+1 2
+1 2
+7 2
+1 2
+1 2
+32 14
+1 14
+1 14
+1 14
+1 14
+2 14
+1 14
+1 14
+1 14
+1 14
+1 14
+1 14
+1 5
+4 5
+1 5
+1 5
+6 5
+1 5
+1 10
+4 5
+1 5
-1 1
+1 1
+3 6
+1 6
+1 6
+2 6
+1 6
+1 6
+4 6
+1 6
+1 6
+1 6
+1 6
+1 6
+7 3
+1 3
+2 3
+1 3
+2 3
+1 3
+1 3
+2 3
+1 3
+1 3
+4 3
+1 3
+1 3
+1 3
+1 3
+1 3
+7 1
+1 1
+1 1
+32 15
+1 15
+1 15
+1 15
+1 15
+2 15
+1 15
+1 15
+1 15
+1 15
+1 15
+1 15
+1 3
+4 3
+1 3
+1 3
+6 3
+1 3
+1 6
+4 3
+1 3
-1 2
+1 2
+3 5
+1 5
+1 5
+2 5
+1 5
+1 5
+4 5
+1 5
+1 5
+1 5
+1 5
+1 5
+7 3
+1 3
+2 3
+1 3
+2 3
+1 3
+1 3
+2 3
+1 3
+1 3
+4 3
+1 3
+1 3
+1 3
+1 3
+1 3
+7 2
+1 2
+1 2
+32 9
+1 9
+1 9
+1 9
+1 9
+2 9
+1 9
+1 9
+1 9
+1 9
+1 9
+1 9
+1 6
+4 6
+1 6
+1 6
+6 6
+1 6
+1 12
+4 6
+1 6
-1 4
+1 4
+3 10
+1 10
+1 10
+2 10
+1 10
+1 10
+4 10
+1 10
+1 10
+1 10
+1 10
+1 10
+7 4
+1 4
+2 4
+1 4
+2 4
+1 4
+1 4
+2 4
+1 4
+1 4
+4 4
+1 4
+1 4
+1 4
+1 4
+1 4
+7 4
+1 4
+1 4
+32 46
+1 46
+1 46
+1 46
+1 46
+2 46
+1 46
+1 46
+1 46
+1 46
+1 46
+1 46
+1 23
+4 23
+1 23
+1 23
+6 23
+1 23
+1 46
+4 23
+1 23
-1 1
+1 1
+3 24
+1 24
+1 24
+2 24
+1 24
+1 24
+4 24
+1 24
+1 24
+1 24
+1 24
+1 24
+7 1
+1 1
+2 1
+1 1
+2 1
+1 1
+1 1
+2 1
+1 1
+1 1
+4 1
+1 1
+1 1
+1 1
+1 1
+1 1
+7 1
+1 1
+1 1
+32 28
+1 28
+1 28
+1 28
+1 28
+2 28
+1 28
+1 28
+1 28
+1 28
+1 28
+1 28
+1 23
+4 23
+1 23
+1 23
+6 23
+1 23
+1 46
+4 23
+1 23
+3 23
+1 23
+1 23
+2 23
+1 23
+1 23
+4 23
+1 23
+1 23
+1 23
+1 23
+1 23
+7 1
+1 1
+2 1
+1 1
+2 1
+1 1
+1 1
+2 1
+1 1
+1 1
+4 1
+1 1
+1 1
+1 1
+1 1
+1 1
+41 17
+1 17
+1 17
+1 17
+1 17
+2 17
+1 17
+1 17
+1 17
+1 17
+1 17
+1 17
+1 5
+4 5
+1 5
+1 5
+6 5
+1 5
+1 10
+4 5
+1 5
-1 2
+1 2
+3 7
+1 7
+1 7
+2 7
+1 7
+1 7
+4 7
+1 7
+1 7
+1 7
+1 7
+1 7
+7 4
+1 4
+2 4
+1 4
+2 4
+1 4
+1 4
+2 4
+1 4
+1 4
+4 4
+1 4
+1 4
+1 4
+1 4
+1 4
+7 2
+1 2
+1 2
+32 17
+1 17
+1 17
+1 17
+1 17
+2 17
+1 17
+1 17
+1 17
+1 17
+1 17
+1 17
+1 11
+4 11
+1 11
+1 11
+6 11
+1 11
+1 22
+4 11
+1 11
-1 2
+1 2
+3 13
+1 13
+1 13
+2 13
+1 13
+1 13
+4 13
+1 13
+1 13
+1 13
+1 13
+1 13
+7 3
+1 3
+2 3
+1 3
+2 3
+1 3
+1 3
+2 3
+1 3
+1 3
+4 3
+1 3
+1 3
+1 3
+1 3
+1 3
+7 2
+1 2
+1 2
+32 80
+1 80
+1 80
+1 80
+1 80
+2 80
+1 80
+1 80
+1 80
+1 80
+1 80
+1 80
+1 63
+4 63
+1 63
+1 63
+6 63
+1 63
+1 126
+4 63
+1 63
-1 1
+1 1
+3 64
+1 64
+1 64
+2 64
+1 64
+1 64
+4 64
+1 64
+1 64
+1 64
+1 64
+1 64
+7 5
+1 5
+2 5
+1 5
+2 5
+1 5
+1 5
+2 5
+1 5
+1 5
+4 5
+1 5
+1 5
+1 5
+1 5
+1 5
+7 1
+1 1
+1 1
+32 27
+1 27
+1 27
+1 27
+1 27
+2 27
+1 27
+1 27
+1 27
+1 27
+1 27
+1 27
+1 13
+4 13
+1 13
+1 13
+6 13
+1 13
+1 26
+4 13
+1 13
+3 13
+1 13
+1 13
+2 13
+1 13
+1 13
+4 13
+1 13
+1 13
+1 13
+1 13
+1 13
+7 4
+1 4
+2 4
+1 4
+2 4
+1 4
+1 4
+2 4
+1 4
+1 4
+4 4
+1 4
+1 4
+1 4
+1 4
+1 4
+41 55
+1 55
+1 55
+1 55
+1 55
+2 55
+1 55
+1 55
+1 55
+1 55
+1 55
+1 55
+2 27
+4 27
+1 27
+1 27
+6 27
+1 27
+2 54
+4 27
+1 27
+3 27
+1 27
+1 27
+2 27
+1 27
+1 27
+4 27
+1 27
+1 27
+1 27
+1 27
+1 27
+7 3
+1 3
+2 3
+1 3
+2 3
+1 3
+1 3
+2 3
+1 3
+1 3
+4 3
+1 3
+1 3
+1 3
+1 3
+1 3
+43 1182
+2 1182
+1 1182
+1 1182
+1 1182
-3 153
+1 153
+1 153
+1 153
+1 362
+5 181
+6 181
+1 181
+8 181
+1 181
-16 2262
+6 2262
+1 2262
+8 2262
+1 2262

fn=(264) strncmp
125 1
+1 1
+1 1
+1 1
+1 1
+2 1
+1 1
+2 1
+1 1
+21 1
+1 1
+1 1
+1 1
+1 1
+1 1
+1 1
+1 1
+17 1
+1 1
+1 1
+1 1
+1 1
+1 1
+1 1
2104 1
+3 1
+1 1
+2 1
+1 1
+8 1
+1 1

fl=(134)
fn=(498) check_match
31 21
+1 3
-1 6
+1 9
+1 9
+2 6
+1 6
+12 9
+3 6
+2 9
cfi=(33)
cfn=(98)
calls=3 +78 
* 202
* 6
+4 6
+1 18
+1 9
cfi=(33)
cfn=(98)
calls=3 +72 
* 118
+5 6
-24 6
+24 6
-24 3
+24 9

fn=(496)
74 27
+4 3
-4 3
+1 3
-1 3
+2 6
+2 9
+37 3
-37 9
+1 6
+2 9
+3 25
+2 3
+1 9
-1 3
+1 3
-1 3
+1 3
cfn=(498)
calls=3 -56 
* 473
* 3
+3 6
+3 6
+23 27

fl=(23)
fn=(66)
101 31
+1 31
+1 31
+1 31
+1 31
+1 31
+1 31
+2 31
+2 31
+31 31
+1 31
+1 31
+1 31
+1 31
+1 16
+2 16
+4 15
+1 15
+1 15
+1 15
+1 15
+1 15
+1 15
+1 15
+1 15
+1 15
+1 15
+1 15
+5 120

fl=(117)
fn=(534)
117 4
+5 1

fn=(410) mprotect
117 28
+5 7

fl=(75) ./elf/./elf/dl-version.c
fn=(260) _dl_check_all_versions
392 5
+4 5
-2 2
+4 42
cfn=(262) _dl_check_map_versions
calls=7 155 
* 25117
-2 7
+2 21
-1 7
-1 14
+5 7

fn=(262)
155 49
+15 7
-15 7
+15 14
+2 28
+2 7
+1 7
+2 14
+3 10
-16 10
+20 5
-28 5
+24 5
+4 30
+16 10
36 5
200 5
36 30
200 14
36 7
200 7
36 42
+1 54
-1 108
+2 198
cfi=(55)
cfn=(186)
calls=66 +30 
* 6686
* 132
204 24
+4 36
+5 12
fi=(354) ./elf/../sysdeps/generic/_itoa.h
76 36
fe=(75)
213 24
+4 24
+1 24
-1 12
+4 12
-3 12
+3 12
-3 36
-1 84
+1 84
-1 42
+4 42
-3 42
+3 42
-3 231
56 216
+8 162
+6 162
+16 54
+1 108
+2 54
+5 486
+14 1828
+12 2580
+4 860
-30 1720
231 216
+3 162
+5 42
-24 42
110 54
+3 216
cfi=(33)
cfn=(98)
calls=54 +18 
* 2160
* 162
224 216
+1 3
cfi=(33)
cfn=(98)
calls=1 -94 
* 57
* 2
+3 26
+15 36
+5 7
-50 7
+59 25
+3 10
+3 35
+3 15
+4 118
-7 472
+3 359
+8 15
+6 12
fi=(29)
44 6
fe=(75)
280 12
fi=(29)
44 6
cfi=(28)
cfn=(78)
calls=6 +38 
* 231
fe=(75)
281 12
-2 6
fi=(29)
44 6
fe=(75)
281 6
+13 6
-3 6
+3 24
+2 12
+3 20
+4 36
+18 42
-15 42
+2 42
-2 42
+2 42
-2 42
+2 84
-2 12
+2 12
-2 12
+2 12
-2 12
+2 24
+2 54
+1 54
-1 162
+1 54
+1 54
-2 54
+2 108
+1 162
+3 162
+8 36
+5 7
-28 7
+33 10
+3 10
+20 118
-14 246
-2 118
+6 118
+1 118
+1 118
-1 354
+1 118
-1 118
+1 118
+1 118
+3 369
+12 10
+1 10
+1 10
+1 4
+19 63
164 2
-8 2
257 5
+17 3
+60 2
-40 2
+76 4
+2 4
+4 2
-4 104
+1 52
+2 1
+1 2
-1 1
+1 1
cfi=(33)
cfn=(264)
calls=1 125 
* 31
* 2

fl=(24) ./elf/../misc/sbrk.c
fn=(68) sbrk
37 4
+3 1
+18 2
+4 2
+16 5

fl=(53) ./elf/./elf/dl-error-skeleton.c
fn=(174) _dl_catch_error
225 9
+2 2
cfn=(178) _dl_catch_exception
calls=1 -52 
* 2388
* 1
+1 2
+1 1
+1 1
-1 1
+1 1
+2 5

fn=(256) _dl_receive_error
238 5
+1 1
+1 1
+3 1
+1 1
+2 1
cfi=(2) ./elf/./elf/rtld.c
cfn=(258) version_check_doit
calls=1 677 
* 25237
+2 1
+1 1
+1 4

fn=(178)
175 13
+5 13
-5 39
+5 13
-2 26
+21 13
+7 26
-7 13
+1 26
+3 26
+3 13
cfi=(54)
cfn=(180)
calls=13 32 
* 247
* 26
+2 39
cfi=(67) ./elf/./elf/dl-deps.c
cfn=(222) openaux
calls=12 61 
* 26374
cfi=(2)
cfn=(182) map_doit
calls=1 644 
* 2338
+2 13
-1 13
+1 13
-1 13
+1 26
-25 13
+34 26

fl=(61)
fn=(204)
47 26
+3 52
+8 104
+2 26

fl=(11)
fn=(60) do_tunable_update_val
99 5
+3 15
fi=(22) ./elf/./dl-tunable-types.h
-12 5
fe=(11)
+21 5
+1 5
fi=(22)
-22 5
fe=(11)
+22 15
+1 25
fi=(12) ./elf/./elf/dl-tunables.h
+8 10
fe=(11)
+13 5
+1 5
+1 5
+1 5
+1 5
fi=(12)
-16 5
fe=(11)
-6 10
fi=(12)
+15 5
fe=(11)
-12 15
+4 20
+7 10
+1 10

fn=(22) __GI___tunables_init
282 8
-9 3
+34 5
71 165
+6 32
-3 32
+3 2495
357 8
81 64
+5 96
fi=(12)
+54 32
fe=(11)
-54 32
fi=(12)
+54 32
+1 88
-1 104
+1 88
fe=(11)
323 128
-18 4736
+6 6496
fi=(12)
140 576
+1 576
-1 11
+1 44
-1 55
fe=(11)
+12 64

fn=(28)
408 238
+9 34
-9 134
+9 10
+17 170
+2 34
-9 24
+1 24

fn=(58) __GI___tunable_set_val
158 30
+2 5
cfn=(60)
calls=5 -61 
* 190

fl=(56)
fn=(190)
31 19
-3 19
+3 114
+8 133
+2 6
-2 39
+2 13

fl=(348) ./elf/./elf/dl-call_fini.c
fn=(4152) _dl_call_fini
24 28
+4 14
+6 7
-2 7
+3 14
+3 5
+1 5
-1 5
+1 10
+3 20
+1 5
cob=(6) /usr/lib/x86_64-linux-gnu/libgcc_s.so.1
cfi=(150) ???
cfn=(4258) 0x0000000000004660
calls=1 -43 
* 152
cob=(4)
cfi=(151) ???
cfn=(4240) 0x00000000000102b0
calls=1 -43 
* 152
cob=(7) /usr/lib/x86_64-linux-gnu/libstdc++.so.6.0.30
cfi=(152) ???
cfn=(4198) 0x00000000000a5e00
calls=1 -43 
* 1111
cob=(5) /usr/libexec/valgrind/vgpreload_core-amd64-linux.so
cfi=(145) ???
cfn=(4180) 0x00000000000010c0
calls=1 -43 
* 152
cob=(8) /workspace/build-codex/tests/foliage_benchmark
cfi=(161) ???
cfn=(4154) 0x0000000000009760
calls=1 -43 
* 152
-1 20
+5 7
+1 14
+1 5
+1 5
-1 5
+1 10
-1 5
cob=(2) ???
cfi=(52) ???
cfn=(4274) 0x0000000004b588c8
calls=1 -49 
* 3
cob=(2)
cfi=(52)
cfn=(4256) 0x0000000004ae23d8
calls=1 -49 
* 3
cob=(2)
cfi=(52)
cfn=(4238) 0x00000000049de5c0
calls=1 -49 
* 3
cob=(2)
cfi=(52)
cfn=(4196) 0x0000000004838278
calls=1 -49 
* 3
cob=(2)
cfi=(52)
cfn=(4176) 0x000000000014c594
calls=1 -49 
* 3
+1 8

fl=(51) ./string/../string/strcspn.c
fn=(168) strcspn
32 3
+1 3
+1 2
+5 6
+1 4
+1 4
+1 4
+2 1
+3 3
+1 2
-1 6
+1 4
+3 4
+1 4
+1 4
+1 4
+2 3
+6 1
-1 1
+1 1
+2 2
-1 2
+2 1
+2 6
-5 12
-1 12
+1 12
+2 24
-1 24
+2 12
+2 72
+2 1
+1 4
+1 3

fl=(43) ./string/../sysdeps/x86_64/multiarch/../multiarch/memcmp-sse2.S
fn=(128) bcmp
71 1
+1 1
+22 1
+1 1
+45 1
+1 1
+2 1
+1 1
+2 1
+1 1
+2 1
+1 1
+47 1
+1 1
+1 1
+1 1
+1 1
+1 1

fl=(45)
fn=(140)
141 60
+5 12
+1 12
+3 9
+1 9
+2 1
+1 1
+1 1
+34 4
+1 4
+2 4
+60 8
+1 8
+12 8
+3 8
+1 8
+12 4
+1 4
+13 4
+1 4
+2 4
+3 3
+3 6
+3 3
+1 3
+1 3
+1 3
+1 3
+1 3
+1 3
-6 83
+1 83
+1 83
+1 83
+1 83
+1 83
+1 83
+3 4
+1 4
+1 4
+1 4
+5 4
+34 3
+2 3
+1 3
+39 3
+1 3
+2 3

fl=(73) ./malloc/./malloc/scratch_buffer_set_array_size.c
fn=(248) __libc_scratch_buffer_set_array_size
30 45
+4 5
+1 10
+10 10
+18 5
-17 5
+17 15

fl=(78)
fn=(294) do_lookup_x
348 15600
+1 1950
-1 7800
+6 1950
-6 3900
+7 1950
+41 1950
-30 3900
+30 1950
-30 7800
+14 18792
+8 6264
-4 6264
+1 6264
+3 25056
+1 12528
+3 6264
-3 6264
+4 12528
+7 6264
-3 12528
-2 6264
+5 18792
+3 43848
+99 13029
359 12556
+3 12556
+4 12646
+4 12528
+4 12528
fi=(4) ./elf/../sysdeps/generic/ldsodefs.h
141 3870
+1 5805
fe=(78)
460 3870
fi=(80) ./elf/../sysdeps/generic/dl-protected.h
29 7740
fe=(78)
467 10232
+16 3706
+1 1853
+1 3870
-78 6141
-1 4094
+2 4094
+2 2034
+6 8136
-6 2034
+6 14238
+7 9192
-10 24990
+3 1948
-1 3896
+1 1948
-1 1948
+2 3896
-1 23376
cfn=(296) check_match
calls=1948 71 
* 185698
+4 5844
+3 28
+82 15
+1 15600
223 164
+2 82
-2 164
+2 82
-2 82
+2 82
-2 82
+2 246
+2 82
-2 246
cfi=(25)
cfn=(92)
calls=82 44 
* 164
+2 82
+1 82
+1 328
+2 162
+1 81
-1 486
+1 81
-1 162
+1 162
-1 243
+1 162
-1 1467
+24 352
+3 95
+1 285
-23 176
-1 352
471 3813
-17 201
+2 2
263 1458
+49 492
-1 164
+19 246
+2 82
-2 328
+2 82
cfi=(25)
cfn=(92)
calls=82 44 
* 164
+2 164
+1 82
-1 82
+1 82
177 518
-2 84
+1 252
-3 332
+7 82
+1 82
+1 82
+1 82
319 328
-59 276
432 1
fi=(29)
44 4
cfi=(28)
cfn=(78)
calls=1 +38 
* 34
* 1
fe=(78)
303 2
+3 1
+2 1
-77 1
+70 1
+6 1
-6 1
+7 1
-7 1
171 12
+1 810
+98 6
cfi=(55)
cfn=(474) _dl_higher_prime_number
calls=2 125 
* 157
fi=(29)
44 2
fe=(78)
270 2
fi=(29)
44 4
cfi=(28)
cfn=(78)
calls=2 +38 
* 68
* 2
fe=(78)
273 4
172 6
280 4
172 6
280 10
+1 276
+1 140
171 70
282 140
171 70
282 70
171 70
+1 70
-1 70
+1 210
+1 440
+2 14
+1 42
-3 168
+7 70
+3 70
-2 70
+99 276
+6 6
-16 4
+16 12
cfi=(28)
cfn=(154)
calls=2 97 
* 8
171 2
289 2
-2 2
+3 4
-1 2
+1 4
171 4
+1 2
-1 2
+1 8
+5 10
437 17406

fn=(290)
756 25350
fi=(79) ./elf/../sysdeps/generic/dl-new-hash.h
74 1950
+3 3900
-8 1950
+1 3900
+10 1950
+1 3900
-1 39402
+1 78804
+20 40382
-2 40382
+6 40382
-3 80764
+2 40382
-30 40382
+3 80764
fe=(78)
758 1950
+1 1950
+3 1950
-4 1950
+1 1950
+7 7764
+3 1950
+2 3900
-2 1950
+6 3900
-7 23400
+7 75
+1 27300
cfn=(294)
calls=1950 348 
* 709360
* 5850
+28 1950
-23 5850
+23 1950
-23 3900
+24 11594
+7 1935
-7 1935
+35 7740
+34 1935
-20 5805
+3 3870
-57 1950
+76 17550
fi=(79)
87 970
+1 970
+1 1940
+1 970
fe=(78)
783 90
+18 45
+54 2

fn=(296)
71 1948
+3 1948
-3 23376
+3 7778
+13 1941
-13 1941
+13 1941
-13 1941
+13 5823
+3 4482
cfi=(33)
cfn=(98)
calls=150 +41 
* 8394
* 300
+4 1941
+1 3882
+2 3876
+19 3876
+1 15504
+2 14
+1 2
-41 1934
+84 11688
-18 6
+2 6
+1 3
-1 6
+1 9
-1 6
+4 2
+1 7
+2 3
-75 14
+39 5793
cfi=(33)
cfn=(98)
calls=1931 +13 
* 71409
* 3862
-44 28
+5 14

fl=(7)
fn=(490) lookup_malloc_symbol
61 8
+3 4
-3 16
+3 4
-3 4
+3 8
-1 4
+1 12
cfi=(78)
cfn=(290)
calls=4 756 
* 2673
+4 28
+1 28
+2 4
fi=(132) ./elf/./dl-sym-post.h
-30 8
+12 12
fe=(7)
+19 24

fn=(12) __rtld_malloc_init_stubs
43 2
+1 2
+1 2
+1 2
+1 1

fn=(144)
242 6
+2 2
+1 4
+4 47
+7 112
-2 56
+13 1
+4 4
-22 14
+11 14
-11 30

fn=(486) __rtld_malloc_init_real
76 1
+10 1
fi=(131) ./elf/../sysdeps/generic/dl-hash.h
-41 1
fe=(7)
+31 1
fi=(131)
-32 1
fe=(7)
+32 5
+11 1
-1 1
fi=(131)
-43 1
+5 3
+14 4
-17 3
+3 15
+14 20
-17 15
fe=(7)
+46 2
fi=(131)
-24 1
fe=(7)
+22 1
+2 2
fi=(131)
-19 1
fe=(7)
+19 1
cfn=(490)
calls=1 -30 
* 684
+1 3
-1 1
+1 1
cfn=(490)
calls=1 -31 
* 739
+1 3
-1 1
+1 1
cfn=(490)
calls=1 -32 
* 759
+1 3
-1 1
+1 1
cfn=(490)
calls=1 -33 
* 655
+5 1
+1 1
+1 1
+1 1
+1 7

fl=(25)
fn=(278) __tls_init_tp
66 1
fi=(355) ./elf/../include/list.h
-22 1
fe=(25)
+22 1
fi=(355)
-23 1
fe=(25)
+24 1
+3 1
fi=(355)
-27 1
+1 1
+1 1
+2 1
fe=(25)
+26 4
+1 2
+1 1
+5 2
+5 1
+6 1
-3 1
+3 1
-6 3
+6 1
+13 3
fi=(76) ./elf/../sysdeps/unix/sysv/linux/rseq-internal.h
-41 1
fe=(25)
+41 1
cfi=(11)
cfn=(28)
calls=1 408 
* 19
fi=(76)
-63 3
+9 4
+8 1
+1 1
+1 1
+1 1
+2 5
+2 2
+5 1
fe=(25)
+45 1
+7 1
-7 1
+7 1
+1 3

fn=(72) __tls_pre_init_tp
51 2
+3 8
+5 1
-5 1
+5 1
+1 1
-6 1
+8 1

fn=(92)
44 356

fl=(60) ./io/../sysdeps/unix/sysv/linux/fstatat64.c
fn=(202) fstatat
154 16
-55 32
+70 39
+1 7
-2 18
+1 18

fl=(66) ./io/../sysdeps/unix/sysv/linux/access.c
fn=(218) access
27 7
+4 1

fl=(130)
fn=(480)
95 14
+1 14
+1 7
+8 14
-2 7
+2 21
+1 179
+1 124
+2 21
+5 7

fl=(38)
fn=(134) copy_hwcaps
77 6
+6 2
-6 2
+6 2
-6 4
fi=(40) ./elf/./dl-hwcaps.h
-23 2
+2 4
+32 2
+1 2
+1 2
fe=(38)
-8 4
+1 4
-1 2
+1 8
cfi=(30)
cfn=(136)
calls=2 206 
* 24
+4 2
+2 2
+2 2
-3 2
+1 4
+1 4
+1 2
-11 4
cfi=(41) ./elf/./elf/dl-hwcaps_split.c
cfn=(120) _dl_hwcaps_split_masked
calls=2 -29 
* 131
* 4
cfi=(41)
cfn=(120)
calls=2 -29 
* 163
* 8
+13 12

fn=(112)
175 4
+1 1
-1 6
+1 1
-1 1
+1 1
-1 1
+1 1
-1 1
+1 1
cfi=(11)
cfn=(28)
calls=1 408 
* 20
* 1
+3 1
-1 1
+1 1
-1 1
+1 1
+9 2
-9 1
+8 1
cfi=(19)
cfn=(114)
calls=1 31 
* 48
fi=(40)
54 1
fe=(38)
188 2
-1 1
fi=(40)
56 1
+32 1
+1 1
+1 1
fe=(38)
-35 2
cfi=(41)
cfn=(120)
calls=1 -4 
* 20
* 2
fi=(40)
-1 1
+2 1
-2 1
+34 2
+1 2
+1 1
fe=(38)
-32 2
-1 2
+1 2
+1 2
-1 2
-3 4
cfi=(41)
cfn=(120)
calls=2 -4 
* 131
* 2
cfi=(41)
cfn=(120)
calls=1 -4 
* 143
* 6
+48 3
fi=(29)
-47 1
cfi=(28)
cfn=(82)
calls=1 -21 
* 24
fe=(38)
+49 2
-2 1
+2 1
fi=(40)
-51 1
fe=(38)
+57 2
-3 1
fi=(40)
-54 1
+2 4
+1 1
fe=(38)
+58 2
cfi=(41)
cfn=(122) _dl_hwcaps_split
calls=1 -90 
* 11
* 1
+2 1
-2 1
fi=(40)
-61 3
+2 1
-2 1
+34 2
+1 5
+1 1
fe=(38)
+40 10
+1 4
+1 2
+1 2
-1 2
-4 4
cfi=(41)
cfn=(120)
calls=2 -77 
* 131
* 2
cfi=(41)
cfn=(120)
calls=1 -77 
* 143
* 6
+8 5
+9 5
+3 8
-2 6
+14 1
+4 1
+1 2
+1 1
-20 2
+19 1
+1 1
-20 2
+8 2
+4 7
cfi=(43)
cfn=(128)
calls=1 -87 
* 18
+1 3
-14 9
+53 2
+1 4
+4 5
+1 1
-1 1
+1 2
+1 2
-2 5
+1 1
-1 1
+1 2
+1 2
-2 5
+5 1
+27 1
-5 1
+5 1
-7 1
+7 2
-7 5
+7 2
-5 1
+1 4
fi=(44) ./elf/../sysdeps/x86/dl-hwcap.h
57 6
fe=(38)
236 3
-3 1
+1 1
cfi=(23)
cfn=(66)
calls=1 101 
* 16
+1 1
-1 1
+1 2
-5 6
+8 3
+2 1
+2 3
-2 1
+1 2
+4 5
+1 1
+3 3
+5 2
-1 2
+4 2
+1 2
+16 2
+7 2
-7 2
+7 1
-7 5
+7 2
fi=(29)
56 1
cfi=(28)
cfn=(82)
calls=1 -21 
* 24
* 1
fe=(38)
282 2
+7 1
+1 1
+1 4
-1 5
+1 1
cfn=(134)
calls=1 77 
* 44
+1 5
cfn=(134)
calls=1 77 
* 366
+11 1
-8 1
+1 1
+7 2
+2 1
-2 1
+34 1
-10 1
+10 4
-7 2
+7 2
+10 4
-1 1
+1 2
-1 2
+1 1
-90 2
+86 1
+4 3
-4 4
-3 1
+3 1
cfi=(30)
cfn=(136)
calls=1 206 
* 17
* 2
-3 1
+3 1
cfi=(30)
cfn=(136)
calls=1 206 
* 17
* 2
+3 2
-3 6
+3 5
+1 12
+1 2
-2 1
+2 1
cfi=(30)
cfn=(136)
calls=1 206 
* 14
* 2
-2 2
+5 6
cfi=(30)
cfn=(136)
calls=2 206 
* 28
* 4
+2 16
+6 1
-1 3
+1 7
-1 22
+5 7
+3 2
-3 2
+3 2
-3 4
+3 4
-3 4
+3 4
+1 36
+1 12
-1 12
+1 24
-2 12
+1 24
-1 42
260 1
+1 1
-1 2
+2 1
-1 1
+1 3
-1 2
+2 2
+7 4
370 9
+3 1
+2 2
-1 1
+1 1
-2 2
+2 2
-1 1
-1 2
+5 2
+3 2
-6 2
+2 6
+3 1
+1 2
-6 2
+6 3
+7 7
+1 1
-1 2
+3 2
-3 3
+1 3
-1 6
+3 6
+3 3
-21 1
-59 2
+86 9
254 2

fl=(67)
fn=(220) _dl_map_object_deps
143 4
+1 2
-1 2
+1 1
-1 1
+1 1
-1 1
+1 1
-1 5
+1 1
-8 1
+8 2
-8 1
-6 1
+6 1
-8 1
+16 1
-15 1
+1 1
+6 1
+24 4
-28 2
-2 1
+31 1
-33 2
+2 2
+30 2
-30 1
-1 4
+7 4
+24 2
-32 1
+60 1
-60 2
+54 1
+46 1
-64 1
fi=(74) ./elf/../include/scratch_buffer.h
-87 2
fe=(67)
+87 1
fi=(74)
-86 1
fe=(67)
184 1
+44 4
-31 1
-4 1
+4 8
-4 6
+4 12
+11 18
-18 2
+18 4
417 14
+2 5
+3 5
-3 15
+3 10
fi=(29)
56 5
cfi=(28)
cfn=(82)
calls=5 -21 
* 120
fe=(67)
423 15
fi=(29)
56 5
fe=(67)
423 5
+6 5
+1 25
cfi=(30)
cfn=(86)
calls=5 219 
* 58
+1 30
cfi=(30)
cfn=(86)
calls=5 219 
* 58
+4 5
-1 5
+5 21
188 12
+22 20
+8 5
-3 5
+1 5
+2 5
+3 5
-4 5
+4 15
-31 5
+31 5
-31 30
+42 24
-2 12
+2 24
cfi=(53)
cfn=(178)
calls=12 -57 
* 26974
* 12
+1 24
+9 12
+2 24
+5 5
+6 5
+2 5
-8 10
+3 5
+1 5
+1 5
+1 5
+4 25
+4 36
+1 24
-43 560
+1 280
+6 48
cfi=(31)
cfn=(148)
calls=12 +10 
* 552
* 60
+38 384
-45 25
fi=(74)
85 3
fe=(67)
448 5
+4 4
+11 5
fi=(29)
56 1
cfi=(28)
cfn=(82)
calls=1 -21 
* 24
fe=(67)
465 3
fi=(29)
56 1
fe=(67)
465 1
+5 1
+2 1
-2 1
+1 1
+3 1
-4 2
+4 1
+4 21
+7 7
-2 7
+2 7
-2 7
+2 7
+5 7
-16 21
+21 3
+37 2
+15 1
-11 1
+11 1
-14 2
+20 1
-1 4
+1 4
-1 5
cfi=(13) ./elf/./elf/dl-sort-maps.c
cfn=(252) _dl_sort_maps
calls=1 304 
* 463
+5 1
+2 1
+1 1
+1 1
-2 1
+2 2
+7 3
+3 2
+3 8
442 18
-1 7
+1 14
183 6
449 2
198 53
+3 5
fi=(74)
-70 15
cfi=(73)
cfn=(248)
calls=5 30 
* 95
fe=(67)
+70 10
+4 10
547 4
cfi=(30)
cfn=(86)
calls=1 219 
* 18
* 3

fn=(222)
61 24
+7 12
-4 24
+1 12
-1 96
cfi=(31)
cfn=(184)
calls=12 1971 
* 26170
* 12
+5 24

fl=(1) ???
fn=(0) 0x000000000001ab70
0 2
cfi=(2)
cfn=(2) _dl_start
calls=1 520 
0 1737101
0 10
cfi=(144) ./elf/./elf/dl-init.c
cfn=(538) _dl_init
calls=1 81 
0 7353
0 3
cob=(8)
cfi=(161)
cfn=(1062) (below main)
calls=1 0 
0 7472249189

fl=(144)
fn=(540) call_init
29 16
-2 64
+8 32
+2 16
+6 7
+3 7
-3 14
+3 14
+5 12
+8 18
+1 24
cob=(2)
cfi=(52)
cfn=(848) 0x00000000048de000
calls=1 -60 
* 6
cob=(2)
cfi=(52)
cfn=(838) 0x0000000004a6f000
calls=1 -60 
* 6
cob=(2)
cfi=(52)
cfn=(562) 0x0000000004b42000
calls=1 -60 
* 6
cob=(2)
cfi=(52)
cfn=(542) 0x0000000004838000
calls=1 -60 
* 6
+3 6
+1 12
+6 10
+2 10
-2 5
+3 45
+1 60
cob=(7)
cfi=(152)
cfn=(1054) 0x00000000000a5d40
calls=1 -74 
* 241
cob=(7)
cfi=(152)
cfn=(1028) 0x00000000000a5c80
calls=1 -74 
* 50
cob=(7)
cfi=(152)
cfn=(1002) 0x00000000000a5bc0
calls=1 -74 
* 50
cob=(7)
cfi=(152)
cfn=(984) 0x00000000000a5b40
calls=1 -74 
* 34
cob=(7)
cfi=(152)
cfn=(966) 0x00000000000a5ac0
calls=1 -74 
* 34
cob=(7)
cfi=(152)
cfn=(964) 0x00000000000a5aa0
calls=1 -74 
* 80
cob=(7)
cfi=(152)
cfn=(960) 0x00000000000a5a60
calls=1 -74 
* 162
cob=(7)
cfi=(152)
cfn=(958) 0x00000000000a5a40
calls=1 -74 
* 80
cob=(7)
cfi=(152)
cfn=(956) 0x00000000000a58e0
calls=1 -74 
* 44
cob=(7)
cfi=(152)
cfn=(930) 0x00000000000a57f0
calls=1 -74 
* 78
cob=(7)
cfi=(152)
cfn=(894) 0x00000000000a5780
calls=1 -74 
* 2595
cob=(7)
cfi=(152)
cfn=(884) 0x00000000000a5760
calls=1 -74 
* 714
cob=(7)
cfi=(152)
cfn=(858) 0x00000000000a56d0
calls=1 -74 
* 1781
cob=(6)
cfi=(150)
cfn=(832) 0x00000000000046a0
calls=1 -74 
* 12
cob=(3)
cfi=(149) ./libio/./libio/vtables.c
cfn=(560) check_stdfiles_vtables
calls=1 +10 
* 11
* 20
cob=(7)
cfi=(152)
cfn=(852) 0x00000000000a5e40
calls=1 -74 
* 12
cob=(4)
cfi=(151)
cfn=(842) 0x00000000000102f0
calls=1 -74 
* 12
cob=(6)
cfi=(150)
cfn=(566) __cpu_indicator_init
calls=1 -74 
* 656
cob=(3)
cfi=(146) ./csu/./csu/init-first.c
cfn=(552) _init_first
calls=1 -28 
* 71
cob=(5)
cfi=(145)
cfn=(546) 0x0000000000001100
calls=1 -74 
* 12
-1 60
+3 48
-29 2

fn=(538)
81 11
+1 1
+1 1
+3 3
+8 2
+25 1
+1 5
+1 5
-1 1
+1 1
cfn=(540)
calls=1 -92 
* 36
* 30
-1 6
+1 6
cfn=(540)
calls=6 -92 
* 7141
-1 14
+7 8
-39 1
cfn=(540)
calls=1 -59 
* 78
+1 2

fl=(41)
fn=(126) _dl_hwcaps_contains
67 12
+1 6
+9 6

fn=(120)
51 33
+3 22
cfn=(122)
calls=11 -29 
* 463
* 6
cfn=(122)
calls=3 -29 
* 174
* 28
+2 9
+1 27
+1 42
cfn=(126)
calls=6 +9 
* 24
* 12
+4 22

fn=(122)
25 45
+1 45
+4 36
+4 48
+1 12
-1 24
+2 24
+5 27
cfi=(42)
cfn=(124)
calls=9 -8 
* 207
+4 18
-3 18
+1 6
+3 6
+1 42
-20 6
+20 18
-4 6
cfi=(23)
cfn=(66)
calls=3 +58 
* 48
* 3
+3 3
-3 6

fl=(72)
fn=(246)
25 2
+1 8
+1 2

fl=(28)
fn=(154)
97 12

fn=(82)
35 168
+1 126
+11 123
+3 41
-3 41
+3 82
-3 2
+3 1
-3 1
+3 158
+18 42
+1 42
+2 168
-16 12
+1 6
+2 3
+1 21
cfi=(61)
cfn=(204)
calls=3 -12 
* 24
* 3
+2 6
+2 6
+2 2
+4 2
-4 4
-23 1
-1 1
+1 1
+1 2
-2 2
+27 1
-3 2
+4 2

fn=(78)
82 17
-4 68
+7 17
+1 51
fi=(29)
-30 17
cfi=(28)
cfn=(82)
calls=17 -21 
* 468
fe=(28)

fl=(345) ./elf/./elf/dl-fini.c
fn=(4144) _dl_fini
26 4
+17 1
-17 6
+20 13
+3 2
cob=(3)
cfi=(346) ./nptl/./nptl/pthread_mutex_lock.c
cfn=(4146) pthread_mutex_lock@@GLIBC_2.2.5
calls=1 +31 
* 39
+2 1
+3 2
+2 5
+7 3
+10 1
-12 1
+2 1
cfi=(50)
cfn=(530) _dl_audit_activity_nsid
calls=1 -18 
* 8
+5 6
+5 1
-5 1
+5 2
+2 14
+2 14
+2 14
+1 7
+1 7
+4 7
-12 21
+14 6
+1 4
+6 6
cfi=(13)
cfn=(252)
calls=1 304 
* 530
+9 2
cob=(3)
cfi=(347) ./nptl/./nptl/pthread_mutex_unlock.c
cfn=(4148) pthread_mutex_unlock@@GLIBC_2.2.5
calls=1 368 
* 35
+5 13
+14 7
-14 14
+2 7
+2 14
+2 28
cfi=(348)
cfn=(4152)
calls=7 -90 
* 1933
+3 14
cfi=(50)
cfn=(4178) _dl_audit_objclose
calls=7 -19 
* 28
* 21
+9 3
cfi=(50)
cfn=(530)
calls=1 -81 
* 8
* 2
+6 4
+2 1
-2 2
+6 2
+7 8

fl=(47)
fn=(156) _dl_debug_initialize
56 1
+3 2
+4 1
+22 1
+10 1
-32 2
+1 1
+21 2
+5 2
+1 1
+4 1
-4 1
-1 1
+2 1
+3 1
+4 2
+8 2
-50 3
+39 6

fn=(196)
41 6
-1 12
+4 12
+4 6

fn=(162) _dl_debug_state
117 2

fl=(65)
fn=(214)
26 24
+1 6

fl=(141) ./elf/../sysdeps/x86_64/dl-trampoline.h
fn=(520) _dl_runtime_resolve_xsave
76 164
+3 164
+2 164
+10 164
+6 164
+1 164
+1 164
+1 164
+1 164
+1 164
+1 164
+4 164
+1 164
+3 164
+1 164
+2 164
+1 164
+1 164
+1 164
+1 164
+1 164
+2 164
+7 164
+1 164
+1 164
cfi=(142)
cfn=(522)
calls=164 -84 
* 133951
+1 164
+5 164
+1 164
+1 164
+2 164
+1 164
+1 164
+1 164
+1 164
+1 164
+1 164
+2 164
+2 164
+4 164
+2 164

fl=(135) ./elf/./elf/dl-call-libc-early-init.c
fn=(502) _dl_call_libc_early_init
29 2
-2 1
+6 3
-6 1
+6 3
-6 1
+6 1
cfi=(134)
cfn=(496)
calls=1 +41 
* 230
+4 2
+2 4
+2 1
-1 1
+1 2
-1 1
cob=(3)
cfi=(136) ./elf/./elf/libc_early_init.c
cfn=(504) __libc_early_init
calls=1 -7 
* 1209

fl=(2)
fn=(182)
644 1
+2 1
-2 1
+2 1
+1 2
-1 2
+1 3
cfi=(31)
cfn=(184)
calls=1 1971 
* 2324
* 1
+2 2

fn=(258)
677 2
+2 4
cfi=(75)
cfn=(260)
calls=1 392 
* 25227
* 2
+4 2

fn=(70) dl_main
1413 1
196 1
1413 4
2609 1
1413 7
198 1
301 1
+1 1
196 1
+99 3
1424 1
cfi=(25)
cfn=(72)
calls=1 51 
* 16
2588 2
+6 5
-4 1
+4 1
+2 5
cfi=(26)
cfn=(74)
calls=1 29 
* 58
* 4
cfi=(26)
cfn=(74)
calls=2 29 
* 166
* 9
+4 6
-2 2
+2 6
+1 2
-1 6
+1 17
-1 89
+9 12
2727 4
+25 2
1440 1
+1 2
-1 2
+1 2
2685 3
+1 3
-56 2
+7 2
1710 8
cfi=(27)
cfn=(76)
calls=1 59 
* 284
* 1
+2 2
+1 1
+1 1
+5 1
-5 1
+1 1
-2 2
+2 2
+4 1
cfi=(27)
cfn=(90)
calls=1 31 
* 34
+1 2
1418 1
1124 1
-1 1
+29 1
-23 1
+2 1
+21 2
-19 1
+1 1
-5 1
+2 1
+21 2
+57 1
-83 1
+23 1
+4 1
+19 1
+37 4
-57 2
+1 126
1258 4
+2 1
1152 18
-26 3
1265 24
+6 4
cfi=(31)
cfn=(94)
calls=1 876 
* 19
-7 28
+1 14
+6 14
-6 28
fi=(32)
212 4
+1 2
95 8
+10 2
212 1
105 2
-3 1
+3 1
-2 1
+2 2
-4 1
-1 2
+93 4
-1 1
-87 3
+3 3
+1 2
+1 2
+4 3
+4 3
+3 3
+1 2
+4 1
+1 5
+4 2
+1 1
+3 2
+3 1
+1 4
+5 4
+7 2
+16 1
-3 2
+6 4
fe=(2)
1232 3
+7 1
-1 2
+6 1
-6 2
-81 1
+87 3
-92 2
+93 1
+1 1
-1 1
+4 2
-97 2
+5 1
-5 1
+5 2
-5 2
+30 1
-9 2
+2 1
-3 1
+10 2
+18 2
-38 2
-10 1
+10 1
+1 9
-11 2
+57 4
-1 4
+1 8
-1 4
+2 8
+1 1
+2 12
+1 14
+4 8
+1 8
+1 4
+1 10
+1 1
+4 1
-74 1
+74 2
-74 2
+74 3
-74 3
+74 6
-74 6
1254 1
1152 1
1254 1
1152 3
1277 4
+2 3
+1 3
+2 3
+2 2
1745 3
+2 1
-1 1
+1 2
+1 2
-2 1
+2 1
-2 2
cfi=(33)
cfn=(98)
calls=1 131 
* 24
* 2
+7 1
+3 1
-5 1
+3 1
+2 1
+1 2
+4 2
+2 2
fi=(3) ./elf/./get-dynamic-info.h
39 4
+4 1
+2 3
+9 1
+5 1
-1 1
-3 17
+13 5
-23 20
+23 23
-23 92
+4 56
+5 24
+2 5
+16 4
+43 2
+7 3
+1 4
+6 3
+18 4
+15 4
+2 3
+1 2
+9 2
+6 2
+4 3
fe=(2)
1771 4
+7 2
cfi=(8)
cfn=(14)
calls=1 28 
* 26
+3 2
fi=(34) ./elf/./setup-vdso.h
24 2
fi=(37) ./elf/./dl-main.h
+88 2
fi=(36) ./elf/../sysdeps/unix/sysv/linux/dl-vdso-setup.h
-67 1
fi=(37)
+67 3
cfi=(31)
cfn=(110)
calls=1 706 
* 3092
fe=(2)
1806 3
cfi=(47)
cfn=(156)
calls=1 56 
* 32
+7 1
-7 1
+2 1
+5 1
+4 1
+1 1
+2 1
-3 3
+1 2
+3 1
1309 1
1819 1
1309 1
+1 2
+5 1
+3 1
-6 2
+13 1
-7 1
-4 1
+11 1
-10 1
+10 1
-7 1
+7 3
+4 1
-4 1
-1 1
+5 4
-3 5
-1 10
+2 18
+2 4
+1 8
-1 8
+2 8
+5 4
-10 4
+10 8
-11 11
+19 5
-1 2
223 1
+1 1
-1 1
+1 3
-1 2
+2 2
1835 2
+5 1
-1 1
+1 1
+24 1
cfi=(48)
cfn=(158)
calls=1 225 
* 5
* 1
fi=(49) ./elf/../sysdeps/generic/dl-debug.h
29 4
+1 2
fe=(2)
1870 2
+1 1
cfi=(47)
cfn=(162)
calls=1 117 
* 1
+5 3
cfi=(50)
cfn=(164) _dl_audit_activity_map
calls=1 29 
* 19
+5 2
+2 1
+2 2
+9 2
+16 4
cfi=(66)
cfn=(218)
calls=1 27 
* 8
* 2
+76 3
+16 3
84 1
2012 1
84 2
2012 1
84 1
2012 5
84 1
2012 2
cfi=(67)
cfn=(220)
calls=1 143 
* 30697
91 1
+9 1
2018 1
91 2
+9 2
2018 2
+1 6
-1 4
+1 12
-1 24
+4 3
+1 2
+1 1
+2 26
+1 12
+46 1
-42 2
+8 3
+1 2
+2 1
+2 3
+2 1
-4 1
+5 1
-1 2
+14 2
+1 2
+1 3
-25 1
+36 2
+2 2
-2 2
+1 2
+1 1
-1 2
+1 1
cfi=(53)
cfn=(256)
calls=1 238 
* 25253
+10 1
+1 1
-1 1
+1 1
+3 2
845 1
fi=(356) ./elf/../sysdeps/unix/sysv/linux/dl-osinfo.h
39 2
fe=(2)
847 1
fi=(356)
52 1
fe=(2)
856 1
+7 1
-5 1
2094 3
2293 2
+4 1
-4 1
+10 1
-6 1
+6 1
-6 1
+9 2
+8 2
fi=(32)
36 2
+1 3
+3 3
+13 9
-13 6
+9 12
-9 1
+9 28
+4 30
-16 21
fe=(2)
2325 3
+3 1
84 5
2334 19
+2 14
+5 14
+2 14
+6 7
+2 14
+1 48
cfi=(77) ./elf/./elf/dl-reloc.c
cfn=(282) _dl_relocate_object
calls=6 207 
* 1637332
+4 20
+1 6
-23 3
+23 3
cfi=(48)
cfn=(412)
calls=3 1105 
* 81
-23 7
91 3
+1 1
2366 1
92 1
2366 1
+4 4
+2 1
+7 4
cfi=(48)
cfn=(476)
calls=1 564 
* 287
+3 2
-37 1
+1 1
-3 2
+49 3
+2 2
+33 3
cfi=(135)
cfn=(502)
calls=1 29 
* 1462
+7 1
cfi=(9) ./elf/../sysdeps/unix/sysv/linux/dl-sysdep.c
cfn=(528) _dl_sysdep_start_cleanup
calls=1 148 
* 1
+4 3
cfi=(50)
cfn=(530)
calls=1 45 
* 8
+5 2
cfi=(47)
cfn=(196)
calls=1 41 
* 6
+1 1
+1 1
cfi=(47)
cfn=(162)
calls=1 117 
* 1
+5 1
cfi=(69)
cfn=(532)
calls=1 536 
* 16
+5 8
225 3
1346 2
1826 1
1346 2
1826 1
fi=(32)
198 9
+2 1
+1 1
+1 1
-2 1
+3 1
-3 2
+3 1
fi=(3)
59 4
+3 4
+2 4
fi=(35) ./elf/../sysdeps/unix/sysv/linux/dl-vdso.h
-24 2
+1 4
fi=(36)
-11 1
+3 1
+3 1
+3 1
fi=(35)
+16 2
fi=(3)
+17 3
+12 3
+1 5
+1 5
+1 5
+1 4
+1 5
+1 5
+1 5
+12 2
+7 1
-7 7
+7 2
fe=(2)
2686 2
+2 1
+1 1
-1 1
+1 1
+1 1
1816 4
2404 1
cfi=(129)
cfn=(478)
calls=1 582 
* 1037
+5 3
cfi=(7)
cfn=(486)
calls=1 76 
* 2944
+3 1
cfi=(133)
cfn=(494)
calls=1 30 
* 456
84 1
2418 1
+1 3
84 3
2419 2
cfi=(77)
cfn=(282)
calls=1 207 
* 3970
91 3
+9 3
2087 2
cfn=(266) init_tls
calls=1 737 
* 908
* 2
2637 2
+2 2
+1 1
1990 1
+1 1
-1 6
+4 3
+1 1
+1 2
+1 2
-7 2
84 1
1889 2
84 3
1889 2
cfn=(166) handle_preload_list
calls=1 877 
* 2762
* 1
91 3
+9 3

fn=(170) do_preload
812 1
+12 1
-12 5
+10 1
-4 1
+6 2
-5 1
+5 2
-10 1
+6 1
+4 1
cfi=(53)
cfn=(174)
calls=1 225 
* 2411
* 1
+1 3
+8 3
+6 5

fn=(166)
877 7
+5 1
-5 1
+5 4
-4 1
+10 2
+7 1
182 1
897 2
182 2
899 2
+1 4
cfn=(170)
calls=1 -88 
* 2440
* 1
-18 2
+3 3
cfi=(51)
cfn=(168)
calls=1 32 
* 251
* 1
+1 3
+2 4
cfi=(30)
cfn=(86)
calls=1 219 
* 18
+1 2
+14 9

fn=(266)
737 3
+2 1
+4 1
-4 1
+4 2
+11 1
fi=(29)
44 1
fe=(2)
749 1
+4 1
fi=(29)
44 1
cfi=(28)
cfn=(78)
calls=1 +38 
* 34
fe=(2)
764 1
-12 1
+6 1
-9 1
+11 1
+4 1
+2 3
-1 2
+3 14
+4 3
+2 3
-2 6
-5 3
-1 6
+1 4
-1 8
+10 3
+3 2
cfi=(48)
cfn=(268)
calls=1 122 
* 76
+3 1
cfi=(48)
cfn=(270)
calls=1 247 
* 141
+7 1
cfi=(48)
cfn=(272)
calls=1 448 
* 439
* 1
+1 2
+4 1
cfi=(48)
cfn=(276)
calls=1 1088 
* 42
+4 1
+3 2
-3 1
+3 6
+3 1
cfi=(25)
cfn=(278)
calls=1 66 
* 77
+1 1
+3 5

fn=(2)
520 15
84 1
550 1
84 1
546 1
84 1
549 1
84 1
fi=(3)
-39 1
fe=(2)
549 1
fi=(3)
45 2
+23 1
-14 1
+5 1
-1 1
-3 11
+13 3
-23 12
+23 17
-23 68
+4 40
+5 16
+2 5
+3 4
fi=(4)
+22 1
fi=(3)
+29 1
-38 3
+12 4
+1 4
+1 4
+1 4
+1 5
+1 4
+1 4
+1 4
+12 7
+7 2
+5 2
+7 1
+1 3
+6 3
+1 3
+3 2
+1 3
+5 3
+3 3
fi=(5)
-70 1
fe=(2)
566 90
fi=(4)
81 1
fe=(2)
566 3
fi=(4)
81 2
fe=(2)
566 40
fi=(5)
273 3
fi=(6) ./elf/./elf/do-rel.h
49 1
fe=(2)
566 1
fi=(6)
50 1
-1 2
+4 1
-3 1
+3 4
+3 2
-7 1
fe=(2)
566 1
fi=(6)
50 1
-1 2
+4 1
-3 1
+3 4
+3 2
+7 5
+2 5
-2 10
fi=(5)
264 5
fi=(6)
64 10
fi=(5)
264 10
+9 40
+3 10
+1 10
+26 15
+4 4
fi=(6)
61 19
fe=(2)
566 6
fi=(6)
51 1
fi=(4)
+30 2
fi=(3)
-19 4
+2 4
fe=(2)
568 1
+13 1
cfi=(7)
cfn=(12)
calls=1 43 
* 9
460 2
84 1
478 2
84 3
478 1
cfi=(8)
cfn=(14)
calls=1 28 
* 26
+2 1
+17 1
-15 1
+15 1
-18 1
+3 1
+9 1
-11 1
+17 1
cfi=(9)
cfn=(16) _dl_sysdep_start
calls=1 102 
* 1736426
* 1
+2 2
+89 9
-22 3
fi=(3)
103 3
fe=(2)

fl=(344) ./elf/../sysdeps/x86_64/tls_get_addr.S
fn=(4128) __tls_get_addr
30 2
+1 2
+2 2
+1 2
+1 2
+3 2
+1 2
+4 2
+1 2
+1 2
+1 2

fl=(17)
fn=(38)
399 1
+16 1
-16 6
+3 1
+1 1
+1 1
+11 2
+3 6
687 3
+1 1
+3 2
+1 1
+6 1
+1 1
+1 1
+1 2
fi=(20) ./elf/../sysdeps/x86/dl-cacheinfo.h
+1 1
+2 1
+14 2
846 1
+1 1
-4 1
+39 1
-38 1
+2 1
+2 1
-1 1
+2 1
+34 1
-35 1
+2 1
+33 1
+22 1
-56 1
+2 1
-6 1
+61 1
-56 1
+1 1
+1 1
+1 1
+1 1
+51 1
+26 2
+8 2
-8 1
+8 4
cfi=(11)
cfn=(28)
calls=1 408 
* 20
* 1
+5 2
-3 2
+3 2
cfi=(11)
cfn=(28)
calls=1 408 
* 20
* 1
+2 1
+3 2
-3 2
+3 2
cfi=(11)
cfn=(28)
calls=1 408 
* 20
* 1
+1 5
-56 7
+72 1
-12 6
cfi=(11)
cfn=(28)
calls=1 408 
* 20
+1 2
-1 1
+1 3
+14 2
-8 5
+3 3
-3 1
cfi=(11)
cfn=(28)
calls=1 408 
* 20
+3 4
-3 1
+3 4
cfi=(11)
cfn=(58)
calls=1 158 
* 45
+1 8
cfi=(11)
cfn=(58)
calls=1 158 
* 45
+1 10
cfi=(11)
cfn=(58)
calls=1 158 
* 45
+3 10
cfi=(11)
cfn=(58)
calls=1 158 
* 45
+2 8
cfi=(11)
cfn=(58)
calls=1 158 
* 45
+10 2
fe=(17)
706 1
fi=(20)
981 1
+9 1
fe=(17)
706 1
fi=(20)
987 1
-6 1
+8 1
-1 1
+4 1
fe=(17)
706 1
fi=(20)
990 1
+1 1
fe=(17)
706 1
cfi=(11)
cfn=(28)
calls=1 408 
* 18
+4 3
+14 1
-1 2
+1 3
+47 1
-1 1
+1 1
874 8
fi=(20)
+39 11
fe=(17)
775 3
+27 1
+72 1
-82 2
+1 3
+2 3
+1 2
+2 1
+1 1
-1 3
fi=(20)
-78 2
cfn=(50) handle_intel.constprop.0
calls=1 255 
* 447
+1 1
-1 1
+1 1
cfn=(50)
calls=1 255 
* 491
+1 1
-1 1
+1 1
cfn=(50)
calls=1 255 
* 518
+4 1
-4 2
+1 1
+3 1
cfn=(50)
calls=1 255 
* 466
+2 1
-2 1
+2 1
cfn=(50)
calls=1 255 
* 458
+3 1
-2 1
-1 1
+3 1
cfn=(50)
calls=1 255 
* 438
+2 1
-2 1
+2 1
cfn=(50)
calls=1 255 
* 439
+3 1
-2 2
-1 1
+3 1
cfn=(50)
calls=1 255 
* 482
+2 1
-2 1
+2 1
cfn=(50)
calls=1 255 
* 483
+3 1
-2 1
-1 1
+3 1
cfn=(50)
calls=1 255 
* 509
+2 1
-2 1
+2 1
cfn=(50)
calls=1 255 
* 510
+2 1
-2 1
+2 1
cfn=(50)
calls=1 255 
* 511
+2 4
-2 1
+2 1
cfn=(56) get_common_cache_info.constprop.0
calls=1 476 
* 229
874 1
-6 3
+6 1
-6 1
+6 3
-1 1
-5 6
fe=(17)
424 6
cfn=(40) get_common_indices.constprop.0
calls=1 -99 
* 71
303 3
+1 2
+1 6
+5 2
429 1
cfn=(44) update_active.constprop.0
calls=1 43 
* 187
+2 1
+2 1
701 1
431 2
564 2
+7 2
+2 1
+4 2
+6 2
+2 1
422 2
-3 1
311 6
+5 2
+1 7
433 4
+1 4
+69 1
+10 9
+42 1
+1 1
434 11
+55 3

fn=(40)
325 1
+4 4
+3 3
+5 2
-5 1
+5 1
-5 1
+4 1
+1 1
+1 4
+1 4
+1 3
+1 2
+7 2
+2 5
+5 1
-5 1
+5 1
-5 1
+5 1
-5 2
+5 1
+7 1
-7 4
+7 1
+1 3
+6 1
-6 4
+6 1
fi=(18) ./elf/../sysdeps/unix/sysv/linux/x86/dl-minsigstacksize.h
24 2
+3 2
+1 2
+37 3
+7 1
+2 1
fe=(17)
384 2

fn=(44)
43 7
+4 1
+28 1
+9 1
-27 1
-1 1
-1 1
+25 1
-4 1
-20 1
+20 1
-11 1
+22 1
-32 2
+25 1
-14 1
-10 1
+20 1
+7 1
-18 1
+15 1
+8 1
-14 1
+27 1
-36 1
+18 1
+4 1
-4 1
+5 1
+4 1
+1 1
-19 1
+13 1
+5 2
-27 1
+28 2
+1 1
+7 1
-27 1
+6 1
+14 1
-11 1
+18 1
-7 1
-7 1
+5 1
+3 1
+2 1
-2 1
+3 1
-1 2
+1 2
+3 2
-4 1
+4 1
+8 2
+4 2
+2 4
+96 1
-1 2
+4 3
+4 1
-4 1
+4 1
+67 3
+4 3
fi=(19)
31 1
-3 1
+3 1
-1 2
fe=(17)
296 1
+1 8
-75 3
+1 2
+3 1
-1 1
+9 1
-5 1
+2 1
-2 1
+5 1
fi=(19)
32 3
+4 3
fe=(17)
+83 2
+2 1
+3 2
+10 1
+10 2
-10 1
+10 1
-10 2
+6 4
+2 4
+7 4
+49 1
+12 1
-12 2
fi=(19)
39 3
+1 4
+5 1
-7 1
+7 3
+2 1
+1 2
+3 5
+2 4
+1 2
+1 2
+6 1
-4 1
+4 1
-3 2
fe=(17)
+73 1
-5 2
+4 1

fl=(42)
fn=(124)
33 28
+1 28
+1 28
+1 28
+1 28
+1 28
+1 28
+1 28
+1 28
+1 28
+1 28
+1 28
+1 28
+1 28
+1 28
+1 28
+1 28
+1 24
+4 24
+1 24
+1 24
+1 24
+2 24
+4 4
+1 4
+1 4
+1 4
+1 4
+1 4
+1 4
+1 4
+1 4
+1 4
+1 4
+1 4
+1 4
+1 4
+1 4
+1 4
+1 4
+1 4
+1 4
+1 4
+1 4
+1 4
+1 4
+1 4
+52 4
+4 4
+1 4
+1 4
+1 4
+2 4

fl=(8)
fn=(14)
28 7
-3 7
+3 14
+3 21
+1 14
+2 7
-1 7
+3 21
+1 7
+1 14
+7 7
-5 7
-2 7
+3 14
+2 7
+2 14
+5 7

fl=(55)
fn=(232)
36 1
+3 1
-3 5
+3 1
-3 2
+3 1
cfi=(56)
cfn=(190)
calls=1 -8 
* 16
+1 2
+23 7
-21 4
cfi=(59)
cfn=(200)
calls=1 -13 
* 13
* 2
+2 2
+3 2
+13 2
cfi=(65)
cfn=(214)
calls=1 -34 
* 5
* 1
-11 6
cfi=(61)
cfn=(204)
calls=1 -2 
* 8
* 2

fn=(474)
125 2
-1 2
+3 2
+2 80
+1 30
-1 7
-2 24
+18 2
+1 2
-15 6

fn=(186)
68 620
+1 248
cfi=(33)
cfn=(98)
calls=124 +62 
* 4256
* 248
+3 124
+2 248
+6 120
-6 240
+1 420
cfi=(33)
cfn=(98)
calls=140 +56 
* 5596
* 280
+8 20
-13 20
+13 164
-1 104
+1 312

fl=(46)
fn=(150)
40 24
+1 6
cfi=(23)
cfn=(66)
calls=6 +60 
* 186
* 6
fi=(357) ./string/../include/rtld-malloc.h
+15 12
cfi=(28)
cfn=(82)
calls=6 -21 
* 144
fe=(46)
-12 12
+4 6
-1 18
+1 12
-1 6
cfi=(30)
cfn=(86)
calls=6 219 
* 84

fl=(59)
fn=(200)
29 6
+1 12
+5 18
cfi=(60)
cfn=(202)
calls=6 154 
* 42

fl=(13)
fn=(26) _dl_sort_maps_init
295 1
+1 4
cfi=(11)
cfn=(28)
calls=1 408 
* 19
+2 3
-1 1
+2 2

fn=(252)
304 22
+8 2
-8 2
+8 4
+4 16
216 2
-28 2
-2 2
+1 4
+29 2
-28 8
+1 2
-1 2
+1 2
-1 4
+1 12
-1 12
+1 12
-1 24
+28 2
+8 2
-1 2
+1 2
-8 10
+8 4
-8 2
+8 2
-3 4
+5 38
+2 14
-83 70
cfn=(254) dfs_traversal.part.0
calls=14 -5 
* 599
+86 42
+18 8
+13 2
+54 2
-47 8
cfi=(30)
cfn=(86)
calls=2 -50 
* 36
+13 8

fn=(254)
140 112
+10 14
-2 14
+2 28
+2 44
-7 66
+7 132
+9 28
+15 42
+1 14
+1 84
-17 21

fl=(20)
fn=(50)
255 24
-5 12
+17 24
-17 72
+11 12
+1 12
+5 36
+4 24
+34 96
-29 12
+3 24
-3 12
+3 36
cfn=(52) intel_check_word.constprop.0
calls=12 123 
* 4032
+2 24
+3 60
cfn=(52)
calls=12 123 
* 1216
+2 24

fn=(56)
476 2
+16 1
-16 1
+19 1
+8 1
-27 3
+15 1
-15 3
+17 1
+1 1
-1 1
+13 2
-5 1
+17 1
+5 3
+4 2
675 4
+1 5
+4 2
+7 1
+3 1
-2 1
+2 1
-1 1
+1 5
532 5
+3 1
-3 1
+3 8
+6 2
-6 9
+6 6
+4 26
+14 2
+4 1
+3 1
+1 1
-4 2
+3 3
+6 2
-37 6
+7 8
+8 2
+4 1
+1 1
-1 2
+18 2
-69 8
+75 4
+8 7
+2 2
-2 1
+6 3
+3 1
+1 5
-4 3
+21 2
-21 4
+3 1
+1 4
-4 1
+6 4
+3 2
+5 1
+2 2
+1 1
+1 1
-2 2
+1 2
-19 5
+46 3
+1 2
+1 2
+2 2
-1 3
-23 2
-7 1
+11 2
+3 1
+2 4
+1 1
+5 2

fn=(52)
123 72
-4 72
+10 96
-10 24
+10 48
+2 48
+71 48
fi=(21) ./elf/../bits/stdlib-bsearch.h
32 24
fe=(20)
202 120
-71 96
+2 60
+2 120
+8 120
+51 96
+22 48
fi=(21)
28 48
-1 96
+2 216
+2 168
+1 84
fe=(20)
+78 168
+3 324
fi=(21)
-82 264
-2 528
+2 480
+1 240
fe=(20)
+78 480
+15 12
246 96
fi=(21)
37 120
fe=(20)
155 36
+3 36
-6 12
+3 24
+9 24
+1 24
+22 21
-32 63
+3 63
+4 64
+2 128
+3 84
+1 50
+1 38
+1 24
+2 11
+2 22
+6 14
+3 8
+1 12
-3 12
-5 4
+2 4
+1 4
-2 4
-1 4
+2 8
-2 4
+3 4
-2 12
+2 12
+11 2

fl=(9)
fn=(528)
148 1

fn=(16)
102 3
+1 1
+3 2
cfn=(18) _dl_sysdep_parse_arguments
calls=1 -28 
* 383
+4 2
cfi=(11)
cfn=(22)
calls=1 282 
* 15970
+3 1
cfi=(13)
cfn=(26)
calls=1 295 
* 30
+2 2
cfi=(14) ./elf/../sysdeps/unix/sysv/linux/brk_call.h
cfn=(30) brk
calls=1 -91 
* 7
fi=(5)
+91 1
cfi=(16)
cfn=(36)
calls=1 39 
* 6967
fe=(9)
-84 3
+1 1
cfi=(23)
cfn=(66)
calls=1 -22 
* 16
* 1
+2 2
cfi=(24)
cfn=(68)
calls=1 -88 
* 14
* 3
+12 3
+3 5
cfi=(2)
cfn=(70)
calls=1 1413 
* 1713005
+3 4

fn=(18)
78 1
+2 1
-2 4
+1 1
+1 1
-1 1
+2 2
+2 1
-2 1
+2 2
-1 1
+1 2
-1 31
+1 62
+7 2
-4 1
+4 54
fi=(10) ./elf/../sysdeps/unix/sysv/linux/dl-parse_auxv.h
-49 1
-9 1
fe=(9)
+54 1
fi=(10)
-54 1
+1 1
+1 1
+7 3
+1 44
+1 44
-2 89
fe=(9)
+52 1
+1 1
+1 1
fi=(10)
-49 1
+1 2
+1 1
+1 1
+1 1
+1 1
+1 1
+2 1
-5 1
-2 1
+1 1
+2 1
+1 1
+3 1
-9 1
+1 1
+6 1
fe=(9)
+42 1
-1 1
+2 1
+1 5

fl=(77)
fn=(282)
207 70
+14 7
-14 7
+16 7
-16 7
+16 7
+3 7
-1 7
+1 14
+19 14
+6 28
-34 14
+38 14
+7 28
fi=(5)
72 26
+6 20
+4 15
+6 5
+10 10
+20 10
+8 5
fi=(4)
-45 5
fe=(77)
301 10
fi=(4)
81 10
fe=(77)
301 10
fi=(4)
81 2
fe=(77)
301 4
fi=(4)
81 4
fe=(77)
301 11236
fi=(4)
81 2
fe=(77)
301 2
fi=(4)
81 4
fe=(77)
301 321
186 20
+32 5
-32 5
+32 10
fi=(6)
49 5
fe=(77)
301 5
fi=(6)
50 5
-1 10
+4 5
-3 5
+3 5
-3 5
+3 20
+27 15
fe=(77)
301 2
186 8
+32 2
-32 2
+32 4
fi=(6)
49 2
fe=(77)
301 2
fi=(6)
50 2
-1 4
+4 2
-3 2
+3 2
-3 2
+3 8
+27 6
-31 7
fe=(77)
301 7
fi=(6)
50 7
-1 14
+4 7
-3 7
+3 7
-3 7
+3 28
+27 21
-7 5
-1 5
+11 35
fi=(5)
498 2412
+4 2412
+3 3618
+1 1206
fi=(6)
83 3618
+2 5064
+2 180
-4 180
+13 25
+1 12
+1 120
fi=(5)
498 60
+35 60
-1 120
-34 60
+35 120
+1 60
cob=(4)
cfi=(122)
cfn=(468)
calls=1 31 
* 7
cob=(4)
cfi=(119)
cfn=(464)
calls=1 32 
* 8
cob=(4)
cfi=(119)
cfn=(460) __atan2_finite@GLIBC_2.15
calls=1 32 
* 8
cob=(4)
cfi=(118)
cfn=(458) exp2f@@GLIBC_2.27
calls=1 29 
* 8
cob=(4)
cfi=(118)
cfn=(456) expm1
calls=1 29 
* 8
cob=(4)
cfi=(122)
cfn=(452) __asin_finite@GLIBC_2.15
calls=1 31 
* 7
cob=(4)
cfi=(125) ./math/../sysdeps/x86_64/fpu/multiarch/s_fma.c
cfn=(450) fma
calls=1 49 
* 5
cob=(4)
cfi=(118)
cfn=(448) sinf
calls=1 29 
* 8
cob=(4)
cfi=(122)
cfn=(446) __acos_finite@GLIBC_2.15
calls=1 31 
* 7
cob=(4)
cfi=(119)
cfn=(442) __log_finite@GLIBC_2.15
calls=1 32 
* 8
cob=(4)
cfi=(118)
cfn=(440) __log1p
calls=1 29 
* 8
cob=(4)
cfi=(118)
cfn=(438) log2f@@GLIBC_2.27
calls=1 29 
* 8
cob=(4)
cfi=(122)
cfn=(434) __pow_finite@GLIBC_2.15
calls=1 31 
* 7
cob=(4)
cfi=(118)
cfn=(432) powf@@GLIBC_2.27
calls=1 29 
* 8
cob=(4)
cfi=(118)
cfn=(430)
calls=1 29 
* 8
cob=(4)
cfi=(118)
cfn=(428) log2@@GLIBC_2.29
calls=1 29 
* 8
cob=(4)
cfi=(118)
cfn=(426) logf@@GLIBC_2.27
calls=1 29 
* 8
cob=(4)
cfi=(119)
cfn=(422)
calls=1 32 
* 8
cob=(4)
cfi=(118)
cfn=(420) expf@@GLIBC_2.27
calls=1 29 
* 8
cob=(4)
cfi=(119)
cfn=(416) __exp_finite@GLIBC_2.15
calls=1 32 
* 8
cob=(4)
cfi=(118)
cfn=(414) cosf
calls=1 29 
* 8
cob=(3)
cfi=(115)
cfn=(406) rawmemchr
calls=1 38 
* 22
cob=(3)
cfi=(100) ./string/../sysdeps/x86_64/multiarch/ifunc-strcasecmp.h
cfn=(402) strncasecmp
calls=1 37 
* 20
cob=(3)
cfi=(91)
cfn=(400) mempcpy
calls=1 57 
* 21
cob=(3)
cfi=(85) ./string/../sysdeps/x86_64/multiarch/ifunc-sse4_2.h
cfn=(398) strspn
calls=1 36 
* 6
cob=(3)
cfi=(115)
cfn=(396)
calls=1 38 
* 22
cob=(3)
cfi=(91)
cfn=(394)
calls=1 57 
* 21
cob=(3)
cfi=(103) ./string/../sysdeps/x86_64/multiarch/ifunc-strcpy.h
cfn=(390) stpcpy
calls=1 38 
* 16
cob=(3)
cfi=(113) ./wcsmbs/../sysdeps/x86_64/multiarch/ifunc-memcmp.h
cfn=(388) wmemcmp
calls=1 34 
* 23
cob=(3)
cfi=(97) ./string/../sysdeps/x86_64/multiarch/ifunc-strncpy.h
cfn=(386) strncpy
calls=1 35 
* 18
cob=(3)
cfi=(83)
cfn=(382)
calls=1 40 
* 24
cob=(3)
cfi=(100)
cfn=(378) strcasecmp_l
calls=1 37 
* 20
cob=(3)
cfi=(103)
cfn=(374) strcpy
calls=1 38 
* 16
cob=(3)
cfi=(83)
cfn=(370) strchrnul
calls=1 40 
* 24
cob=(3)
cfi=(83)
cfn=(366) memrchr
calls=1 40 
* 24
cob=(3)
cfi=(107) ./wcsmbs/../sysdeps/x86_64/multiarch/ifunc-wmemset.h
cfn=(364) wmemset
calls=2 36 
* 36
cob=(3)
cfi=(106)
cfn=(362)
calls=1 34 
* 23
cob=(3)
cfi=(100)
cfn=(358) strncasecmp_l
calls=1 37 
* 20
cob=(3)
cfi=(103)
cfn=(354) strcat
calls=1 38 
* 16
cob=(3)
cfi=(102) ./wcsmbs/../sysdeps/x86_64/multiarch/wcscpy.c
cfn=(352) wcscpy
calls=1 38 
* 6
cob=(3)
cfi=(85)
cfn=(350) strcspn
calls=1 36 
* 6
cob=(3)
cfi=(100)
cfn=(346) strcasecmp
calls=1 37 
* 20
cob=(3)
cfi=(99) ./string/../sysdeps/x86_64/multiarch/strncmp.c
cfn=(344) strncmp
calls=1 44 
* 20
cob=(3)
cfi=(98) ./wcsmbs/../sysdeps/x86_64/multiarch/ifunc-evex.h
cfn=(342) wmemchr
calls=2 38 
* 44
cob=(3)
cfi=(97)
cfn=(340) stpncpy
calls=1 35 
* 18
cob=(3)
cfi=(92) ./wcsmbs/../sysdeps/x86_64/multiarch/ifunc-avx2.h
cfn=(336) wcscmp
calls=1 40 
* 24
cob=(3)
cfi=(83)
cfn=(332) rindex
calls=1 40 
* 24
cob=(3)
cfi=(94) ./string/../sysdeps/x86_64/multiarch/strchr.c
cfn=(330) index
calls=1 43 
* 18
cob=(3)
cfi=(92)
cfn=(326) wcschr
calls=2 40 
* 48
cob=(3)
cfi=(91)
cfn=(324)
calls=1 57 
* 21
cob=(3)
cfi=(87) ./wcsmbs/../sysdeps/x86_64/multiarch/ifunc-wcslen.h
cfn=(320) wcslen
calls=1 41 
* 18
cob=(3)
cfi=(89)
cfn=(318)
calls=1 54 
* 23
cob=(3)
cfi=(87)
cfn=(314) wcsnlen
calls=1 41 
* 18
cob=(3)
cfi=(86)
cfn=(312)
calls=1 48 
* 18
cob=(3)
cfi=(85)
cfn=(310) strpbrk
calls=1 36 
* 6
cob=(3)
cfi=(83)
cfn=(306) strnlen
calls=2 40 
* 48
fi=(6)
97 60
fi=(5)
535 60
fi=(6)
97 124
fe=(77)
301 56
fi=(6)
51 7
fi=(4)
+30 21
fe=(77)
304 42
+24 7
+3 14
+17 14
-96 14
fi=(6)
114 27
+9 18
+1 4
fi=(5)
482 4
fi=(6)
124 4
fi=(5)
482 8
fi=(6)
124 947
fi=(5)
482 947
fi=(6)
124 947
fi=(5)
482 1894
+5 1902
+1 951
fi=(6)
123 951
fi=(5)
488 951
-5 951
fi=(6)
123 1902
+3 27
+3 28
+2 21
-59 6
fe=(77)
182 6
fi=(6)
73 6
fe=(77)
182 24
fi=(6)
-49 12
+1 6
+1 6
-2 6
+2 6
+3 6
-5 6
+2 6
-2 6
+1 12
+2 6
-2 6
+2 18
+2 12
-5 6812
+1 3406
+1 3406
-2 3406
+2 3406
+3 3406
-5 3406
+2 3406
-2 3406
+1 6812
+2 3406
-2 3406
+2 10218
+2 6812
+9 3410
fi=(5)
253 6820
+7 6820
+4 6820
fe=(77)
-94 13640
fi=(4)
-28 10179
fe=(77)
+29 6786
+3 15507
+8 1690
+4 676
-3 338
+1 338
+2 4228
-3 1438
+1 1438
+2 7528
+1 1776
-1 1776
+2 10656
+2 10656
cfi=(78)
cfn=(290)
calls=1776 756 
* 1268413
+3 1776
+1 3552
-4 1776
+4 8880
fi=(5)
+79 13560
+3 3381
-3 10160
+3 3398
-3 3398
+3 6796
+1 6796
+1 6796
+25 20460
407 8202
fi=(6)
150 8202
fi=(5)
407 1278
fi=(6)
150 2005
-19 13648
+32 36
+1 16
+1 6
+3 4
+4 2
-2 2
+1 2
-3 2
+2 2
+2 2
-2 12
fi=(5)
273 2
+3 2
-3 2
+4 4
461 2
-1 4
+1 4
+1 2
cfi=(16)
cfn=(500)
calls=1 39 
* 5
cob=(3)
cfi=(81) ./string/../sysdeps/x86/cacheinfo.h
cfn=(302) __x86_cacheinfo
calls=1 61 
* 27
fi=(6)
164 2
fi=(5)
463 2
fi=(6)
164 10
-13 12
fi=(5)
330 6
+1 9
fi=(6)
150 6
fi=(5)
384 54
+2 72
+4 18
+9 18
-9 36
+9 18
fi=(6)
150 36
fi=(5)
336 6
+11 2
-9 4
+9 2
fi=(6)
150 4
fi=(5)
444 42
+5 28
-1 42
+1 28
-1 14
cfi=(30)
cfn=(86)
calls=14 219 
* 329
+2 70
+1 28
273 85
fi=(6)
140 10
+3 2
fi=(5)
273 10
fe=(77)
-98 7098
+3 1617
-1 1617
+19 1617
-18 3234
349 14
cfn=(408) _dl_protect_relro
calls=7 +7 
* 168
+1 56
175 5184
fi=(5)
-52 20
-2 10
fe=(77)
301 3
fi=(6)
179 2
73 2
179 9
+2 2
+1 2
-1 1
+3 1
-3 4
+3 2
-3 10
+1 10
-1 5
+3 5
-3 20
+3 10
+8 6
fi=(5)
+61 12
+7 12
+4 12
fe=(77)
-94 24
fi=(4)
-28 18
fe=(77)
+29 12
+3 36
+8 30
+4 12
-3 6
+1 6
+2 36
+4 30
-4 6
+4 12
cfi=(78)
cfn=(290)
calls=6 756 
* 3694
+3 6
+1 12
-4 6
+4 30
fi=(5)
+79 21
+3 3
-3 9
+3 3
-3 3
+3 6
+1 6
+1 6
+25 36
407 6
fi=(6)
195 18
-16 24
+30 6
fe=(77)

fn=(408)
356 7
-1 14
+1 28
+3 7
-3 7
+3 7
+4 14
+7 14
-6 21
cfi=(117)
cfn=(410)
calls=7 117 
* 35
* 14

fl=(50)
fn=(216)
78 20

fn=(1612) _dl_audit_preinit
119 4

fn=(4178)
98 28

fn=(164)
29 7
+2 1
-1 1
+1 2
+6 8

fn=(530)
45 12
+2 9
+4 3

fl=(68)
fn=(228)
28 10
+1 40
cfi=(60)
cfn=(202)
calls=10 154 
* 88

fl=(14)
fn=(30)
24 2
fi=(15) ./elf/../sysdeps/unix/sysv/linux/brk.c
+13 1
+1 2
+6 1
+1 1
fe=(14)

fl=(27)
fn=(90)
31 6
+2 6
-2 12
+2 6
-2 12
+2 6
cfi=(25)
cfn=(92)
calls=6 +11 
* 12
+2 53
+3 80
+2 5
+2 5
+4 5
+4 5
-4 10
+1 10
+1 5
+3 5
-3 5
+3 10
-1 5
cfi=(25)
cfn=(92)
calls=5 -6 
* 10
-4 1
+4 1
-4 2
+1 2
+1 1
+3 1
-3 1
+3 2
-1 1
cfi=(25)
cfn=(92)
calls=1 -6 
* 2
-5 2

fn=(76)
59 78
+3 12
+21 5
-3 5
+3 5
cfi=(23)
cfn=(66)
calls=5 +18 
* 98
+4 10
-4 5
+9 5
-9 15
fi=(29)
-39 10
cfi=(28)
cfn=(78)
calls=5 +38 
* 197
fe=(27)
+39 1
fi=(29)
-39 2
cfi=(28)
cfn=(78)
calls=1 +38 
* 40
* 6
fe=(27)
+51 12
+5 6
+4 6
-6 6
+2 6
+4 6
-5 6
+4 6
+1 6
-1 6
+1 12
cfi=(30)
cfn=(86)
calls=6 219 
* 71
* 12
+2 6
+13 12
+6 1
+2 7
+3 2
-3 35
+3 10
+2 6
+4 6
+3 18
fi=(4)
1354 3
fe=(27)
139 2
+2 1
-2 2
fi=(4)
1354 45
fe=(27)
139 30
+2 15
-2 30
+16 12
-5 6
+5 6
-6 6
+30 6
-24 6
-6 6
+6 12
+2 10
+3 10
-3 10
+7 20
+4 10
+8 1
+3 1
+10 3
-10 5
+10 15
+2 5
+21 5
-21 5
cfi=(23)
cfn=(66)
calls=5 -90 
* 170
* 15
+17 5
-13 15
+50 15
cfi=(30)
cfn=(136)
calls=5 -39 
* 84
* 5
+5 10
+1 10
-1 158
+1 158
+2 10
+3 5
+3 5
+4 54
131 12
-8 5
-4 10
+34 1
+7 4
+8 20
fi=(29)
56 10
cfi=(28)
cfn=(82)
calls=5 -21 
* 120
* 5
fe=(27)
200 20
64 2
+2 3
+1 2
+4 6
+6 2

ob=(3)
fl=(140) ./nptl/./nptl/pthread_mutex_conf.c
fn=(512) __pthread_tunables_init
50 1
+1 2
-1 4
+1 3
cob=(1)
cfi=(11)
cfn=(28)
calls=1 408 
* 19
cob=(1)
cfi=(141)
cfn=(520)
calls=1 +25 
* 933
* 5
+2 4
cob=(1)
cfi=(11)
cfn=(28)
calls=1 408 
* 20
* 1
+2 6

fl=(146)
fn=(552)
46 3
+5 2
+4 5
+8 1
-2 1
+10 1
-9 1
+1 1
+9 2
-1 1
cfi=(147) ./misc/./misc/init-misc.c
cfn=(554) __init_misc
calls=1 -40 
* 53

fl=(177) ./string/../sysdeps/x86_64/multiarch/strcmp-avx2.S
fn=(1516) __strcmp_avx2
249 48
+25 48
+1 48
+1 48
+2 48
+1 48
+4 48
+4 48
+2 48
+2 48
+3 48
+9 48
+1 96
+4 48
+10 48
+1 48
+3 48
+4 96

fl=(230) ./stdlib/../sysdeps/x86_64/mul_1.S
fn=(2014) __mpn_mul_1
32 436
+3 436
+1 436
+1 436
+1 436
+1 436
+2 436
+1 436
+2 436
+1 436
+1 436
+1 436
+1 400
+2 400
+1 400
+1 400
+1 400
+26 36
+1 36
+1 36
+1 36
+1 36
+1 36
+1 36
+1 36
+1 36
+26 36
+1 36
+1 36
+2 36
+1 36
+1 36
+1 36
+1 36
+1 36
+2 36
+3 36
-5 400
+2 400
+3 400

fl=(312) ./io/../sysdeps/unix/sysv/linux/fstat64.c
fn=(3778) fstat
29 1
+1 2
+5 3
cfi=(313) ./io/../sysdeps/unix/sysv/linux/fstatat64.c
cfn=(3780) fstatat
calls=1 154 
* 7

fl=(86)
fn=(312)
48 4
+1 2
-1 4
-1 4
+2 4
+3 4
+4 6
+3 6
+20 2

fl=(325) ./libio/./libio/strops.c
fn=(3998) _IO_str_init_static_internal
36 288
+4 72
+6 180
cfi=(192) ./libio/./libio/genops.c
cfn=(2112) _IO_setb
calls=36 329 
* 972
+5 108
-3 36
+1 36
+1 36
+3 36
+1 36
+1 36
+9 36
+1 216
-23 36
+1 180

fl=(87)
fn=(320)
41 4
-1 2
+2 3
+3 2
+4 3
+3 3
fi=(90) ./wcsmbs/../sysdeps/x86_64/multiarch/wcslen.c
-23 1
fe=(87)

fn=(314)
41 4
-1 2
+2 3
+3 2
+4 3
+3 3
fi=(88) ./wcsmbs/../sysdeps/x86_64/multiarch/wcsnlen.c
-22 1
fe=(87)

fl=(202) ./libio/./libio/fileno.c
fn=(1806) fileno
35 20
+7 4

fl=(187) ./string/../sysdeps/x86_64/multiarch/memmove-vec-unaligned-erms.S
fn=(1644) __memcpy_avx_unaligned_erms
264 14028
+6 14028
+1 14028
+2 5070
+1 5070
+1 5070
+3 2520
+1 2520
+1 2520
+3 5040
+30 8958
+1 8958
+2 4961
+1 4961
+2 1010
+4 1010
+1 103
+1 103
+1 103
+1 103
+1 102
+1 102
+2 102
+2 102
-2 1
+2 1
+6 907
+1 907
+1 907
+1 907
+1 907
+7 3997
+1 3997
+1 3997
+1 3997
+2 3997
+17 3951
+1 3951
+1 3951
+1 3951
+1 3951
+7 1134
+1 1134
+1 1134
+1 1134
+1 1134
+1 1134
+1 2268
+5 2550
+1 2550
+5 2540
+1 2540
+2 1678
+1 1678
+1 1678
+2 544
+1 544
+1 544
+1 544
+1 544
+1 544
+1 544
+1 544
+1 544
+1 544
+1 544
+1 544
+1 544
+1 544
+1 1088
+4 862
+1 862
+4 862
+2 862
+4 862
+1 862
+11 862
+3 862
+2 862
+2 862
+4 862
+1 862
+9 530
+1 530
+2 530
+2 530
+1 530
+1 530
+3 530
+2 530
+2 530
+2 1060
+6 530
+1 530
+1 530
+1 530
+1 530
+1 530
+1 530
+1 530
+1 530
+1 530
+1 530
+1 530
-11 3077
+1 3077
+1 3077
+1 3077
+1 3077
+1 3077
+1 3077
+1 3077
+1 3077
+1 3077
+1 3077
+1 3077
+2 530
+1 530
+1 530
+1 530
+2 530
+4 1060
+13 332
+1 332
+2 332
+1 332
+1 332
+2 332
+2 332
+2 664
+6 332
+1 332
+1 332
+1 332
+1 332
+1 332
+1 332
+1 332
+1 332
+1 332
+1 332
+1 332
-11 1425
+1 1425
+1 1425
+1 1425
+1 1425
+1 1425
+1 1425
+1 1425
+1 1425
+1 1425
+1 1425
+1 1425
+2 332
+1 332
+1 332
+1 332
+2 332
+1 664
+9 10
+7 10
+1 10
+6 5
+3 5
+2 5
+3 5
+1 5
+2 5
+2 180037
+2 5
+2 5
+2 10
+5 10
+1 10
+4 10
+2 10
+3 10
+4 10
+1 10
+3 10
+1 10
+24 5
+2 5
+2 5
+2 5
+3 5
+1 5
+2 146997
+3 5
+2 5
+2 10

fn=(3790) __mempcpy_avx_unaligned_erms
251 205
+1 205
+1 205
+17 205
+1 205
+2 1
+1 1
+1 1
+38 204
+1 204
+2 192
+1 192
+2 157
+4 157
+1 60
+1 60
+1 60
+1 60
+1 2
+1 2
+2 2
+2 2
-2 58
+2 58
+6 97
+1 97
+1 97
+1 97
+1 97
+7 12
+1 12
+1 12
+1 12
+2 12
+17 35
+1 35
+1 35
+1 35
+1 35
+18 1
+1 1
+5 1
+1 1
+2 1
+1 1
+1 1
+2 1
+1 1
+1 1
+1 1
+1 1
+1 1
+1 1
+1 1
+1 1
+1 1
+1 1
+1 1
+1 1
+1 1
+1 2

fl=(219) ./csu/./csu/errno-loc.c
fn=(1970) __errno_location
26 364
+1 182

fl=(349) ./stdlib/./stdlib/cxa_finalize.c
fn=(4162) __cxa_finalize
30 5
+3 10
-3 35
+3 20
+3 15
+4 30
+1 90
-1 108
+1 108
+2 9
+36 9
-3 9
-31 9
-2 9
+39 9
-3 18
+3 27
+1 27
cob=(7)
cfi=(152)
cfn=(4228) 0x00000000000a6e30
calls=1 -83 
* 7
cob=(7)
cfi=(152)
cfn=(4220) 0x00000000000a6df0
calls=1 -83 
* 730
cob=(7)
cfi=(152)
cfn=(4218) 0x00000000000d1dd0
calls=1 -83 
* 2
cob=(7)
cfi=(152)
cfn=(4216) 0x00000000000d41a0
calls=1 -83 
* 2
cob=(7)
cfi=(152)
cfn=(4214) 0x00000000000d41b0
calls=1 -83 
* 2
cob=(7)
cfi=(152)
cfn=(4212) 0x00000000000da5d0
calls=1 -83 
* 2
cob=(7)
cfi=(152)
cfn=(4210) 0x000000000017d440
calls=1 -83 
* 2
cob=(7)
cfi=(152)
cfn=(4208) 0x000000000017d450
calls=1 -83 
* 2
cob=(7)
cfi=(152)
cfn=(4206) 0x000000000017d460
calls=1 -83 
* 2
+1 36
+4 27
-48 28
-4 15
+58 15
+4 35
-4 15
+11 10
+1 10
cfi=(350) ./posix/./posix/register-atfork.c
cfn=(4164) __unregister_atfork
calls=5 -24 
* 75
+1 20
+1 40

fl=(99)
fn=(344)
44 4
-1 2
+24 2
-22 3
+3 2
+4 3
+3 4

fl=(159) ./misc/../sysdeps/unix/sysv/linux/brk_call.h
fn=(920) brk
24 502
fi=(160) ./misc/../sysdeps/unix/sysv/linux/brk.c
+13 502
+1 502
+6 63
+1 63
-5 376
+1 376
fe=(159)

fl=(332) ./nptl/./nptl/alloca_cutoff.c
fn=(4018) __libc_alloca_cutoff
28 324
+7 36

fl=(136)
fn=(504)
33 6
+2 1
cfi=(137) ./ctype/./ctype/ctype-info.c
cfn=(506) __ctype_init
calls=1 -4 
* 16
+3 1
fi=(139) ./elf/../sysdeps/nptl/pthread_early_init.h
-5 2
fe=(136)
+8 1
-3 1
+3 1
fi=(139)
-8 1
cfi=(138) ./resource/../sysdeps/unix/sysv/linux/getrlimit64.c
cfn=(508) getrlimit
calls=1 +5 
* 9
* 3
+1 1
+4 5
+7 1
fi=(358) ./elf/../nptl/nptl-stack.h
+13 3
fi=(139)
-13 1
fi=(358)
+13 2
fi=(139)
-4 1
fi=(358)
+4 3
fi=(139)
-6 1
-6 1
+6 6
+1 1
+4 1
cfi=(140)
cfn=(512)
calls=1 -7 
* 998
fe=(136)
-10 3
+2 2
-2 1
cfi=(143) ./nptl/../sysdeps/unix/sysv/linux/x86/elision-conf.c
cfn=(526) __lll_elision_init
calls=1 +49 
* 136

fl=(346)
fn=(4146)
80 3
+4 2
-7 2
+11 2
+91 1
+5 1
-2 1
-58 1
+66 3
-93 2
+11 4
+4 1
+3 2
-71 1
+1 7
+1 1
+84 3
+1 2

fl=(94)
fn=(330)
43 2
+1 1
-1 2
-1 2
+2 2
+3 2
+4 3
+3 3
+11 1

fl=(331) ./stdlib/../sysdeps/x86_64/rshift.S
fn=(4016) __mpn_rshift
29 72
+1 72
+1 72
+13 72
+1 72
+16 72
+1 72
+1 72
+1 72
+1 72
+1 72
+1 72
+5 72
+1 72
+1 72
+1 72
+1 72

fl=(180) ./csu/../sysdeps/nptl/libc_start_call_main.h
fn=(1614) (below main)
29 2
+15 1
-15 5
+15 1
cfi=(181) ./setjmp/../sysdeps/x86_64/bsd-_setjmp.S
cfn=(1616) _setjmp
calls=1 -14 
* 28
+2 2
+5 2
+1 2
+3 2
+3 6
cob=(8)
cfi=(163) /workspace/tests/foliage/benchmark_grass.cpp
cfn=(1622) main
calls=1 -44 
* 7472135619
+16 2
cfi=(340) ./stdlib/./stdlib/exit.c
cfn=(4078) exit
calls=1 +71 
* 10522

fl=(233) ./io/../sysdeps/unix/sysv/linux/close_nocancel.c
fn=(2110) __close_nocancel
26 4
+1 1

fl=(162) ./csu/../csu/libc-start.c
fn=(1064) __libc_start_main@@GLIBC_2.34
242 11
+69 3
+1 3
cfi=(153) ./stdlib/./stdlib/cxa_atexit.c
cfn=(874) __cxa_atexit
calls=1 70 
* 74
+25 6
+6 2
-3 2
+10 2
cob=(1)
cfi=(50)
cfn=(1612)
calls=1 119 
* 4
cob=(1)
cfi=(141)
cfn=(520)
calls=1 76 
* 938
* 5
+2 2
+8 4
cfi=(180)
cfn=(1614)
calls=1 29 
* 7472146194
128 2
+6 3
+1 6
cob=(2)
cfi=(52)
cfn=(1066) 0x000000000010c000
calls=1 0 
* 6
+3 1
+1 2
+3 2
+1 2
-1 1
+2 9
+1 8
cob=(8)
cfi=(179) /workspace/src/rendering/diagnostics/tracing/CpuTrace.cpp
cfn=(1604) _GLOBAL__sub_I__ZN9rendering8CpuTrace8current_E
calls=1 -62 
* 110
cob=(8)
cfi=(163)
cfn=(1076) _GLOBAL__sub_I_main
calls=1 -65 
* 101750
* 4
cob=(8)
cfi=(161)
cfn=(1070) 0x00000000000097a0
calls=1 0 
* 12
-1 10

fl=(115)
fn=(406)
38 5
-1 2
+2 3
+6 2
-3 2
+9 3
+3 4
fi=(359) ./string/../sysdeps/x86_64/multiarch/rawmemchr.c
-23 1
fe=(115)

fn=(396)
38 10
-1 4
+2 6
+6 4
-3 4
+9 6
+3 8
fi=(360) ./string/../sysdeps/x86_64/multiarch/memchr.c
-25 2
fe=(115)

fl=(156) ./stdlib/../sysdeps/unix/sysv/linux/getrandom.c
fn=(906) getrandom
29 6
+1 1

fl=(174) ./string/../sysdeps/x86_64/multiarch/strlen-avx2.S
fn=(1256) __strlen_avx2
65 742
+1 742
+1 742
+3 742
+2 742
+1 742
+3 712
+1 712
+8 712
+1 712
+1 710
+5 1420
+26 2
+13 2
+1 2
+1 2
+6 4
+4 1
+13 1
+1 1
+1 1
+6 2
+57 2
+15 2
+6 2
+1 2
+1 2
-8 2
+6 2
+1 2
+1 2
+2 2
+1 2
+1 2
+1 2
+2 1
+1 1
+1 1
+1 1
+2 1
+1 1
+1 1
+1 1
+18 1
+1 2
+14 1
+1 1
+1 1
+1 1
+2 1
+1 1
+1 1
+2 1
+1 1
+1 1
+3 1
+1 1
+1 1
+1 1
+1 1
+2 1
+1 1
+1 1
+1 1
+77 1
+1 1
+1 1
+5 2
511 30
+1 30
+1 30
+3 30
+15 30
+1 30
+1 28
+7 56

fl=(157) ./malloc/./malloc/morecore.c
fn=(916) __glibc_morecore
26 502
-1 251
+4 251
cfi=(158) ./misc/./misc/sbrk.c
cfn=(918) sbrk
calls=251 +8 
* 8594
+1 502
+4 126
-7 188
+7 376

fl=(203) ./io/../sysdeps/unix/sysv/linux/read.c
fn=(1812) read
26 24
+1 4

fl=(137)
fn=(506)
31 7
+2 4
+2 4
+1 1

fl=(183) ./setjmp/./setjmp/sigjmp.c
fn=(1620) __sigjmp_save
28 2
+2 2
-1 1
+5 3

fl=(113)
fn=(388)
34 5
+1 2
+1 2
+1 3
+3 2
+4 3
+3 4
fi=(361) ./wcsmbs/../sysdeps/x86_64/multiarch/wmemcmp.c
-18 2
fe=(113)

fl=(165) ./nptl/./nptl/cleanup_compat.c
fn=(1150) _pthread_cleanup_pop@@GLIBC_2.34
43 2
+4 2
+2 1

fn=(1134) _pthread_cleanup_push@@GLIBC_2.34
28 1
+1 1
+1 2
+2 1
+1 1

fl=(194) ./nptl/./nptl/libc-cleanup.c
fn=(1728) __libc_cleanup_pop_restore
55 4
+2 8
+2 4
+1 12
+11 4

fn=(1726) __libc_cleanup_push_defer
25 4
+2 8
+2 8
+3 8
+14 12
+2 4
+1 4

fl=(224) ./stdlib/../sysdeps/x86_64/lshift.S
fn=(2000) __mpn_lshift
29 266
+1 266
+2 266
+1 266
+1 266
+12 266
+1 266
+1 265
+1 265
+1 265
+1 265
+1 265
+6 265
+1 265
+1 265
+3 1
+1 1
+1 1
+1 1
+1 1
+1 1
+1 1
+5 1
+1 1
+1 1
+1 1
+1 1

fl=(143)
fn=(526)
96 1
+5 1
-5 1
+5 1
-5 3
+5 3
cob=(1)
cfi=(11)
cfn=(28)
calls=1 408 
* 19
* 1
+2 4
cob=(1)
cfi=(11)
cfn=(28)
calls=1 408 
* 19
* 1
+2 4
cob=(1)
cfi=(11)
cfn=(28)
calls=1 408 
* 19
* 1
+2 4
cob=(1)
cfi=(11)
cfn=(28)
calls=1 408 
* 19
* 1
+2 4
cob=(1)
cfi=(11)
cfn=(28)
calls=1 408 
* 19
* 1
+4 3
+1 1
+1 6

fl=(170) ./wcsmbs/./wcsmbs/btowc.c
fn=(1236) btowc
32 256
+5 256
-5 1536
+5 1536
+5 512
+56 1024
-52 384
fi=(362) ./wcsmbs/./wcsmbsload.h
+23 128
+1 384
fe=(170)
-23 128
+2 128
-2 128
+2 128
+5 512
+3 256
cfi=(171) ./elf/./elf/dl-profstub.c
cfn=(1238) _dl_mcount_wrapper_check
calls=128 -20 
* 640
* 512
+41 128
-41 256
+41 384
-41 128
cfi=(172) ./iconv/./iconv/gconv_simple.c
cfn=(1240) __gconv_btwoc_ascii
calls=128 -6 
* 640

fl=(226) ./stdlib/../include/rounding-mode.h
fn=(2006) round_away
46 665
+6 665

fl=(106)
fn=(362)
34 15
+1 6
+1 6
+1 9
+3 6
+4 9
+3 12
fi=(363) ./string/../sysdeps/x86_64/multiarch/memcmp.c
-18 6
fe=(106)

fl=(340)
fn=(4080) __run_exit_handlers
40 10
+5 2
+3 5
+11 1
+2 2
+40 2
-32 39
+2 12
+1 12
-1 12
+3 102
+47 9
-56 1
+69 4
+2 2
+1 6
cfi=(192)
cfn=(4276) _IO_cleanup
calls=1 869 
* 369
* 3
+2 2
cfi=(352) ./posix/../sysdeps/unix/sysv/linux/_exit.c
cfn=(4286) _Exit
calls=1 27 
* 4
-30 3
+1 3
-2 3
+4 3
+3 3
-3 6
+3 9
+1 9
cob=(1)
cfi=(345)
cfn=(4144)
calls=1 -90 
* 2873
cob=(7)
cfi=(152)
cfn=(4084) std::ios_base::Init::~Init()
calls=2 0 
* 6977
+1 12
+10 2
+1 2
-82 1
cfi=(341) ./stdlib/./stdlib/cxa_thread_atexit_impl.c
cfn=(4082) __call_tls_dtors
calls=1 149 
* 11
* 1

fn=(4078)
145 1
+1 4
cfn=(4080)
calls=1 40 
* 10517

fl=(154) ./malloc/./malloc/malloc.c
fn=(3726) munmap_chunk
3038 8
+2 8
-1 8
+1 8
-1 8
+1 8
+2 16
+3 16
+7 8
-8 8
+9 8
-8 8
+1 8
+6 24
+1 32
+3 8
+1 24
+5 8
+1 8
-1 8
cfi=(308) ./misc/../sysdeps/unix/syscall-template.S
cfn=(3728) munmap
calls=8 117 
* 40

fn=(1878) free
3350 1287456
-4 643728
+14 643728
-14 1287456
+12 643728
+4 643728
-4 643728
+4 1287456
+17 1931160
fi=(155) ./malloc/./malloc/arena.c
162 1931160
fe=(154)
3385 1287440
cfn=(1882) _int_free
calls=643720 4417 
* 87820747
+3 643720
+1 2574880
-23 24
+2 28
+2 12
+1 12
+4 12
cfn=(3726)
calls=6 3038 
* 204
* 4
cfn=(3726)
calls=2 3038 
* 68
+13 8
+1 32

fn=(900) malloc
3281 3218650
+7 1287460
1338 1287458
+19 3218609
3298 1287378
+2 2574920
+3 1287458
+10 1274152
+28 3185380
3235 4
cfn=(910) tcache_init.part.0
calls=1 -6 
* 461
+68 2
+2 1927461
3187 13308
+1 13308
+2 6654
+1 6654
-1 19962
+1 6654
+1 6654
3341 33270
-26 2548304
cfn=(912) _int_malloc
calls=637076 1338 
* 82865289
+1 3185380
fi=(155)
162 1274136
315 1
cfn=(904) ptmalloc_init.part.0
calls=1 -2 
* 1102
fe=(154)
1338 2

fn=(910)
3229 3
+9 8
+1 3
cfn=(912)
calls=1 1338 
* 346
* 1
+1 2
+8 4
+9 1
+1 2
-1 1
+1 86
+3 4

fn=(914) sysmalloc
2542 2322
+20 1032
+11 516
+1 516
-11 250
+37 250
+11 250
-10 750
+1 250
+9 2245
+6 750
+3 750
2935 500
+1 250
+5 500
+3 500
+5 500
-2 250
+2 250
-1 250
+1 250
-3 250
+3 250
+1 250
-1 750
+1 250
+2 250
+6 2838
2575 24
+4 24
+9 32
cfn=(3576) sysmalloc_mmap.constprop.0
calls=8 2414 
* 484
+1 16
+92 500
+9 1000
+13 750
+8 1250
+8 500
+21 752
+6 1316
cfn=(3670) sysmalloc_mmap_fallback.constprop.0
calls=188 2502 
* 9593
+2 376
-2 188
+2 188
+4 564
+4 376
+2 500
+2 750
+6 982
+1 61
2940 61
2767 183
-46 1000
cfi=(157)
cfn=(916)
calls=250 26 
* 10765
+1 500
-1 250
+1 250
2022 62
2723 62
2022 248
2604 124
2769 380
+40 3
+22 2
+1 1
-1 1
+1 6
+2 2
+1 4
cfi=(157)
cfn=(916)
calls=1 26 
* 25
+12 3
-12 1
+12 1
2022 4
2891 4
-30 376
-65 188
+84 376
+10 189
-1 189
+1 567
+1 189
+11 378
+7 376
+1 564
+8 188
+2 188
+5 376
+2 48
cfn=(1882)
calls=12 4417 
* 1175
* 12
+8 12
+5 24
2759 2
2034 3

fn=(2156) unlink_chunk.constprop.0
1620 637254
+2 3186270
+3 637254
+1 1274508
+2 2549016
-3 637254
+6 637254
+1 637254
+1 2375385
+2 3388
+1 5082
+3 3388
+14 1694
+1 1694
+3 1274508

fn=(3670)
2502 1504
+4 188
+3 564
+1 5
+3 376
+5 188
-1 376
+3 1504
cfi=(303) ./misc/../sysdeps/unix/sysv/linux/mmap64.c
cfn=(3578) mmap
calls=188 47 
* 1504
* 188
+3 376
+4 376
+7 188
+2 188
+2 1316
2022 752

fn=(912)
1338 1274154
3766 5096616
1357 637077
3766 637077
1357 1911225
3807 1274142
+27 1274142
+2 21612
+3 3602
+2 7204
+2 856
-6 428
+9 856
+1 2140
+5 856
+1 856
+7 428
-1 856
+1 2140
+5 428
+1 428
3177 428
3866 428
+5 17202
3175 5734
+2 2867
+2 2867
-2 5734
+2 2867
-8 2867
+8 2867
3865 2867
+1 14419
+2 5734
+2 5734
+27 1266938
+62 9446
+1 3732
+20 636638
-1 636638
-1 636638
+1 1273276
+1 2546550
+4 636637
+6 2546548
-6 1
+6 491171
-1 491158
+1 491158
+3 982316
+1 491158
+2 982316
-3 9918
+1 4959
+2 9918
+1 1488351
+2 496117
+1 1984468
+2 1984468
-10 496117
+12 992234
+1 992234
+2 992234
+11 1974550
+31 5716
+1 5716
+4 11432
+29 10526
+8 25620
+1 171
+1 57
-1 57
+4 114
-4 7596
+1 2532
-1 2532
+4 5064
+5 1221
-2 1221
+2 3663
+1 2442
+7 186
-1 744
+2 558
3807 12
+27 12
+66 635405
+2 635405
-2 635405
+2 1270810
+2 11
+1 22
+6 11
-4 11
+1 11
+1 11
+2 22
+7 44
-1 22
+1 22
+5 80
+1 87
+2 36
-2 58
1999 11
3940 11
1999 22
3834 18
1357 6
3839 12
+2 1906227
3961 6
cfn=(2268) malloc_consolidate
calls=3 4711 
* 158485
* 3
+95 1785
+1 1785
-1 1785
+1 3570
-16 1785
+21 3570
+1 10374
1999 2193
4409 5733693
4085 11220
+1 16830
+1 5610
-1 5610
+57 11220
+9 5610
-9 11220
+9 5610
-9 11220
+1 5610
+1 5610
+1 5610
+1 5610
+6 11220
-10 5178
+9 2589
-9 5178
+9 2589
-9 5178
+1 2589
+1 2589
+1 2589
+1 2589
+6 5178
+1 2259
+1 4518
+7 6777
3990 27987
4168 6780
+11 297668
+2 1882
+3 941
-3 941
+3 1882
+1 510
+67 148606
+1 148606
+1 148606
-1 148606
+1 148606
+1 297212
+1 445818
+5 311597
+16 59964
+2 119928
-4 134738
+8 7405
+3 14810
+2 2797
+1 2797
+1 2797
-2 11188
-27 2797
-99 17820
3175 1482
+2 1482
+2 1482
-4 1482
+2 5928
+1 1482
+1 1482
3990 3114
+76 300
-47 980968
+2 490401
-1 980802
+29 4268
+1 4268
+4 8536
+29 5872
+8 2724
3928 18
+1 18
+1 36
+2 18
3177 18
+2 18
3933 18
3175 36
+2 72
-6 18
+8 18
+1 18
3899 1896675
4140 301074
4268 1743848
-3 1739880
4365 143998
+1 287996
+2 287996
+3 432255
+17 783
+2 6
cfn=(2268)
calls=3 4711 
* 354
+2 9
+1 9
4114 5175
+3 671
+1 2013
-3 3412
+6 2070
+7 192
-1 768
+2 384
+2 192
+1 576
+2 192
+1 384
-1 843
+1 1686
4270 12476
+1 6238
4124 1686
4295 9216
+3 9216
+2 4608
+3 4608
-3 9216
+3 4608
cfn=(2156)
calls=4608 1620 
* 110355
+3 13824
+15 8694
-5 4347
+5 8694
+1 8694
+3 4347
+1 4347
+1 4347
+3 8694
+1 4306
+1 8694
+2 3532
+3 14128
+2 5298
+1 1766
1999 1766
4343 1766
1999 3532
4337 20648
+2 7743
+1 2581
1999 2581
4343 2581
1999 5423
4343 261
1999 522
4309 261
-1 261
+1 522
302 78
3187 78
+1 78
-1 2664
+1 2664
+3 1371
-1 5484
+1 1371
+1 2742
4170 1371
+18 228
+1 228
+2 104
-2 1660
+6 456
+2 24
-1 48
+4 24
+1 24
-1 48
+1 24
cfn=(2156)
calls=24 1620 
* 768
-1 204
+1 204
-1 408
+1 204
cfn=(2156)
calls=204 1620 
* 6528
+3 684
+13 50
-4 25
+4 50
+1 50
+3 25
+1 25
+1 25
+1 50
+2 46
+3 184
+2 69
+1 23
+3 23
4405 92
cfn=(924) alloc_perturb
calls=23 1999 
* 92
4229 16
+2 6
+1 2
+3 2
4405 8
cfn=(924)
calls=2 1999 
* 8
4235 203
4405 812
cfn=(924)
calls=203 1999 
* 812
* 2520512
cfn=(924)
calls=630128 1999 
* 2520512
* 1260712
-2 774
cfn=(914)
calls=258 2542 
* 57557
* 258
+1 516
-28 143737
-2 143737
+2 143737
-1 143737
+1 143737
-3 143737
+8 143737
-5 143737
+2 143737
-2 574948
+2 143737
+4 143737
4025 486133
-1 486133
+3 486133
-1 486133
+1 972266
+1 1458399
+1 972266
+2 947398
+4 3789592
+2 1421097
+4 473699
-3 473699
+4 473699
-7 99472
+2 37302
+4 12434
-3 12434
+4 12434
4207 203
-1 203
+1 406

fn=(924)
1999 1891068
+2 630356

fn=(3576)
2414 24
+13 24
+5 16
+61 10
-58 72
cfi=(303)
cfn=(3578)
calls=8 47 
* 64
* 8
+3 16
+4 16
+18 24
+19 8
-1 8
+5 8
-4 16
+4 16
+1 32
+3 24
+1 36
+5 30
2022 32

fn=(1882)
4417 5149856
+10 643732
-10 1931196
+10 1287464
+6 3218660
+1 1287464
+4 3218660
+8 3218660
-1 1287464
+1 1287464
+9 642491
+9 642491
-15 642491
+6 1284982
+20 2569964
+14 1279868
+11 25712
+2 19284
2006 19284
4523 6428
+1 6428
+4 12856
+2 6428
-2 6428
+2 6428
+4 12856
+2 25712
+1 6428
+19 25590
4698 7081052
4565 1267012
+6 1900518
+7 633506
-4 633506
+4 1267012
+3 1267012
+5 1900518
+3 1267012
+1 1267012
+1 1267012
2006 1900518
4597 1267012
+1 312356
+2 312356
-1 312356
+2 1249424
+2 624712
cfn=(2156)
calls=312356 1620 
* 6774412
+3 1267012
+5 1265764
+4 314899
+9 314899
-1 314899
+1 944697
+1 629798
-1 317983
-1 317983
+1 953949
+1 635966
+12 632882
-10 632882
+11 632882
-1 632882
-8 1265764
+2 734436
+3 367218
+1 367218
+2 367218
+1 367218
+30 735684
+1 44085
+3 44085
3177 3798
+2 3798
-4 3798
+2 11394
+1 3798
+1 3798
4478 3798
4634 265664
+1 265664
+2 265664
+1 265664
+50 1900518
-39 624
+1 1872
+1 1248
-39 317983
+1 317983
-1 317983
cfn=(2156)
calls=317983 1620 
* 6926915
+1 317983
-30 101466
-2 67644
+93 73475

fn=(2268)
4711 6
+17 6
-17 24
+28 6
-28 18
+15 6
+2 6
+13 12
+1 12
-1 108
+1 108
+62 180
+1 48
-31 4318
+4 2392
+2 1196
+1 2392
+1 2392
+2 2392
-4 963
+1 1926
+1 1926
+2 1926
+1 436
+4 218
+2 218
-2 436
+3 218
+9 436
-12 1941
+2 1941
-2 3882
+3 1941
+9 6018
-56 4318
+4 6477
+1 8636
+8 2159
-3 4318
+3 2159
-3 2159
+4 2159
-4 2159
+5 2159
-5 2159
+5 4318
+2 4318
+1 1116
+2 1116
-1 1116
+2 4464
+2 6696
cfn=(2156)
calls=1116 1620 
* 22641
* 4464
+3 4318
+5 1926
-1 963
+1 963
cfn=(2156)
calls=963 1620 
* 19584
* 1926

fl=(195) ./io/../sysdeps/unix/sysv/linux/open64.c
fn=(1734) open
30 1
+3 1
-3 8
+3 6
+8 9
+2 7

fl=(326) ./stdio-common/./stdio-common/vfprintf-internal.c
fn=(4000) __vfprintf_internal
684 396
+30 180
+8 108
+4 180
+11 72
+11 36
fi=(364) ./stdio-common/./stdio-common/printf-parse.h
82 72
fe=(326)
748 108
fi=(364)
82 36
cfi=(197) ./string/../sysdeps/x86_64/multiarch/strchr-avx2.S
cfn=(4004) __strchrnul_avx2
calls=36 -27 
* 648
* 36
fe=(326)
763 72
fi=(364)
82 36
fe=(326)
759 36
+4 72
+4 72
fi=(337) ./stdio-common/../libio/libioP.h
940 36
fe=(326)
239 36
767 36
fi=(337)
940 144
+2 72
+1 72
fe=(326)
239 144
cfi=(192)
cfn=(3784) _IO_default_xsputn
calls=36 371 
* 684
* 72
127 324
767 72
+4 108
+4 252
-57 36
+57 36
-23 36
-8 72
+73 216
1111 72
+1 72
+3 432
817 108
-7 36
+7 36
-11 36
-1 36
-2 36
+14 36
-13 36
-2 36
-3 36
+18 72
-19 36
+9 36
-10 36
+20 36
-21 36
-1 36
+22 36
-6 72
-89 72
1035 72
+3 1296
+20 72
+34 36
fi=(364)
82 36
fe=(326)
1086 36
+6 36
fi=(364)
82 72
cfi=(197)
cfn=(4004)
calls=36 -27 
* 648
* 36
fi=(337)
942 36
+1 36
fe=(326)
1096 36
-4 36
fi=(364)
82 36
fe=(326)
239 36
1096 36
fi=(337)
942 72
+1 72
fe=(326)
239 144
cfi=(192)
cfn=(3784)
calls=36 371 
* 684
* 72
127 468
1096 72
+2 108
925 36
+1 36
-1 72
+1 72
+41 468
+91 324
+1 36
351 36
+1 36
1059 36
352 72
-1 72
1062 72
127 144
1067 72
354 36
cfi=(327) ./stdio-common/./stdio-common/printf_fp.c
cfn=(4006) __printf_fp
calls=36 1279 
* 85794
* 36
930 108
+1 144
+15 252
+3 72
+18 36
-18 144

fl=(310) ./libio/./libio/iofwrite.c
fn=(3766) fwrite
31 507
+1 169
-1 169
+1 169
-1 507
+4 338
+2 2873
+1 508
+1 1
fi=(234) ./libio/./libio/libioP.h
940 3
+2 2
+1 2
fe=(310)
39 168
fi=(234)
940 504
+2 336
+1 336
fe=(310)
39 676
cfi=(193) ./libio/./libio/fileops.c
cfn=(3768) _IO_file_xsputn@@GLIBC_2.2.5
calls=169 1204 
* 36518
+6 338
fi=(234)
883 338
+1 1352
fe=(310)
45 338
+1 169
+3 1521
-11 336

fl=(81)
fn=(302)
61 1
+3 3
+2 1
+1 1
-1 2
+7 3
+2 1
+1 1
-1 2
+5 2
+2 2
+1 2
+1 2
+2 2
fi=(82) ./string/../sysdeps/x86/cacheinfo.c
* 2
fe=(81)

fl=(168) ./locale/./locale/uselocale.c
fn=(1224) uselocale
31 222
+2 148
+3 148
+1 74
+28 222
+1 222
+2 222
+4 222
+1 74

fl=(98)
fn=(342)
38 10
-1 4
+2 6
+6 4
-3 4
+9 6
+3 8
fi=(365) ./wcsmbs/../sysdeps/x86_64/multiarch/wmemchr.c
-23 2
fe=(98)

fl=(107)
fn=(364)
36 10
+1 6
+3 4
+8 6
+3 8
fi=(366) ./wcsmbs/../sysdeps/x86_64/multiarch/wmemset.c
-20 2
fe=(107)

fl=(97)
fn=(340)
35 5
+1 3
+3 2
+4 3
+3 4
fi=(367) ./string/../sysdeps/x86_64/multiarch/stpncpy.c
-15 1
fe=(97)

fn=(386)
35 5
+1 3
+3 2
+4 3
+3 4
fi=(368) ./string/../sysdeps/x86_64/multiarch/strncpy.c
-17 1
fe=(97)

fl=(197)
fn=(4004)
55 72
+1 72
+1 72
+1 72
+1 72
+3 72
+1 72
+4 72
+1 72
+1 72
+1 72
+1 72
+1 72
+1 72
+1 72
+13 72
+2 144

fn=(1740) __strchr_avx2
55 1
+1 1
+1 1
+1 1
+1 1
+3 1
+1 1
+4 1
+1 1
+1 1
+1 1
+1 1
+1 1
+1 1
+1 1
+3 1
+8 1
+8 1
+1 2

fl=(232) ./libio/./libio/iofclose.c
fn=(2098) fclose@@GLIBC_2.2.5
34 3
+14 1
-14 1
+14 2
+3 12
+1 2
fi=(234)
883 2
+1 7
fe=(232)
57 1
fi=(234)
940 3
+2 2
+1 2
fe=(232)
57 3
cfi=(193)
cfn=(2116) _IO_file_finish@@GLIBC_2.2.5
calls=1 168 
* 27
+1 3
+13 2
fi=(234)
855 4
+1 4
+6 2
cob=(2)
cfi=(52)
cfn=(2120) 0x0000000004b85360
calls=1 0 
* 89
fe=(232)
76 5
-23 2
cfi=(193)
cfn=(2104) _IO_file_close_it@@GLIBC_2.2.5
calls=1 +75 
* 97
fi=(234)
883 1
fe=(232)
53 1
fi=(234)
883 2
fe=(232)
49 1
cfi=(192)
cfn=(2100) _IO_un_link
calls=1 +5 
* 109
+2 4

fl=(327)
fn=(4006)
1279 36
-1 36
+1 144
cfn=(4008) __printf_fp_l
calls=36 216 
* 85578

fn=(4008)
216 432
+82 36
-82 144
+50 36
-9 36
+17 36
-8 144
+11 72
fi=(328) ./stdio-common/../include/../locale/localeinfo.h
+54 72
fe=(327)
-51 36
fi=(328)
+51 36
fe=(327)
-51 36
+18 72
+43 36
234 36
-1 36
388 36
-1 72
+5 72
1272 432
396 252
+36 36
-44 36
+57 36
-13 144
+1 36
+1 72
+3 180
+1 72
+1 36
-2 36
+2 36
-1 36
-1 36
+2 36
-1 36
+1 36
+7 72
+17 36
+4 144
-4 72
+16 72
+11 36
-41 36
+10 36
+31 36
-30 252
+33 108
+41 36
+1 72
-1 36
+1 108
cfi=(187)
cfn=(1644)
calls=36 264 
* 360
* 36
+16 252
+18 12
-9 12
+2 24
-2 396
+2 792
-74 864
-4 432
+4 1764
-4 36
+4 144
+15 72
-13 144
+53 36
-2 216
cfi=(229) ./stdlib/./stdlib/mul.c
cfn=(2012) __mpn_mul
calls=36 48 
* 2808
+5 72
+1 72
+7 300
cfi=(187)
cfn=(1644)
calls=60 264 
* 600
* 60
+1 180
+1 180
+1 60
+3 60
-4 60
-1 60
+1 60
+1 180
+5 120
+1 72
+6 72
+4 36
+4 36
-4 36
+4 108
-4 360
+6 72
831 36
+10 36
-10 36
+10 36
+6 36
-16 36
+10 72
+6 36
-6 72
+2 72
+10 72
+20 252
+1 36
-13 36
+13 72
+4 36
+20 216
+3 72
396 216
cfi=(329) ./stdlib/../sysdeps/ieee754/dbl-64/dbl2mpn.c
cfn=(4012) __mpn_extract_double
calls=36 35 
* 756
* 144
+4 36
548 108
+3 216
cfi=(330) ./stdlib/./stdlib/cmp.c
cfn=(4014) __mpn_cmp
calls=72 35 
* 792
* 144
+3 120
840 36
+76 36
-1 108
+7 36
fi=(333) ./stdio-common/../sysdeps/pthread/allocalim.h
27 72
cfi=(332)
cfn=(4018)
calls=36 +1 
* 360
+2 108
fe=(327)
932 36
-8 36
+8 180
+1 36
+3 36
-3 36
+3 72
+3 360
+3 108
cfn=(4022) hack_digit
calls=36 170 
* 4171
* 288
cfn=(4022)
calls=96 170 
* 10996
* 132
-3 264
+3 144
-1 36
+5 216
+2 72
-4 36
+4 36
+14 72
-2 72
+1 108
+1 36
+1 528
+3 192
-1 192
+2 192
-1 192
cfn=(4022)
calls=192 170 
* 21663
* 192
+3 638
-7 192
+1 840
+15 144
+1 144
cfn=(4022)
calls=36 170 
* 3901
+2 108
-2 36
+2 180
+2 54
+3 4
-4 18
fi=(335) ./stdio-common/../sysdeps/generic/get-rounding-mode.h
94 18
+1 72
-1 18
+1 180
fi=(336) ./stdio-common/../include/rounding-mode.h
-43 91
fe=(327)
1097 38
+3 29
-1 29
-2 188
+7 72
+3 108
+13 108
+46 72
+2 36
-2 36
+2 108
+2 36
-2 36
+2 36
-2 36
-2 72
963 114
fi=(336)
49 16
fe=(327)
1008 34
-5 34
+5 17
-1 17
+1 79
+2 12
-2 24
+3 12
-3 24
+5 81
+1 30
+1 51
+2 34
+80 51
-69 34
+69 34
+69 72
+9 72
+2 72
+18 108
+5 108
cfi=(174)
cfn=(1256)
calls=36 65 
* 468
* 36
+2 72
-2 36
+2 72
+5 108
+2 72
+11 180
+1 72
+6 468
+3 590
+3 590
-6 885
+1 993
+1 72
-2 36
+2 36
cfi=(187)
cfn=(3790)
calls=36 251 
* 612
* 36
* 36
-2 252
+10 144
+17 4476
-86 72
+2 252
+10 180
+8 108
+69 72
+11 108
874 72
+15 36
-1 72
+1 72
+6 180
418 108
1254 108
fi=(336)
52 43
fe=(327)
474 36
-2 36
+2 36
-3 72
+3 144
-3 72
cfi=(224)
cfn=(2000)
calls=36 29 
* 540
+4 324
+1 72
+1 180
947 195
+36 48
+3 32
608 252
+16 72
+2 36
-2 36
cfi=(331)
cfn=(4016)
calls=36 29 
* 612
+3 72
-1 36
+1 36
-1 36
+1 108
cfi=(331)
cfn=(4016)
calls=36 29 
* 612
+2 216
+14 72
1039 36
1203 72
605 108

fn=(4022)
170 1440
+3 1080
+2 360
+2 720
-2 720
+8 720
+21 1080
cfi=(230)
cfn=(2014)
calls=360 32 
* 7200
+1 720
+1 1380
+4 1800
-23 2160
cfi=(334) ./stdlib/./stdlib/divrem.c
cfn=(4024) __mpn_divrem
calls=360 46 
* 15231
+2 360
-2 360
+2 1080
+3 360
-2 360
+2 360
+1 2160
+11 360
-4 720

fl=(191) ./libio/./libio/iofopen.c
fn=(1714) __fopen_internal
57 6
+8 1
-8 2
+8 1
cob=(2)
cfi=(52)
cfn=(1716) 0x0000000004b85368
calls=1 -65 
* 172
+2 3
+3 1
+2 2
-2 1
+2 5
cfi=(192)
cfn=(1718) _IO_no_init
calls=1 563 
* 53
+1 1
+1 1
-1 1
+1 1
cfi=(193)
cfn=(1722) _IO_new_file_init_internal
calls=1 +37 
* 113
+1 5
cfi=(193)
cfn=(1730) _IO_file_fopen@@GLIBC_2.2.5
calls=1 213 
* 201
* 2
-38 2
+44 7

fn=(1712) fopen@@GLIBC_2.2.5
86 2
cfn=(1714)
calls=1 -29 
* 581

fl=(158)
fn=(918)
37 251
+3 251
+3 251
-6 753
+3 251
+3 251
+35 5
-20 502
+1 2
cfi=(159)
cfn=(920)
calls=1 -35 
* 8
* 2
+4 1
-1 502
+4 1000
-16 188
+28 940
-4 250
cfi=(159)
cfn=(920)
calls=250 -50 
* 2376
* 500
+4 310

fl=(330)
fn=(4014)
35 144
+2 72
+1 72
+1 144
+8 360

fl=(223) ./stdlib/./stdlib/strtod_l.c
fn=(1990) ____strtod_l_internal
508 292
+79 146
-34 146
-45 1168
+53 438
+2 292
+32 438
+1 292
cfi=(174)
cfn=(1256)
calls=146 65 
* 1898
* 146
+1 438
-1 146
+1 146
+4 146
+10 146
-4 292
+3 584
+1 292
+3 292
-12 139
+17 278
+13 876
+1 292
+8 438
+91 146
-43 292
+19 73
514 73
708 438
+67 858
+1 292
+12 292
+16 292
+42 292
+9 1164
+1 293
+18 2
+6 1
+1 1
-1 1
+1 2
-1 1
+1 4
+5 4
+1 8
+5 4
+50 4
+2 8
+2 8
685 13
1770 1606
779 280
+22 280
-26 140
-36 584
+1 146
617 7
-1 7
+1 14
862 435
+2 145
-1 145
+1 290
+4 1310
+1 1036
+2 1554
-7 518
+1 1036
+6 411
-7 137
+1 274
-1 145
+1 725
+9 290
+6 290
+1 145
-1 145
+2 726
1013 292
+2 418
+2 64
-2 192
+3 64
+2 128
-3 64
+6 416
+19 156
+1 52
+5 266
+9 22
+2 66
-2 44
+2 44
+9 88
+1 88
+3 110
+4 22
+1 22
+98 220
+2 22
-1 22
+1 44
+3 88
-5 1110
+2 111
-1 111
+1 222
+3 444
+12 266
+3 266
1357 310
+18 186
+3 62
+13 62
-13 434
+8 124
+13 160
+3 80
+6 80
-6 80
-3 80
+3 480
+8 80
+20 80
-16 80
-1 80
-3 80
+20 80
-75 80
+75 80
-20 160
-56 80
+56 80
-56 80
-1 80
+77 80
-77 240
+71 80
+1 320
cfi=(187)
cfn=(1644)
calls=80 264 
* 960
* 80
+15 187
+1 187
+2 374
-26 448
+7 118
+1 118
-5 118
+2 236
+8 228
cfi=(229)
cfn=(2012)
calls=38 48 
* 2508
+4 76
+1 76
+1 74
+1 37
+3 37
-4 37
+5 37
+2 74
+2 400
378 80
+1 880
cfn=(1996) str_to_mpn.part.0.constprop.0
calls=80 -14 
* 10065
1466 240
+2 160
-2 160
+2 160
+28 1
-11 2
+2 2
-2 158
+2 160
893 2
+2 6
-2 2
+7 4
1042 26
+1 188
+2 188
765 65
-76 219
514 73
708 219
514 146
710 146
-1 219
+24 219
-1 73
+2 73
-2 73
+2 365
890 4
+5 6
+5 4
+36 6
-47 2
+49 2
+25 10
+5 8
-16 4
+18 4
-2 4
-5 10
+5 8
-16 4
+18 4
-2 4
+2 8
-2 8
+30 8
+3 8
-2 8
+2 8
+2 24
-35 8
681 1
881 2
1081 222
-9 222
739 146
+8 146
1153 5
1023 3
+3 6
+3 2
-3 3
906 1
1437 3
1006 28
378 71
1198 71
379 852
cfn=(1996)
calls=71 -14 
* 4845
1204 355
+40 71
-40 142
+4 1
+1 2
+1 1
-2 2
-1 6
+7 6
+2 2
+2 4
+7 2
-7 2
-2 2
+11 2
-9 2
+6 2
+1 2
-1 4
+1 12
cfi=(229)
cfn=(2012)
calls=2 48 
* 132
* 6
+8 2
+2 6
+6 4
-2 1
-1 1
+1 5
+4 5
+5 71
+1 71
-1 71
+1 71
-1 71
+1 213
+4 142
+6 142
+32 138
+3 51
+4 102
-4 51
+4 102
-4 51
+4 51
-4 204
+2 102
+10 255
cfi=(224)
cfn=(2000)
calls=51 29 
* 765
+4 102
+15 357
cfn=(2002) round_and_return
calls=51 215 
* 4743
* 51
1165 3
1552 1
+1 1
-59 1
+61 2
+33 1
+22 2
-27 3
+46 1
-19 2
-14 4
+36 16
+4 2
-1 11
cfn=(2002)
calls=1 215 
* 87
* 1
-21 10
+1 6
+4 8
+10 8
+3 6
-49 2
-89 79
+1 79
+1 474
+4 395
+38 243
+4 4
+1 1
-1 3
+1 1
-1 6
cfn=(2002)
calls=1 215 
* 87
* 156
+1 78
-1 234
+1 78
-1 468
cfn=(2002)
calls=78 215 
* 7143
* 79
-4 1083
+2 174
-68 395
cfi=(224)
cfn=(2000)
calls=79 29 
* 1189
+1 553
cfi=(224)
cfn=(2000)
calls=79 29 
* 1185
+1 237
+1 5
+63 140
cfi=(224)
cfn=(2000)
calls=20 29 
* 300
* 40
+4 20
-4 40
+2 20
+92 5
cfi=(224)
cfn=(2000)
calls=1 29 
* 15
* 4
-40 1
+40 11
-3 2
1391 62
+5 186
603 186
1042 162
1446 110
cfi=(187)
cfn=(1644)
calls=22 264 
* 264
* 22
* 44
+54 33
1262 8
+8 2
-5 4
+18 4
+3 6
+2 2
-2 18
cfn=(2002)
calls=2 215 
* 194
* 2
+44 90
cfi=(187)
cfn=(1644)
calls=18 264 
* 216
* 18
+27 108
+9 36
+3 54
+1 72
-95 4
-1 4
-7 2
+12 2
-12 4
+16 4

fn=(2002)
215 2128
fi=(225) ./stdlib/../sysdeps/generic/get-rounding-mode.h
94 133
+1 1064
fe=(223)
218 266
320 280
cfi=(226)
cfn=(2006)
calls=70 46 
* 700
+35 70
-35 210
fi=(227) ./stdlib/../stdlib/gmp.h
447 33
fe=(223)
328 33
fi=(227)
448 33
fe=(223)
328 33
+10 68
+17 96
-5 314
+5 399
+1 133
-1 266
+1 798
-1 133
cfi=(228) ./stdlib/../sysdeps/ieee754/dbl-64/mpn2dbl.c
cfn=(2010) __mpn_construct_double
calls=133 39 
* 1995
-42 266
-80 133
+83 133
-90 133
+90 133
+4 399
-1 707
+1 189
cfi=(226)
cfn=(2006)
calls=63 46 
* 630
* 126
fi=(227)
447 1
fe=(223)
328 1
fi=(227)
448 1
fe=(223)
328 1
+24 144
+1 72

fn=(1996)
365 302
+9 151
-9 1208
+10 151
-10 604
+61 698
+1 1396
-14 2792
+3 118
+7 59
+3 177
+3 118
-3 1278
+3 1278
-47 1396
+49 614
+7 450
+2 450
+2 151
+1 151
+15 1359
-25 1
+1 1
+1 1
-1 1
-1 1
+1 1
+6 3

fl=(338) ./string/../sysdeps/x86_64/multiarch/memchr-avx2.S
fn=(4044) __memchr_avx2
68 36
+2 36
+3 36
+1 36
+2 36
+1 36
+1 36
+1 36
+3 36
+1 36
+3 36
+1 36
+14 36
+5 36
+7 36
+1 36
+1 36
+1 36

fl=(91)
fn=(394)
57 6
-1 4
+4 6
+14 4
+3 4
+8 4
+8 4
+3 10

fn=(324)
57 9
-1 6
+4 9
+14 6
+3 6
+8 6
+8 6
+3 15

fn=(400)
57 3
-1 2
+4 3
+14 2
+3 2
+8 2
+8 2
+3 5

fl=(166) ./locale/./locale/newlocale.c
fn=(1148) newlocale
43 13
+12 2
277 12
63 2
+3 1
-10 1
+10 2
+7 3
+2 1
-2 1

fl=(341)
fn=(4082)
149 3
+1 4
+18 4

fl=(314) ./time/../sysdeps/unix/sysv/linux/clock_gettime.c
fn=(3804) clock_gettime@@GLIBC_2.17
38 144
+2 144
+28 144
+1 144
-25 72
+42 72

fl=(347)
fn=(4148)
368 2
cfn=(4150) __pthread_mutex_unlock_usercnt
calls=1 51 
* 33

fn=(4150)
51 3
+1 2
-4 1
+9 2
+5 1
+1 2
+2 1
-26 1
+1 4
+1 1
+31 1
+32 2
-30 2
+6 4
+4 3
+3 3

fl=(100)
fn=(346)
37 4
-1 2
fi=(101) ./string/../sysdeps/x86_64/multiarch/strcasecmp.c
-5 2
fe=(100)
+7 3
+3 2
+4 3
+3 4

fn=(358)
37 4
-1 2
fi=(105) ./string/../sysdeps/x86_64/multiarch/strncase_l.c
-5 2
fe=(100)
+7 3
+3 2
+4 3
+3 4

fn=(402)
37 4
-1 2
fi=(116) ./string/../sysdeps/x86_64/multiarch/strncase.c
-5 2
fe=(100)
+7 3
+3 2
+4 3
+3 4

fn=(378)
37 4
-1 2
fi=(111) ./string/../sysdeps/x86_64/multiarch/strcasecmp_l.c
-5 2
fe=(100)
+7 3
+3 2
+4 3
+3 4

fl=(257) ./string/../sysdeps/x86_64/multiarch/memset-vec-unaligned-erms.S
fn=(2986) __memset_avx2_unaligned_erms
167 22
+5 11
+1 11
+1 6
+1 6
+1 6
+13 6
+1 6
+2 12
+53 6
+1 6
+6 6
+1 6
+12 6
+3 6
+1 6
+76 5
+9 5
+1 5
+31 5
+1 5
+1 5

fl=(92)
fn=(326)
40 10
-2 4
fi=(93) ./wcsmbs/../sysdeps/x86_64/multiarch/wcschr.c
-7 4
fe=(92)
+10 4
+1 6
+3 4
+4 6
+3 10

fn=(336)
40 5
-2 2
fi=(96) ./wcsmbs/../sysdeps/x86_64/multiarch/wcscmp.c
-8 2
fe=(92)
+11 2
+1 3
+3 2
+4 3
+3 5

fl=(155)
fn=(904)
313 1
fi=(154)
3156 3
fe=(155)
313 5
+5 1
fi=(154)
3156 2
cfi=(156)
cfn=(906)
calls=1 29 
* 7
* 2
fe=(155)
343 2
+4 3
fi=(154)
1960 4
+3 1
-3 1
+3 2
-3 2
+3 126
-3 126
+3 252
-3 252
fe=(155)
352 3
fi=(154)
1971 1
+1 1
+2 1
fe=(155)
352 1
cob=(1)
cfi=(11)
cfn=(28)
calls=1 +56 
* 20
* 1
+1 4
cob=(1)
cfi=(11)
cfn=(28)
calls=1 +55 
* 19
* 1
+1 4
cob=(1)
cfi=(11)
cfn=(28)
calls=1 +54 
* 20
* 1
+1 4
cob=(1)
cfi=(11)
cfn=(28)
calls=1 +53 
* 20
* 1
+1 4
cob=(1)
cfi=(11)
cfn=(28)
calls=1 +52 
* 19
* 1
+1 4
cob=(1)
cfi=(11)
cfn=(28)
calls=1 +51 
* 20
* 1
+1 4
cob=(1)
cfi=(11)
cfn=(28)
calls=1 +50 
* 20
* 1
+2 4
cob=(1)
cfi=(11)
cfn=(28)
calls=1 +48 
* 20
* 1
+1 4
cob=(1)
cfi=(11)
cfn=(28)
calls=1 +47 
* 20
* 1
+1 4
cob=(1)
cfi=(11)
cfn=(28)
calls=1 +46 
* 20
* 1
+3 4
cob=(1)
cfi=(11)
cfn=(28)
calls=1 +43 
* 20
* 1
+1 4
cob=(1)
cfi=(11)
cfn=(28)
calls=1 +42 
* 20
* 1
+1 2
+63 7

fl=(83)
fn=(366)
40 5
-2 2
fi=(108) ./string/../sysdeps/x86_64/multiarch/memrchr.c
-9 2
fe=(83)
+12 2
+1 3
+3 2
+4 3
+3 5

fn=(332)
40 5
-2 2
fi=(95) ./string/../sysdeps/x86_64/multiarch/strrchr.c
-10 2
fe=(83)
+13 2
+1 3
+3 2
+4 3
+3 5

fn=(382)
40 15
-2 6
fi=(112) ./string/../sysdeps/x86_64/multiarch/strlen.c
-9 6
fe=(83)
+12 6
+1 9
+3 6
+4 9
+3 15

fn=(306)
40 10
-2 4
fi=(84) ./string/../sysdeps/x86_64/multiarch/strnlen.c
-7 4
fe=(83)
+10 4
+1 6
+3 4
+4 6
+3 10

fn=(370)
40 5
-2 2
fi=(109) ./string/../sysdeps/x86_64/multiarch/strchrnul.c
-7 2
fe=(83)
+10 2
+1 3
+3 2
+4 3
+3 5

fl=(85)
fn=(398)
36 5
fi=(369) ./string/../sysdeps/x86_64/multiarch/strspn.c
-7 1
fe=(85)

fn=(350)
36 5
fi=(370) ./string/../sysdeps/x86_64/multiarch/strcspn.c
-7 1
fe=(85)

fn=(310)
36 5
fi=(371) ./string/../sysdeps/x86_64/multiarch/strpbrk.c
-7 1
fe=(85)

fl=(147)
fn=(554)
31 2
-1 4
+1 3
+2 3
cfi=(148) ./string/../sysdeps/x86_64/multiarch/strrchr-avx2.S
cfn=(558) __strrchr_avx2
calls=1 +21 
* 28
* 1
+4 5
+1 3
+2 4

fl=(192)
fn=(1720) _IO_old_init
534 37
-2 37
+2 37
+5 37
-7 37
+2 37
+10 37
-10 37
+16 37
-11 37
-5 37
+16 37
-16 37
+21 37
-16 185
+16 74
+1 2
+2 37

fn=(3784)
371 657
+3 146
fi=(234)
940 7
fe=(192)
397 1
+2 2
-20 4
+2 3
+3 2
+2 2
+1 1
-1 1
cfi=(187)
cfn=(3790)
calls=1 251 
* 31
* 1
* 1
+1 1
-12 1
+29 584

fn=(1718)
563 333
+1 37
cfn=(1720)
calls=37 -30 
* 816
+1 37
+1 74
+2 1
+4 1
+7 1
+2 1
-9 5
+15 1
+1 6
-1 36
+1 216
-2 72

fn=(2106) _IO_unsave_markers
966 1
+2 1
-2 1
+2 1
+5 2
+2 2

fn=(4278) _IO_flush_all_lockp
686 2
+6 1
-6 9
+5 6
cfi=(194)
cfn=(1726)
calls=1 25 
* 12
+1 9
+3 1
-3 2
+3 2
+2 1
-10 1
+11 3
+3 3
+8 6
+2 3
-16 9
+6 2
-4 2
+4 16
+14 9
+1 2
cfi=(194)
cfn=(1728)
calls=1 55 
* 8
+4 12

fn=(1724) _IO_link_in
87 12
+1 2
-1 6
+1 6
+18 20
-16 1
+2 3
-2 1
+2 1
+1 1
-1 3
cfi=(194)
cfn=(1726)
calls=1 -67 
* 12
+1 9
+2 1
-1 1
-1 2
+2 10
+5 1
-3 1
-2 2
+3 1
-1 1
+3 12
+1 1
+1 7
+1 2
cfi=(194)
cfn=(1728)
calls=1 -48 
* 8
+3 1

fn=(2100)
54 4
+28 2
cfn=(2102) __GI__IO_un_link.part.0
calls=1 -30 
* 106

fn=(2102)
52 2
+7 1
-7 7
+6 6
cfi=(194)
cfn=(1726)
calls=1 -33 
* 12
+1 9
+2 1
-1 1
-1 2
+2 10
+13 1
-13 1
+2 1
+13 1
-15 2
+15 1
-13 2
+3 1
-1 2
+1 1
+8 2
+2 11
+2 2
-1 1
+1 7
+1 2
cfi=(194)
cfn=(1728)
calls=1 -24 
* 8
+3 9

fn=(3772) _IO_doallocbuf
344 2
-1 3
+3 4
+1 1
fi=(234)
940 3
+2 2
+1 2
fe=(192)
347 2
cfi=(311) ./libio/./libio/filedoalloc.c
cfn=(3774) _IO_file_doallocate
calls=1 78 
* 26142
* 2
+3 4

fn=(4284) _IO_default_setbuf
452 1
fi=(234)
940 1
fe=(192)
452 4
fi=(234)
940 1
fe=(192)
452 1
fi=(234)
940 1
fe=(192)
452 2
+1 1
fi=(234)
942 2
+1 2
fe=(192)
453 2
cfi=(193)
cfn=(4100) _IO_file_sync@@GLIBC_2.2.5
calls=1 792 
* 17
* 2
+4 1
330 1
462 1
-7 2
332 1
466 1
337 1
-4 1
+4 1
467 1
-1 3
+2 6
-11 1
+1 2
-1 1
330 4

fn=(2112)
329 342
+1 152
+5 76
-3 38
+3 76
-2 38
+2 76
+3 228

fn=(4276)
869 1
+3 1
-3 9
-83 1
+86 1
cfn=(4278)
calls=1 686 
* 121
-86 2
+86 1
-86 3
cfi=(194)
cfn=(1726)
calls=1 25 
* 12
+1 9
+3 1
-3 2
+3 2
fi=(234)
940 4
fe=(192)
805 6
+2 6
+37 3
-54 9
+10 6
+2 9
+10 1
+1 13
+8 5
+9 1
fi=(234)
942 2
+1 2
fe=(192)
830 4
cfi=(193)
cfn=(4282) _IO_file_setbuf@@GLIBC_2.2.5
calls=1 381 
* 78
+2 3
+4 5
+1 8
+11 9
+1 2
cfi=(194)
cfn=(1728)
calls=1 55 
* 8
+35 12
-59 1
-2 1
+3 1
-3 1
+2 3

fn=(2118) _IO_default_finish
601 2
+2 3
+6 3
+3 3
54 2
624 2

fl=(172)
fn=(1240)
51 512
+3 128

fl=(103)
fn=(354)
38 2
+1 1
-1 2
+1 2
+3 2
+4 3
+3 3
fi=(104) ./string/../sysdeps/x86_64/multiarch/strcat.c
-20 1
fe=(103)

fn=(374)
38 2
+1 1
-1 2
+1 2
+3 2
+4 3
+3 3
fi=(110) ./string/../sysdeps/x86_64/multiarch/strcpy.c
-20 1
fe=(103)

fn=(390)
38 2
+1 1
-1 2
+1 2
+3 2
+4 3
+3 3
fi=(114) ./string/../sysdeps/x86_64/multiarch/stpcpy.c
-16 1
fe=(103)

fl=(181)
fn=(1616)
30 1
+2 1
cfi=(182) ./setjmp/../sysdeps/x86_64/setjmp.S
cfn=(1618) __sigsetjmp
calls=1 * 
* 26

fl=(222) ./stdlib/./stdlib/strtod.c
fn=(1988) strtod
82 584
cfi=(223)
cfn=(1990)
calls=146 508 
* 90136

fl=(313)
fn=(3780)
154 1
-55 2
+70 3
+1 1

fl=(315) ./time/../sysdeps/unix/sysv/linux/clock.c
fn=(3810) clock
25 24
+6 24
-6 72
+6 48
cfi=(314)
cfn=(3804)
calls=24 +7 
* 240
* 48
+4 24
-1 24
+1 144
+1 120

fl=(350)
fn=(4164)
82 5
+1 5
-1 5
+1 15
fi=(351) ./posix/../malloc/dynarray-skeleton.c
243 5
fe=(350)
71 10
+38 20
+1 10

fl=(153)
fn=(874)
70 24
cfn=(876) __internal_atexit
calls=12 -34 
* 860

fn=(878) __new_exitfn
88 24
-6 48
+11 12
-10 12
+10 48
+2 24
+1 55
-1 24
-2 1
+10 1
-10 3
+13 22
+25 11
+1 22
-1 22
+7 11
+5 11
-4 11
+4 44
-5 1
+5 1
-4 1
+4 4
-18 1
-1 1
+12 1

fn=(876)
36 60
+5 24
+2 96
+1 24
cfn=(878)
calls=12 +44 
* 416
+2 24
+10 12
-3 12
+4 12
+1 12
-5 24
+2 12
+4 48
+1 12
+1 72

fl=(193)
fn=(4106) _IO_file_write@@GLIBC_2.2.5
1173 6
+2 4
-1 2
+6 1
cfi=(343) ./io/../sysdeps/unix/sysv/linux/write.c
cfn=(4108) write
calls=1 26 
* 7
+1 2
+5 1
+1 1
-12 2
+4 3
+1 2
+10 3
+3 6
-4 3

fn=(1732) _IO_file_open
182 1
+3 1
-3 7
+2 2
+4 1
cfi=(195)
cfn=(1734)
calls=1 30 
* 32
* 1
+1 2
+3 2
+3 1
-4 1
+1 4
+3 2
+10 2
cfi=(192)
cfn=(1724)
calls=1 87 
* 23
+1 1
+1 4

fn=(3768)
1204 169
-1 338
-6 1690
+13 169
+2 169
-2 507
+17 507
+1 336
+5 168
+2 168
+2 504
-2 168
cfi=(187)
cfn=(3790)
calls=168 251 
* 2598
* 168
+1 168
+1 168
-2 168
+4 336
+27 336
+1 1352
-68 1
+44 1
fi=(234)
940 3
+2 2
+1 2
fe=(193)
1243 3
cfn=(3770) _IO_file_overflow@@GLIBC_2.2.5
calls=1 731 
* 26221
* 2
+6 2
+1 4
+2 1
-2 1
+2 2
+11 2
+1 4
cfi=(192)
cfn=(3784)
calls=1 371 
* 77
+2 3

fn=(4102) new_do_write
431 1
fi=(234)
940 1
+2 1
fe=(193)
431 1
fi=(234)
940 1
fe=(193)
431 2
fi=(234)
940 1
fe=(193)
431 6
+12 1
-10 2
fi=(234)
942 2
+1 2
fe=(193)
448 4
cfn=(4106)
calls=1 1173 
* 43
+1 1
-1 1
+1 4
+2 1
+4 2
-3 2
-1 2
+4 3
-2 1
+4 9
-17 4
+14 3

fn=(1730)
213 11
+9 2
+2 6
356 12
224 1
+13 1
+10 9
+33 5
cfn=(1732)
calls=1 -98 
* 87
* 1
+3 2
+3 3
cfi=(196) ./string/../string/strstr.c
cfn=(1736) __GI_strstr
calls=1 77 
* 54
* 1
+1 2
-60 1
+1 1
-14 2

fn=(4100)
792 44
+5 44
+1 3
+1 11
+1 22
+11 22
+4 44
-17 2
cfn=(3782) _IO_do_write@@GLIBC_2.2.5
calls=1 425 
* 112
* 2

fn=(4282)
381 2
+1 1
cfi=(192)
cfn=(4284)
calls=1 +70 
* 65
* 2
+3 1
+4 2
-2 3
+3 2

fn=(3770)
731 3
+1 1
-1 1
+1 2
+7 4
+35 2
-32 2
+12 2
+9 3
+5 3
+2 2
-5 1
+5 1
+1 1
-5 1
+1 1
+4 4
+5 1
-1 1
+12 3
-11 1
-1 1
cfn=(3782)
calls=1 425 
* 4
-31 2
cfi=(192)
cfn=(3772)
calls=1 344 
* 26167
+1 1
+9 1
-9 5

fn=(3776) _IO_file_stat
1147 2
cfi=(312)
cfn=(3778)
calls=1 29 
* 13

fn=(2108) _IO_file_close
1167 2
cfi=(233)
cfn=(2110)
calls=1 26 
* 5

fn=(2116)
168 4
+1 2
+7 1
-1 2
+1 2
-1 1
cfi=(192)
cfn=(2118)
calls=1 601 
* 15

fn=(2104)
128 3
+2 3
+4 2
+3 1
-3 1
-1 2
+6 1
+3 1
-3 1
cfi=(192)
cfn=(2106)
calls=1 966 
* 8
+3 3
fi=(234)
940 3
+2 2
+1 2
fe=(193)
142 2
cfn=(2108)
calls=1 1167 
* 7
* 1
+3 3
+8 5
cfi=(192)
cfn=(2112)
calls=1 329 
* 27
+1 1
+3 1
-3 3
+3 1
cfi=(192)
cfn=(2100)
calls=1 54 
* 3
+5 1
-4 1
+1 1
+3 1
-2 1
+3 5

fn=(3782)
425 5
+1 1
-3 2
+2 1
cfn=(4102)
calls=1 +6 
* 101
* 1
+1 1
-1 3
+1 1

fn=(1722)
111 1
-5 2
+4 1
+3 1
cfi=(192)
cfn=(1724)
calls=1 -26 
* 105
+1 1
+1 2

fl=(221) ./stdlib/../stdlib/strtol_l.c
fn=(1980) ____strtoul_l_internal
225 72
+54 36
-54 144
+19 36
-19 108
+14 36
-14 36
+26 72
+31 144
+9 72
-3 36
+3 108
+2 72
+5 72
+5 36
-6 36
+7 108
+3 108
+10 56
+7 72
+3 144
-82 36
372 108
+1 108
+60 180
+26 36
+1 36
-84 36
-1 36
+96 72
-5 91
+5 91
+1 273
-41 182
+2 364
+2 273
+28 273
+3 182
+11 72
+5 108
+1 36
+12 72
+11 180
+18 324
309 16

fl=(352)
fn=(4286)
27 1
+3 1
+1 2

fl=(89)
fn=(318)
54 10
+3 6
+7 4
+9 4
+2 4
+10 4
+8 4
+3 10

fl=(171)
fn=(1238)
37 128
-1 128
+1 256
+2 128

fl=(199) ./locale/./locale/localeconv.c
fn=(1772) localeconv@@GLIBC_2.2.5
28 1
+4 1
-4 3
+2 1
-2 1
+2 1
+1 2
+1 1
+2 1
-2 1
+8 10
+1 3
+1 2
+1 1
+1 3
+6 7
+1 5
+1 5
+1 5
+1 5
+1 5
+1 5
+1 5
+1 5
+1 5
+1 5
+1 5
+1 1
+1 1
-1 4
+1 4
+3 2

fl=(138)
fn=(508)
38 1
+1 7
+1 1

fl=(182)
fn=(1618)
32 1
+9 1
+1 2
+1 1
+4 1
+1 1
+1 1
+1 1
+1 1
+2 2
+2 1
+1 1
+3 2
+2 1
+23 1
cfi=(183)
cfn=(1620)
calls=1 -56 
* 8

fl=(342) ./libio/./libio/iofflush.c
fn=(4098) fflush
33 20
-1 40
+7 130
+1 10
fi=(234)
940 30
+2 20
+1 20
fe=(342)
40 20
cfi=(193)
cfn=(4100)
calls=10 792 
* 289
fi=(234)
883 20
+1 100
fe=(342)
40 20
+4 40

fl=(169) ./wcsmbs/./wcsmbs/wctob.c
fn=(1230) wctob
30 896
+9 384
+6 128
-1 256
+37 1024

fl=(228)
fn=(2010)
39 133
-6 133
+7 1330
+6 133
+1 266

fl=(311)
fn=(3774)
78 8
+6 4
fi=(234)
940 3
+2 2
+1 2
fe=(311)
84 3
cfi=(193)
cfn=(3776)
calls=1 1147 
* 15
* 2
+2 4
+11 4
+4 2
cob=(2)
cfi=(52)
cfn=(1716)
calls=1 0 
* 26050
* 1
+1 2
+2 4
cfi=(192)
cfn=(2112)
calls=1 329 
* 27
+1 1
+1 8

fl=(308)
fn=(3728)
117 32
+5 8

fl=(149)
fn=(560)
84 4
+1 3
+1 3
+2 1

fl=(173) ./wctype/./wctype/wctype_l.c
fn=(1252) wctype_l
26 60
+7 10
-7 30
+3 10
cfi=(174)
cfn=(1256)
calls=10 +36 
* 130
* 10
+3 10
-3 10
+3 10
+1 10
+7 48
+1 96
-8 48
+2 96
cfi=(174)
cfn=(1256)
calls=48 +30 
* 624
* 48
* 20
cfi=(174)
cfn=(1256)
calls=10 +30 
* 130
* 10
* 58
+2 312
cfi=(175) ./string/../sysdeps/x86_64/multiarch/memcmp-avx2-movbe.S
cfn=(1260) __memcmp_avx2_movbe
calls=49 +43 
* 999
* 49
* 98
+8 10
+1 10
+1 80

fl=(323) ./libio/./libio/putc.c
fn=(3962) putc
25 1008
+3 336
+1 1176
+5 840

fl=(324) ./libio/./libio/vsnprintf.c
fn=(3994) vsnprintf
124 72
cfn=(3996) __vsnprintf_internal
calls=36 -29 
* 104442

fn=(3996)
95 468
+4 36
+5 72
+9 144
-3 252
cfi=(192)
cfn=(1718)
calls=36 563 
* 1584
+3 108
-2 36
+2 36
-2 36
+1 36
+1 36
cfi=(325)
cfn=(3998)
calls=36 -77 
* 2304
+1 180
cfi=(326)
cfn=(4000)
calls=36 684 
* 98574
+2 72
+1 72
+2 396

fl=(334)
fn=(4024)
46 3960
+3 720
+13 360
+1 360
-16 360
+18 720
+7 1971
+1 297
-1 594
+1 594
-1 594
+4 1080
+3 360
234 3240
68 7
-1 7
+1 7

fl=(229)
fn=(2012)
48 1216
+6 152
+12 152
+76 836
-71 76
+1 152
+69 76
-60 304
cfi=(230)
cfn=(2014)
calls=76 -49 
* 1952
* 228
+2 76
+1 76
+4 152

fl=(164) ./nptl/./nptl/pthread_once.c
fn=(1132) __pthread_once_slow
68 9
+8 1
+4 2
+52 9
-44 2
+4 2
+9 2
+13 13
cfi=(165)
cfn=(1134)
calls=1 -86 
* 6
+2 1
cob=(7)
cfi=(152)
cfn=(1136) 0x00000000000b9b20
calls=1 0 
* 1871
+2 3
cfi=(165)
cfn=(1150)
calls=1 -75 
* 5
fi=(167) ./nptl/../sysdeps/nptl/futex-internal.h
+91 3
fe=(164)
-85 1
fi=(167)
+85 5
fe=(164)

fn=(1130) pthread_once@@GLIBC_2.34
139 50
+1 100
+4 98
-1 1
cfn=(1132)
calls=1 -75 
* 1935

fl=(329)
fn=(4012)
35 36
-2 72
+4 108
+1 180
+9 72
+9 36
-9 36
+9 72
+47 36
+4 36
-4 36
+4 36

fl=(303)
fn=(3578)
47 196
+3 392
+8 784
+2 196

fl=(220) ./stdlib/../stdlib/strtol.c
fn=(1978) strtoul
106 144
cfi=(221)
cfn=(1980)
calls=36 225 
* 4789

fl=(102)
fn=(352)
38 5
+6 1

fl=(148)
fn=(558)
54 1
+1 1
+2 1
+1 1
+4 1
+1 1
+1 1
+3 1
+2 1
+1 1
+1 1
+1 1
+25 1
+1 1
+1 1
+1 1
+1 1
+26 1
+1 1
+4 2
+24 1
+3 1
+1 1
+1 1
+1 1
+1 1
+1 1

fl=(175)
fn=(1260)
80 1377069
+1 1377069
+3 1
+1 1
+1 1
+4 1
+1 1
+2 1
+1 1
+3 1
+1 1
+1 1
+3 1
+1 1
+3 1
+1 1
+3 1
+1 1
+1 1
+1 1
+1 1
+1 1
+1 1
+1 1
+1 1
+1 1
+3 1
+1 1
+6 1
+1 1
+1 1
+1 1
+4 1
+1 1
+2 1
+1 1
+1 1
+1 1
+3 1
+1 1
+1 1
+1 1
+1 1
+1 1
+2 2
+4 2661
+10 2661
+1 2661
+1 2661
+3 5322
401 1377068
+1 1377068
+5 1377068
+1 1377068
+1 1377068
+1 1377068
+1 1377068
+3 3464
+1 3464
+1 3464
+1 3464
+3 3464
+1 3464
+1 860
+1 1720
+6 1373604
+1 1373604
+2 1373536
+1 1373536
+2 338
+1 338
+2 317
+1 317
+1 317
+1 317
+1 317
+1 317
+1 317
+1 317
+1 317
+2 317
+2 48
+13 785006
+1 785006
+2 785006
+10 1373198
+1 1373198
+1 1373198
+1 1373198
+1 588469
+1 588469
+1 588469
+2 588469
+2 588461
+26 68
+1 68
+1 68
+1 68
+1 68
+4 11
+1 11
+1 11
+1 11
+1 11
+1 11
+2 11
+2 11
+24 21
+1 21
+1 21
+1 21
+1 21
+1 21
+1 21
+1 21
+1 21
+1 21
+2 21
+2 21

fl=(196)
fn=(1736)
77 7
+5 1
-5 3
+5 2
+2 4
cfi=(197)
cfn=(1740)
calls=1 -29 
* 20
* 1
* 1
+1 2
+44 1
+32 12

fl=(343)
fn=(4108)
26 6
+1 1

ob=(5)
fl=(145)
fn=(4190) 0x0000000000001050
0 5

fn=(546)
0 12

fn=(4180)
0 9
cob=(2)
cfi=(52)
cfn=(4186) 0x0000000004838030
calls=1 0 
0 134
0 1
cfn=(4190)
calls=1 0 
0 5
0 3

ob=(6)
fl=(150)
fn=(566)
0 42
cfn=(830) 0x0000000000003410
calls=1 0 
0 9
0 18
cfn=(596) 0x00000000000078e0
calls=1 0 
0 12
0 2
cfn=(830)
calls=1 0 
0 9
0 7
cfn=(830)
calls=1 0 
0 9
0 6
cfn=(596)
calls=1 0 
0 12
0 9
cfn=(830)
calls=1 0 
0 9
0 6
cfn=(830)
calls=1 0 
0 9
0 4
cfn=(830)
calls=1 0 
0 9
0 4
cfn=(596)
calls=1 0 
0 12
0 10
cfn=(568) 0x0000000000003430
calls=1 0 
0 441
0 17

fn=(832)
0 12

fn=(830)
0 54

fn=(4268) 0x00000000000045f0
0 5

fn=(568)
0 217
cfn=(596)
calls=1 0 
0 12
0 9
cfn=(596)
calls=1 0 
0 9
0 3
cfn=(596)
calls=1 0 
0 9
0 9
cfn=(596)
calls=1 0 
0 12
0 6
cfn=(596)
calls=1 0 
0 9
0 3
cfn=(596)
calls=1 0 
0 9
0 3
cfn=(596)
calls=1 0 
0 9
0 31
cfn=(596)
calls=1 0 
0 9
0 6
cfn=(596)
calls=1 0 
0 9
0 12
cfn=(596)
calls=1 0 
0 9
0 3
cfn=(596)
calls=1 0 
0 9
0 3
cfn=(596)
calls=1 0 
0 12
0 9
cfn=(596)
calls=1 0 
0 9
0 1

fn=(4258)
0 9
cob=(2)
cfi=(52)
cfn=(4264) 0x0000000004b42340
calls=1 0 
0 134
0 1
cfn=(4268)
calls=1 0 
0 5
0 3

fn=(596)
0 162

ob=(8)
fl=(242) /workspace/build/_deps/nlohmann_json-src/include/nlohmann/detail/iterators/primitive_iterator.hpp
fn=(2386) config::Config::getInt(std::__cxx11::basic_string<char, std::char_traits<char>, std::allocator<char> >, int) const
29 36
fi=(188) /workspace/src/config/parsing/Config.cpp
+13 180
fi=(241) /workspace/build/_deps/nlohmann_json-src/include/nlohmann/detail/iterators/iter_impl.hpp
+62 36
-4 36
fi=(212) /usr/include/c++/12/bits/stl_tree.h
270 36
fi=(216) /usr/include/c++/12/bits/stl_iterator.h
1069 36
fe=(242)
29 36
fi=(241)
+75 36
fi=(188)
-57 4
+1 20
fi=(210) /workspace/build/_deps/nlohmann_json-src/include/nlohmann/json.hpp
2671 36
fi=(214) /usr/include/c++/12/bits/stl_map.h
1218 36
fi=(212)
1004 36
fi=(214)
1218 36
cfi=(212)
cfn=(2310) std::_Rb_tree<std::__cxx11::basic_string<char, std::char_traits<char>, std::allocator<char> >, std::pair<std::__cxx11::basic_string<char, std::char_traits<char>, std::allocator<char> > const, nlohmann::json_abi_v3_11_3::basic_json<std::map, std::vector, std::__cxx11::basic_string<char, std::char_traits<char>, std::allocator<char> >, bool, long, unsigned long, double, std::allocator, nlohmann::json_abi_v3_11_3::adl_serializer, std::vector<unsigned char, std::allocator<unsigned char> >, void> >, std::_Select1st<std::pair<std::__cxx11::basic_string<char, std::char_traits<char>, std::allocator<char> > const, nlohmann::json_abi_v3_11_3::basic_json<std::map, std::vector, std::__cxx11::basic_string<char, std::char_traits<char>, std::allocator<char> >, bool, long, unsigned long, double, std::allocator, nlohmann::json_abi_v3_11_3::adl_serializer, std::vector<unsigned char, std::allocator<unsigned char> >, void> > >, std::less<void>, std::allocator<std::pair<std::__cxx11::basic_string<char, std::char_traits<char>, std::allocator<char> > const, nlohmann::json_abi_v3_11_3::basic_json<std::map, std::vector, std::__cxx11::basic_string<char, std::char_traits<char>, std::allocator<char> >, bool, long, unsigned long, double, std::allocator, nlohmann::json_abi_v3_11_3::adl_serializer, std::vector<unsigned char, std::allocator<unsigned char> >, void> > > >::find(std::__cxx11::basic_string<char, std::char_traits<char>, std::allocator<char> > const&)
calls=36 2528 
* 7645
fi=(210)
2671 36
fi=(188)
44 72
+1 64
cfi=(241)
cfn=(2318) nlohmann::json_abi_v3_11_3::detail::iter_impl<nlohmann::json_abi_v3_11_3::basic_json<std::map, std::vector, std::__cxx11::basic_string<char, std::char_traits<char>, std::allocator<char> >, bool, long, unsigned long, double, std::allocator, nlohmann::json_abi_v3_11_3::adl_serializer, std::vector<unsigned char, std::allocator<unsigned char> >, void> const>::operator->() const
calls=32 328 
* 224
fi=(210)
1394 32
fi=(188)
45 32
fi=(243) /workspace/build/_deps/nlohmann_json-src/include/nlohmann/detail/conversions/from_json.hpp
342 64
+9 32
fi=(188)
48 160
fe=(242)

fn=(2336) nlohmann::json_abi_v3_11_3::detail::iter_impl<nlohmann::json_abi_v3_11_3::basic_json<std::map, std::vector, std::__cxx11::basic_string<char, std::char_traits<char>, std::allocator<char> >, bool, long, unsigned long, double, std::allocator, nlohmann::json_abi_v3_11_3::adl_serializer, std::vector<unsigned char, std::allocator<unsigned char> >, void> const> nlohmann::json_abi_v3_11_3::basic_json<std::map, std::vector, std::__cxx11::basic_string<char, std::char_traits<char>, std::allocator<char> >, bool, long, unsigned long, double, std::allocator, nlohmann::json_abi_v3_11_3::adl_serializer, std::vector<unsigned char, std::allocator<unsigned char> >, void>::find<char const (&) [7], 0>(char const (&) [7]) const
29 4
fi=(210)
2697 32
fe=(242)
29 4
fi=(241)
+75 4
-4 4
fi=(212)
270 4
fi=(216)
1069 4
fi=(241)
104 8
fi=(210)
2707 36
fi=(241)
249 4
fi=(212)
745 4
1004 8
fi=(241)
249 4
fi=(212)
1336 8
fi=(185) /usr/include/c++/12/bits/char_traits.h
395 12
cob=(3)
cfi=(174)
cfn=(1256)
calls=4 65 
* 52
* 4
fi=(212)
754 4
fi=(185)
395 8
-10 28
cob=(3)
cfi=(175)
cfn=(1260)
calls=14 80 
* 282
* 14
fi=(186) /usr/include/c++/12/bits/basic_string.tcc
896 28
fi=(185)
+94 20
fi=(212)
792 4
1336 8
fi=(218) /usr/include/c++/12/compare
59 14
fi=(185)
395 56
-23 28
fi=(184) /usr/include/c++/12/bits/basic_string.h
483 4
+2 12
+2 12
+3 4
fi=(185)
990 8
fi=(212)
783 10
1340 10
-4 20
-30 8
fi=(235) /usr/include/c++/12/bits/stl_function.h
608 16
cfi=(184)
cfn=(2352) decltype ((__char_traits_cmp_cat<std::char_traits<char> >)(0)) std::operator<=><char, std::char_traits<char>, std::allocator<char> >(std::__cxx11::basic_string<char, std::char_traits<char>, std::allocator<char> > const&, char const*) [clone .isra.0]
calls=4 3627 
* 280
fi=(212)
1306 8
fi=(210)
2703 8
+3 4
fi=(212)
1340 8
fe=(242)

fn=(2376) config::Config::getBool(std::__cxx11::basic_string<char, std::char_traits<char>, std::allocator<char> >, bool) const
29 18
fi=(188)
+21 90
fi=(241)
+54 18
-4 18
fi=(212)
270 18
fi=(216)
1069 18
fe=(242)
29 18
fi=(241)
+75 18
fi=(188)
-49 6
+1 90
fi=(210)
2671 18
fi=(214)
1218 18
fi=(212)
1004 18
fi=(214)
1218 18
cfi=(212)
cfn=(2310)
calls=18 2528 
* 3598
fi=(210)
2671 18
fi=(188)
52 72
cfi=(241)
cfn=(2318)
calls=12 328 
* 84
* 24
+1 24
cfi=(241)
cfn=(2318)
calls=12 328 
* 84
fi=(243)
+33 12
fi=(188)
-33 12
fi=(243)
+33 12
+4 12
fi=(188)
-37 12
fe=(242)

fn=(2394) config::Config::getDouble(std::__cxx11::basic_string<char, std::char_traits<char>, std::allocator<char> >, double) const
29 178
fi=(188)
+5 712
fi=(241)
+70 178
-4 178
fi=(212)
270 178
fi=(216)
1069 178
fe=(242)
29 178
fi=(241)
+75 178
fi=(188)
-64 22
-1 22
+1 66
fi=(210)
2671 178
fi=(214)
1218 178
fi=(212)
1004 178
fi=(214)
1218 178
cfi=(212)
cfn=(2310)
calls=178 2528 
* 35469
fi=(210)
2671 178
fi=(188)
36 356
+1 312
cfi=(241)
cfn=(2318)
calls=156 328 
* 1092
fi=(243)
+86 156
fi=(210)
1609 156
fi=(188)
37 156
fi=(243)
+86 156
cfn=(2402) void nlohmann::json_abi_v3_11_3::detail::get_arithmetic_value<nlohmann::json_abi_v3_11_3::basic_json<std::map, std::vector, std::__cxx11::basic_string<char, std::char_traits<char>, std::allocator<char> >, bool, long, unsigned long, double, std::allocator, nlohmann::json_abi_v3_11_3::adl_serializer, std::vector<unsigned char, std::allocator<unsigned char> >, void>, double, 0>(nlohmann::json_abi_v3_11_3::basic_json<std::map, std::vector, std::__cxx11::basic_string<char, std::char_traits<char>, std::allocator<char> >, bool, long, unsigned long, double, std::allocator, nlohmann::json_abi_v3_11_3::adl_serializer, std::vector<unsigned char, std::allocator<unsigned char> >, void> const&, double&)
calls=156 -72 
* 2672
fi=(210)
1611 156
fi=(188)
40 624
fe=(242)

fl=(211) /workspace/build/_deps/nlohmann_json-src/include/nlohmann/detail/input/json_sax.hpp
fn=(1832) nlohmann::json_abi_v3_11_3::detail::json_sax_dom_parser<nlohmann::json_abi_v3_11_3::basic_json<std::map, std::vector, std::__cxx11::basic_string<char, std::char_traits<char>, std::allocator<char> >, bool, long, unsigned long, double, std::allocator, nlohmann::json_abi_v3_11_3::adl_serializer, std::vector<unsigned char, std::allocator<unsigned char> >, void> >::start_object(unsigned long)
228 486
fi=(216)
1073 54
fe=(211)
230 54
+81 108
+8 159
fi=(210)
4198 240
cfn=(1836) nlohmann::json_abi_v3_11_3::basic_json<std::map, std::vector, std::__cxx11::basic_string<char, std::char_traits<char>, std::allocator<char> >, bool, long, unsigned long, double, std::allocator, nlohmann::json_abi_v3_11_3::adl_serializer, std::vector<unsigned char, std::allocator<unsigned char> >, void>::json_value::json_value(nlohmann::json_abi_v3_11_3::detail::value_t)
calls=48 453 
* 10272
fe=(211)
327 48
fi=(237) /usr/include/c++/12/bits/move.h
205 48
fi=(210)
4216 48
fi=(237)
205 48
-1 48
+1 48
-1 48
+2 48
-1 48
+1 48
fi=(210)
4216 48
cfn=(1842) nlohmann::json_abi_v3_11_3::basic_json<std::map, std::vector, std::__cxx11::basic_string<char, std::char_traits<char>, std::allocator<char> >, bool, long, unsigned long, double, std::allocator, nlohmann::json_abi_v3_11_3::adl_serializer, std::vector<unsigned char, std::allocator<unsigned char> >, void>::json_value::destroy(nlohmann::json_abi_v3_11_3::detail::value_t)
calls=48 554 
* 1200
fe=(211)
328 48
fi=(204) /usr/include/c++/12/bits/vector.tcc
114 146
fi=(207) /usr/include/c++/12/bits/stl_construct.h
-17 50
fi=(204)
+22 100
fe=(211)
232 108
+6 486
+83 5
fi=(204)
114 15
fi=(216)
1073 5
fe=(211)
322 5
fi=(216)
1073 5
+81 10
fi=(204)
114 10
439 4
fi=(208) /usr/include/c++/12/bits/stl_vector.h
988 4
1893 4
988 12
1893 8
fi=(205) /usr/include/c++/12/bits/stl_algobase.h
259 20
fi=(208)
378 8
fi=(207)
97 4
fi=(204)
477 4
fi=(213) /usr/include/c++/12/bits/stl_uninitialized.h
1105 8
fi=(208)
386 2
fi=(204)
515 4
+1 4
+1 8
fi=(210)
4198 5
cfn=(1836)
calls=1 453 
* 214
fe=(211)
313 1
fi=(237)
205 1
fi=(210)
4216 1
fi=(237)
205 1
-1 1
+1 1
-1 1
+2 1
-1 1
+1 1
fi=(210)
4216 1
cfn=(1842)
calls=1 554 
* 25
fe=(211)
314 1
fi=(204)
114 2
+9 15
cfi=(208)
cfn=(2046) void std::vector<nlohmann::json_abi_v3_11_3::basic_json<std::map, std::vector, std::__cxx11::basic_string<char, std::char_traits<char>, std::allocator<char> >, bool, long, unsigned long, double, std::allocator, nlohmann::json_abi_v3_11_3::adl_serializer, std::vector<unsigned char, std::allocator<unsigned char> >, void>, std::allocator<nlohmann::json_abi_v3_11_3::basic_json<std::map, std::vector, std::__cxx11::basic_string<char, std::char_traits<char>, std::allocator<char> >, bool, long, unsigned long, double, std::allocator, nlohmann::json_abi_v3_11_3::adl_serializer, std::vector<unsigned char, std::allocator<unsigned char> >, void> > >::_M_realloc_insert<nlohmann::json_abi_v3_11_3::detail::value_t>(__gnu_cxx::__normal_iterator<nlohmann::json_abi_v3_11_3::basic_json<std::map, std::vector, std::__cxx11::basic_string<char, std::char_traits<char>, std::allocator<char> >, bool, long, unsigned long, double, std::allocator, nlohmann::json_abi_v3_11_3::adl_serializer, std::vector<unsigned char, std::allocator<unsigned char> >, void>*, std::vector<nlohmann::json_abi_v3_11_3::basic_json<std::map, std::vector, std::__cxx11::basic_string<char, std::char_traits<char>, std::allocator<char> >, bool, long, unsigned long, double, std::allocator, nlohmann::json_abi_v3_11_3::adl_serializer, std::vector<unsigned char, std::allocator<unsigned char> >, void>, std::allocator<nlohmann::json_abi_v3_11_3::basic_json<std::map, std::vector, std::__cxx11::basic_string<char, std::char_traits<char>, std::allocator<char> >, bool, long, unsigned long, double, std::allocator, nlohmann::json_abi_v3_11_3::adl_serializer, std::vector<unsigned char, std::allocator<unsigned char> >, void> > > >, nlohmann::json_abi_v3_11_3::detail::value_t&&)
calls=5 1893 
* 2592
* 5
fi=(213)
1117 12
cob=(3)
cfi=(187)
cfn=(1644)
calls=3 264 
* 33
* 3
fi=(204)
514 6
fi=(206) /usr/include/c++/12/bits/new_allocator.h
158 6
cob=(7)
cfi=(152)
cfn=(1866) operator delete(void*, unsigned long)
calls=3 0 
* 282
* 3
* 3
fi=(208)
1897 12
fi=(206)
137 16
cob=(7)
cfi=(152)
cfn=(1638) operator new(unsigned long)
calls=4 0 
* 613
* 4
* 8
fi=(204)
517 8
fe=(211)

fn=(2026) nlohmann::json_abi_v3_11_3::detail::json_sax_dom_parser<nlohmann::json_abi_v3_11_3::basic_json<std::map, std::vector, std::__cxx11::basic_string<char, std::char_traits<char>, std::allocator<char> >, bool, long, unsigned long, double, std::allocator, nlohmann::json_abi_v3_11_3::adl_serializer, std::vector<unsigned char, std::allocator<unsigned char> >, void> >::start_array(unsigned long)
260 153
fi=(216)
1073 17
fe=(211)
262 17
+49 34
+8 51
fi=(210)
4198 85
cfn=(1836)
calls=17 453 
* 2917
fe=(211)
327 17
fi=(237)
205 17
fi=(210)
4216 17
fi=(237)
205 17
-1 17
+1 17
-1 17
+2 17
-1 17
+1 17
fi=(210)
4216 17
cfn=(1842)
calls=17 554 
* 425
fe=(211)
328 17
fi=(204)
114 51
fi=(207)
-17 17
fi=(204)
+22 34
fe=(211)
264 34
+6 153

fn=(1992) nlohmann::json_abi_v3_11_3::basic_json<std::map, std::vector, std::__cxx11::basic_string<char, std::char_traits<char>, std::allocator<char> >, bool, long, unsigned long, double, std::allocator, nlohmann::json_abi_v3_11_3::adl_serializer, std::vector<unsigned char, std::allocator<unsigned char> >, void>* nlohmann::json_abi_v3_11_3::detail::json_sax_dom_parser<nlohmann::json_abi_v3_11_3::basic_json<std::map, std::vector, std::__cxx11::basic_string<char, std::char_traits<char>, std::allocator<char> >, bool, long, unsigned long, double, std::allocator, nlohmann::json_abi_v3_11_3::adl_serializer, std::vector<unsigned char, std::allocator<unsigned char> >, void> >::handle_value<bool&>(bool&) [clone .isra.0]
309 63
fi=(216)
1073 9
fe=(211)
311 18
+8 27
fi=(210)
838 9
fi=(217) /workspace/build/_deps/nlohmann_json-src/include/nlohmann/detail/conversions/to_json.hpp
52 18
fe=(211)
327 9
fi=(210)
4216 9
fi=(237)
205 9
-1 18
+1 18
+1 18
fi=(210)
4216 9
cfn=(1842)
calls=9 554 
* 225
fe=(211)
329 72

fl=(260) /workspace/src/app/scene/PreparedScene.cpp
fn=(3412) app::PreparedScene::updateSimulation(double)
85 1
+1 1
-1 6
+1 3
cfi=(261) /workspace/src/simulation/OrbitalSystem.h
cfn=(3176) simulation::OrbitalSystem::at(double) const
calls=1 219 
* 15436
fi=(208)
+29 2
+2 2
-2 2
+2 1
386 2
-19 1
fi=(206)
158 1
cob=(7)
cfi=(152)
cfn=(1866)
calls=1 0 
* 94
* 1
fi=(208)
1124 2
fe=(260)
90 2
fi=(267) /workspace/build/_deps/glm-src/glm/./ext/../detail/type_vec3.inl
623 1
fe=(260)
90 2
fi=(267)
623 1
fi=(273) /workspace/src/rendering/camera/OrbitCamera.h
91 1
fe=(260)
-1 1
fi=(247) /usr/include/c++/12/cmath
563 1
fi=(267)
154 1
fi=(247)
563 1
fi=(267)
+60 1
fi=(247)
-60 1
fi=(273)
91 1
fi=(267)
+64 4
fi=(273)
-64 1
fi=(247)
563 2
fi=(273)
91 2
fi=(247)
563 2
fi=(273)
91 5
+19 1
-17 6
+17 2
cob=(4)
cfi=(293) ./math/../sysdeps/ieee754/flt-32/s_sincosf.c
cfn=(3424) __sincosf_fma
calls=1 -66 
* 46
cob=(1)
cfi=(141)
cfn=(520)
calls=1 -34 
* 706
* 5
* 8
+1 1
cob=(4)
cfi=(293)
cfn=(3424)
calls=1 -67 
* 46
* 1
* 2
fe=(260)
-18 1
fi=(273)
+18 3
fi=(267)
620 2
fi=(273)
111 1
fi=(267)
620 1
fe=(260)
93 1
fi=(267)
620 3
fi=(273)
114 4
fe=(260)
-22 3
+1 1
-1 1
+1 1
fi=(208)
1124 1
fi=(267)
154 1
fi=(208)
1124 1
fe=(260)
94 6
fi=(267)
+60 1
fi=(247)
563 1
fe=(260)
94 1
fi=(267)
+61 1
fi=(247)
563 1
fi=(273)
91 1
fi=(267)
+64 4
fi=(273)
-64 1
fi=(247)
563 2
fi=(273)
91 2
fi=(247)
563 1
fi=(273)
91 2
+19 4
-17 4
+17 2
cob=(4)
cfi=(293)
cfn=(3424)
calls=1 -66 
* 46
* 1
* 8
+1 1
cob=(4)
cfi=(293)
cfn=(3424)
calls=1 -67 
* 46
* 1
* 5
fi=(267)
620 2
fi=(273)
111 1
fi=(267)
620 1
fe=(260)
97 1
fi=(267)
620 3
fi=(273)
114 4
fe=(260)
-17 1
+1 1
+1 1
+2 2
-2 2
fi=(208)
1124 1
fe=(260)
99 1
fi=(208)
1124 2
fe=(260)
101 1
-2 1
cfi=(280) /workspace/src/coordinates/PlanetLocalFrame.h
cfn=(3258) coordinates::PlanetLocalFrame::PlanetLocalFrame(glm::vec<3, double, (glm::qualifier)0> const&, double, glm::mat<3, 3, double, (glm::qualifier)0> const&)
calls=1 -63 
* 219
+2 1
fi=(259) /usr/include/c++/12/optional
307 1
fe=(260)
99 2
cfi=(282) /workspace/src/rendering/camera/PlanetSurfaceCamera.h
cfn=(3432) PlanetSurfaceCamera::followPlanet(coordinates::PlanetLocalFrame const&, glm::vec<3, double, (glm::qualifier)0> const&)
calls=1 -63 
* 522
+4 7

fn=(3084) app::PreparedScene::PreparedScene(config::ScenarioConfig)
4 7
fi=(184)
252 1
fe=(260)
4 2
fi=(184)
241 1
fe=(260)
4 1
fi=(184)
204 1
+30 1
673 2
241 1
-12 1
-5 1
+28 1
-23 1
fi=(185)
354 1
fi=(184)
204 1
+30 1
673 2
241 1
-12 1
-5 1
+28 1
-23 1
fi=(185)
354 1
fi=(184)
204 1
+30 1
673 2
fi=(239) /workspace/src/config/ScenarioConfig.h
19 1
fi=(184)
224 1
fi=(208)
108 1
fi=(184)
241 1
-12 1
+23 1
fi=(239)
19 1
fi=(184)
229 1
fi=(208)
107 1
fi=(185)
354 1
fi=(239)
19 1
fi=(208)
+87 1
+1 1
-1 1
+1 1
-1 1
+2 2
-1 1
fi=(239)
-76 1
-12 1
+12 2
fi=(208)
+77 2
fi=(239)
-77 2
fi=(208)
+75 1
fi=(239)
-75 1
fi=(208)
+75 1
fi=(239)
-75 1
fi=(208)
+75 2
fi=(239)
-75 2
fi=(208)
+75 1
+1 1
+1 1
fi=(239)
250 2
fi=(208)
107 1
fi=(239)
250 1
fi=(208)
106 1
+2 2
fi=(239)
250 2
fi=(208)
106 2
+2 2
-2 1
+1 1
+1 1
-1 1
fi=(239)
250 15
fi=(208)
107 1
-1 1
+2 1
-1 1
fi=(239)
233 1
fi=(208)
108 1
fi=(239)
233 1
fi=(184)
-29 1
+30 1
fi=(208)
106 2
fi=(184)
673 2
224 1
+37 2
1071 1
fi=(239)
233 1
fi=(184)
-4 1
fe=(260)
6 2
fi=(239)
233 1
fe=(260)
6 1
fi=(239)
233 1
fi=(184)
-9 1
fi=(239)
+9 4
fe=(260)
6 1
fi=(184)
229 1
fi=(239)
+4 1
fi=(185)
354 1
fi=(239)
233 12
fe=(260)
6 1
cfi=(261)
cfn=(3092) simulation::OrbitalSystem::OrbitalSystem(config::ScenarioConfig const&)
calls=1 183 
* 14186
* 6
cfi=(261)
cfn=(3176)
calls=1 219 
* 3385
fi=(208)
+94 1
fe=(260)
-91 2
+3 1
-3 1
fi=(208)
+91 1
fe=(260)
-91 1
fi=(273)
+14 1
fe=(260)
-11 1
fi=(273)
+11 3
fe=(260)
-14 2
fi=(208)
+91 1
fi=(267)
-42 1
fi=(273)
-35 2
fe=(260)
-16 1
fi=(273)
+16 3
fi=(267)
+35 1
-2 1
+2 1
-2 3
+2 1
fi=(273)
-35 2
cfn=(3190) OrbitCamera::OrbitCamera(glm::vec<3, float, (glm::qualifier)0> const&, glm::vec<3, float, (glm::qualifier)0> const&, OrbitCamera::Settings const&)
calls=1 +2 
* 1712
fe=(260)
-11 1
fi=(267)
+23 1
fi=(208)
988 2
fi=(267)
35 1
fi=(208)
988 1
fi=(267)
35 1
fe=(260)
-23 2
+1 2
fi=(259)
120 1
fe=(260)
12 1
fi=(208)
988 2
fi=(259)
120 1
fi=(208)
988 1
fe=(260)
12 1
fi=(208)
988 1
fe=(260)
13 1
-1 1
fi=(208)
988 1
fi=(204)
70 2
fi=(208)
1075 6
fi=(204)
72 2
fe=(260)
-57 4
fi=(208)
988 2
fi=(259)
214 1
-87 1
+87 2
fi=(239)
+47 1
fe=(260)
22 1
fi=(205)
230 1
fi=(239)
+31 1
fi=(205)
-26 2
fi=(259)
-21 1
fi=(239)
+47 1
fe=(260)
22 1
fi=(205)
230 1
fi=(239)
+31 1
fi=(205)
-26 2
fi=(185)
372 4
fi=(204)
114 2
fe=(260)
-93 2
-1 4
fi=(204)
+94 4
fi=(207)
-17 10
cfi=(279) /workspace/src/rendering/geometry/Terrain.cpp
cfn=(3230) rendering::TerrainSurface::TerrainSurface(std::vector<config::PlanetConfig::SurfaceNoiseFunction, std::allocator<config::PlanetConfig::SurfaceNoiseFunction> > const&, config::PlanetConfig::TerrainLod const&, double, double, config::PlanetConfig::TerrainLandscape const&, std::optional<double>, config::PlanetConfig::TerrainMaterial const&)
calls=2 593 
* 1140
fi=(204)
+22 2
fi=(208)
988 4
fe=(260)
15 2
fi=(208)
988 6
fe=(260)
15 4
fi=(267)
155 2
-1 2
+2 2
fi=(208)
1124 2
fe=(260)
17 4
fi=(267)
155 2
-1 2
fe=(260)
17 2
fi=(267)
156 2
fe=(260)
17 12
fi=(267)
668 4
fe=(260)
17 2
fi=(267)
668 2
+45 6
fi=(272) /workspace/build/_deps/glm-src/glm/./ext/../detail/../detail/../detail/func_geometric.inl
53 10
-41 2
fe=(260)
+6 6
+5 2
+2 2
-2 2
fi=(259)
+97 2
fi=(185)
385 12
cob=(3)
cfi=(175)
cfn=(1260)
calls=2 80 
* 36
* 2
fi=(186)
896 12
fi=(239)
261 8
fe=(260)
27 2
+28 1
+3 1
fi=(239)
166 2
fe=(260)
58 4
fi=(239)
166 1
fi=(258) /usr/include/c++/12/bits/std_abs.h
-94 2
fi=(239)
+94 2
fi=(216)
1073 2
fe=(260)
61 3
+1 1
fi=(216)
1107 1
fe=(260)
61 2
+1 1
fi=(216)
1107 1
fe=(260)
61 2
+4 1
-2 1
+2 3
fi=(205)
260 5
-25 2
fi=(185)
372 2
+13 7
cob=(3)
cfi=(175)
cfn=(1260)
calls=1 80 
* 18
* 1
fi=(186)
896 4
fe=(260)
63 1
fi=(185)
385 3
fe=(260)
63 1
fi=(185)
385 1
cob=(3)
cfi=(175)
cfn=(1260)
calls=1 80 
* 18
* 1
fi=(186)
896 4
fi=(184)
483 2
fi=(239)
261 3
fe=(260)
67 1
+3 2
fi=(267)
666 1
fe=(260)
73 1
-3 1
fi=(267)
668 1
fe=(260)
68 1
+2 1
+2 1
-2 1
fi=(205)
260 1
fe=(260)
72 1
fi=(205)
260 1
fe=(260)
72 3
fi=(205)
254 1
+6 4
fe=(260)
73 1
fi=(267)
668 6
+45 1
fi=(272)
53 1
fi=(267)
713 1
fi=(272)
53 2
fi=(267)
713 2
fi=(272)
53 4
-41 1
fe=(260)
+64 3
fi=(267)
677 1
fi=(259)
317 1
fi=(267)
154 1
+2 1
677 1
fe=(260)
81 2
fi=(267)
+73 1
+2 1
-2 2
+2 1
-2 1
+2 1
fi=(259)
317 1
fi=(207)
119 1
fe=(260)
12 1
fi=(207)
119 3
cfi=(273)
cfn=(3190)
calls=1 -94 
* 297
fi=(259)
280 1
fe=(260)
83 8
fi=(206)
+54 1
fi=(208)
988 1
fi=(206)
137 2
fi=(208)
988 1
fi=(206)
137 4
cob=(7)
cfi=(152)
cfn=(1638)
calls=1 0 
* 54
* 1
fi=(204)
-57 2
fi=(206)
+57 1
fi=(213)
1091 1
-1 1
+1 3
fi=(208)
386 2
fi=(204)
98 1
-1 1
-1 1
+1 1
fi=(208)
988 1
fi=(204)
98 1
fi=(208)
988 1
fi=(204)
98 2
fe=(260)
-69 1
+3 1
-3 1
fi=(208)
1124 1
fe=(260)
32 2
fi=(208)
1124 4
fe=(260)
32 1
fi=(208)
1124 2
fe=(260)
32 2
cfi=(280)
cfn=(3258)
calls=1 +4 
* 219
+6 4
fi=(205)
235 2
fi=(185)
372 2
+13 3
cob=(3)
cfi=(175)
cfn=(1260)
calls=1 80 
* 18
* 1
fi=(186)
896 2
fi=(239)
261 2
fe=(260)
38 3
-3 2
fi=(259)
317 1
fe=(260)
35 2
fi=(259)
317 1
fi=(282)
19 3
fe=(260)
-7 1
fi=(282)
+7 8
fi=(207)
119 1
fi=(282)
19 10
fi=(207)
119 1
fi=(282)
19 1
cfi=(280)
cfn=(3268) coordinates::PlanetLocalFrame::toWorld(coordinates::LatLonAlt const&) const
calls=1 +35 
* 325
+2 1
-1 1
+1 4
200 1
20 1
+1 1
-1 1
fi=(247)
567 1
fi=(282)
20 1
+1 1
fi=(247)
567 1
fi=(282)
22 1
-2 1
fi=(247)
567 1
fi=(259)
120 1
fi=(282)
+80 1
fi=(259)
-80 1
fi=(282)
20 1
+1 1
200 1
fi=(247)
567 2
fi=(282)
200 2
fi=(247)
567 2
fi=(282)
200 2
fi=(247)
567 2
fi=(282)
22 4
+1 2
fi=(247)
567 1
fi=(282)
23 2
+1 2
+3 2
cfn=(3274) PlanetSurfaceCamera::aimAt(glm::vec<3, double, (glm::qualifier)0> const&)
calls=1 204 
* 3850
fe=(260)
+12 1
fi=(259)
280 1
fe=(260)
39 2
+3 1
fi=(184)
3599 3
fi=(205)
235 2
fi=(185)
372 2
+13 4
cob=(3)
cfi=(175)
cfn=(1260)
calls=1 80 
* 18
* 1
fi=(186)
896 3
fi=(259)
127 1
+87 1
fe=(260)
39 5
fi=(208)
1124 5
fe=(260)
39 1
cfi=(282)
cfn=(3330) PlanetSurfaceCamera::mountTerrain(rendering::TerrainSurface const&, double, std::optional<double>)
calls=1 157 
* 9186
+5 2
+2 1
+1 1
-1 2
+1 1
+4 4
fi=(267)
-11 3
fe=(260)
+11 1
cfi=(282)
cfn=(3394) PlanetSurfaceCamera::setDirectionNed(glm::vec<3, double, (glm::qualifier)0> const&, std::optional<glm::vec<3, double, (glm::qualifier)0> > const&)
calls=1 -2 
* 1288
fi=(216)
1073 1
fe=(260)
54 2
+1 3
fi=(208)
1124 2
fe=(260)
58 1
fi=(208)
1124 4
fi=(184)
675 2
fi=(185)
425 4
+6 2
cob=(3)
cfi=(187)
cfn=(1644)
calls=1 264 
* 14
* 1
fi=(184)
1071 1
fi=(185)
431 1
fi=(184)
675 2
fi=(185)
425 4
+6 2
cob=(3)
cfi=(187)
cfn=(1644)
calls=1 264 
* 17
* 1
fi=(184)
1071 1
fi=(185)
431 1
fi=(184)
675 2
fi=(185)
425 4
+6 2
cob=(3)
cfi=(187)
cfn=(1644)
calls=1 264 
* 12
* 1
fi=(184)
1071 1
fi=(185)
431 1
fi=(239)
261 2
fe=(260)
65 1
-2 2
fi=(185)
372 1
fe=(260)
79 2
fi=(268) /workspace/build/_deps/glm-src/glm/./ext/../detail/../detail/../detail/../detail/func_exponential.inl
+59 2
fi=(267)
677 4
155 2
fe=(260)
49 1
fi=(207)
+70 1
fi=(259)
280 1
fi=(207)
119 3
fi=(239)
261 2
fe=(260)
42 2

fl=(215) /usr/include/c++/12/bits/stl_bvector.h
fn=(1922) std::vector<bool, std::allocator<bool> >::push_back(bool)
1106 71
302 71
1106 142
176 280
288 140
103 70
288 70
103 490
1110 70
-1 3
cfi=(204)
cfn=(1924) std::vector<bool, std::allocator<bool> >::_M_insert_aux(std::_Bit_iterator, bool) [clone .isra.0]
calls=1 912 
* 126

fl=(205)
fn=(2216) std::back_insert_iterator<std::vector<nlohmann::json_abi_v3_11_3::basic_json<std::map, std::vector, std::__cxx11::basic_string<char, std::char_traits<char>, std::allocator<char> >, bool, long, unsigned long, double, std::allocator, nlohmann::json_abi_v3_11_3::adl_serializer, std::vector<unsigned char, std::allocator<unsigned char> >, void>, std::allocator<nlohmann::json_abi_v3_11_3::basic_json<std::map, std::vector, std::__cxx11::basic_string<char, std::char_traits<char>, std::allocator<char> >, bool, long, unsigned long, double, std::allocator, nlohmann::json_abi_v3_11_3::adl_serializer, std::vector<unsigned char, std::allocator<unsigned char> >, void> > > > std::move<__gnu_cxx::__normal_iterator<nlohmann::json_abi_v3_11_3::basic_json<std::map, std::vector, std::__cxx11::basic_string<char, std::char_traits<char>, std::allocator<char> >, bool, long, unsigned long, double, std::allocator, nlohmann::json_abi_v3_11_3::adl_serializer, std::vector<unsigned char, std::allocator<unsigned char> >, void>*, std::vector<nlohmann::json_abi_v3_11_3::basic_json<std::map, std::vector, std::__cxx11::basic_string<char, std::char_traits<char>, std::allocator<char> >, bool, long, unsigned long, double, std::allocator, nlohmann::json_abi_v3_11_3::adl_serializer, std::vector<unsigned char, std::allocator<unsigned char> >, void>, std::allocator<nlohmann::json_abi_v3_11_3::basic_json<std::map, std::vector, std::__cxx11::basic_string<char, std::char_traits<char>, std::allocator<char> >, bool, long, unsigned long, double, std::allocator, nlohmann::json_abi_v3_11_3::adl_serializer, std::vector<unsigned char, std::allocator<unsigned char> >, void> > > >, std::back_insert_iterator<std::vector<nlohmann::json_abi_v3_11_3::basic_json<std::map, std::vector, std::__cxx11::basic_string<char, std::char_traits<char>, std::allocator<char> >, bool, long, unsigned long, double, std::allocator, nlohmann::json_abi_v3_11_3::adl_serializer, std::vector<unsigned char, std::allocator<unsigned char> >, void>, std::allocator<nlohmann::json_abi_v3_11_3::basic_json<std::map, std::vector, std::__cxx11::basic_string<char, std::char_traits<char>, std::allocator<char> >, bool, long, unsigned long, double, std::allocator, nlohmann::json_abi_v3_11_3::adl_serializer, std::vector<unsigned char, std::allocator<unsigned char> >, void> > > > >(__gnu_cxx::__normal_iterator<nlohmann::json_abi_v3_11_3::basic_json<std::map, std::vector, std::__cxx11::basic_string<char, std::char_traits<char>, std::allocator<char> >, bool, long, unsigned long, double, std::allocator, nlohmann::json_abi_v3_11_3::adl_serializer, std::vector<unsigned char, std::allocator<unsigned char> >, void>*, std::vector<nlohmann::json_abi_v3_11_3::basic_json<std::map, std::vector, std::__cxx11::basic_string<char, std::char_traits<char>, std::allocator<char> >, bool, long, unsigned long, double, std::allocator, nlohmann::json_abi_v3_11_3::adl_serializer, std::vector<unsigned char, std::allocator<unsigned char> >, void>, std::allocator<nlohmann::json_abi_v3_11_3::basic_json<std::map, std::vector, std::__cxx11::basic_string<char, std::char_traits<char>, std::allocator<char> >, bool, long, unsigned long, double, std::allocator, nlohmann::json_abi_v3_11_3::adl_serializer, std::vector<unsigned char, std::allocator<unsigned char> >, void> > > >, __gnu_cxx::__normal_iterator<nlohmann::json_abi_v3_11_3::basic_json<std::map, std::vector, std::__cxx11::basic_string<char, std::char_traits<char>, std::allocator<char> >, bool, long, unsigned long, double, std::allocator, nlohmann::json_abi_v3_11_3::adl_serializer, std::vector<unsigned char, std::allocator<unsigned char> >, void>*, std::vector<nlohmann::json_abi_v3_11_3::basic_json<std::map, std::vector, std::__cxx11::basic_string<char, std::char_traits<char>, std::allocator<char> >, bool, long, unsigned long, double, std::allocator, nlohmann::json_abi_v3_11_3::adl_serializer, std::vector<unsigned char, std::allocator<unsigned char> >, void>, std::allocator<nlohmann::json_abi_v3_11_3::basic_json<std::map, std::vector, std::__cxx11::basic_string<char, std::char_traits<char>, std::allocator<char> >, bool, long, unsigned long, double, std::allocator, nlohmann::json_abi_v3_11_3::adl_serializer, std::vector<unsigned char, std::allocator<unsigned char> >, void> > > >, std::back_insert_iterator<std::vector<nlohmann::json_abi_v3_11_3::basic_json<std::map, std::vector, std::__cxx11::basic_string<char, std::char_traits<char>, std::allocator<char> >, bool, long, unsigned long, double, std::allocator, nlohmann::json_abi_v3_11_3::adl_serializer, std::vector<unsigned char, std::allocator<unsigned char> >, void>, std::allocator<nlohmann::json_abi_v3_11_3::basic_json<std::map, std::vector, std::__cxx11::basic_string<char, std::char_traits<char>, std::allocator<char> >, bool, long, unsigned long, double, std::allocator, nlohmann::json_abi_v3_11_3::adl_serializer, std::vector<unsigned char, std::allocator<unsigned char> >, void> > > >)
644 236
403 236
644 236
403 236
644 236
403 236
644 1180
403 826
fi=(210)
1216 322
fi=(204)
119 322
fi=(210)
1222 322
fe=(205)
406 322
fi=(210)
1223 322
-7 322
fi=(204)
119 322
fe=(205)
403 644
fi=(204)
114 1312
439 6
fi=(208)
988 24
1893 12
fe=(205)
259 30
fi=(208)
378 12
fi=(210)
1216 6
+6 6
+1 6
-7 6
fi=(213)
1091 24
-1 18
fi=(210)
1216 6
fi=(213)
1091 12
fi=(210)
1216 6
fi=(213)
1091 12
fi=(210)
1216 40
fi=(213)
1091 80
fi=(210)
1216 40
fi=(213)
1091 80
fi=(204)
477 6
fi=(208)
-91 12
fi=(204)
514 6
fi=(206)
158 24
cob=(7)
cfi=(152)
cfn=(1866)
calls=6 0 
* 564
* 6
* 12
fi=(204)
515 6
fe=(205)
406 6
fi=(204)
516 6
+1 6
fe=(205)
403 12
654 2124
fi=(208)
1897 18
fi=(206)
137 36
cob=(7)
cfi=(152)
cfn=(1638)
calls=6 0 
* 324
* 6
fi=(204)
514 18
fi=(206)
137 6
fi=(204)
517 6
-40 12
fe=(205)

fl=(282)
fn=(3318) PlanetSurfaceCamera::updateUp(glm::vec<3, double, (glm::qualifier)0> const&)
243 8
+1 4
-1 2
+1 4
cfi=(280)
cfn=(3282) coordinates::PlanetLocalFrame::nedAt(coordinates::LatLonAlt const&) const
calls=2 74 
* 748
fi=(267)
711 2
+2 2
-2 2
+1 2
+1 12
fi=(272)
53 2
fi=(267)
713 4
fi=(272)
53 2
fi=(267)
695 8
-27 4
+45 14
fi=(272)
53 10
-41 4
fe=(282)
249 6
fi=(267)
39 6
fi=(272)
-27 4
fe=(282)
250 4
fi=(268)
136 6
+2 4
fi=(267)
576 4
fi=(268)
138 4
fi=(267)
677 8
576 6
713 12
fi=(272)
53 2
fi=(267)
713 4
fi=(272)
53 2
fi=(267)
695 8
-27 10
+45 4
39 2
713 2
fi=(272)
53 2
fi=(267)
713 4
fi=(272)
53 8
-41 4
fe=(282)
255 4
fi=(258)
72 2
fe=(282)
255 6
fi=(268)
136 6
+2 4
fe=(282)
260 4
fi=(268)
138 2
fi=(205)
259 4
fi=(267)
677 8
fi=(205)
259 2
-24 4
fi=(267)
695 4
fi=(205)
236 2
fi=(267)
695 2
fi=(205)
236 2
fi=(267)
623 8
+90 4
39 2
713 2
fi=(272)
53 2
fi=(267)
713 4
fi=(272)
53 8
-41 2
fe=(282)
263 4
fi=(268)
138 2
fi=(267)
677 8
fe=(282)
263 4
+1 8

fn=(3394)
49 10
+2 2
fi=(258)
+21 1
fe=(282)
-20 1
fi=(258)
+20 5
fi=(247)
1859 1
fi=(258)
72 1
fi=(247)
1859 7
fe=(282)
200 7
fi=(247)
567 2
fe=(282)
53 5
+4 7
cfi=(280)
cfn=(3282)
calls=1 +17 
* 374
fi=(267)
722 5
-29 2
+2 4
+27 1
-27 4
+27 1
-29 1
+2 4
-72 2
+72 4
-72 4
+90 2
39 1
713 1
fi=(272)
53 1
fi=(267)
713 2
fi=(272)
53 1
fi=(268)
+83 3
+2 2
fi=(259)
471 1
fi=(268)
138 1
fi=(267)
677 4
40 2
fe=(282)
+21 2
+13 1
223 1
74 1
223 3
74 2
223 1
cfi=(280)
cfn=(3282)
calls=1 74 
* 374
fi=(267)
712 1
-1 1
+2 8
fi=(272)
53 1
fi=(267)
713 2
fi=(272)
53 1
fi=(267)
713 2
fi=(272)
53 1
fi=(267)
713 2
fi=(272)
53 1
fi=(267)
713 2
fi=(272)
53 1
fe=(282)
226 1
fi=(272)
53 1
fe=(282)
226 2
cob=(4)
cfi=(284) ./math/../sysdeps/ieee754/dbl-64/e_hypot.c
cfn=(3292) hypot@@GLIBC_2.35
calls=1 99 
* 56
* 1
* 6
fi=(267)
576 2
713 2
576 1
fi=(205)
259 1
fi=(267)
713 1
fi=(272)
53 2
fi=(205)
259 2
-23 3
fe=(282)
-7 1
cob=(4)
cfi=(287) ./math/./math/w_asin_compat.c
cfn=(3312) asin
calls=1 30 
* 25
* 1
* 1
76 5
+2 8
-16 3
fi=(258)
+10 5
fi=(247)
1859 1
fi=(258)
72 3
fi=(247)
1859 7
+1 1
+1 1
-1 1
+1 1
-1 1
+1 2
+1 3
-2 5
+2 1
fe=(282)
200 3
fi=(247)
1861 1
-1 1
+1 1
+1 1
-1 1
+1 1
-2 1
+1 3
+1 1
-2 4
+2 3
fe=(282)
227 5
cob=(4)
cfi=(285) ./math/./math/w_atan2_compat.c
cfn=(3298) atan2
calls=1 32 
* 137
* 1
* 5
-27 4
fi=(247)
567 1
fe=(282)
63 5
fi=(267)
722 4
-27 1
+27 1
-27 3
+18 1
-18 2
+18 1
-18 2
-72 2
+72 3
-72 1
+72 1
-72 1
+90 1
-90 1
+90 4
-45 1
+45 1
fi=(272)
53 1
fi=(267)
713 2
fi=(272)
53 1
fi=(267)
695 4
-27 2
+45 1
-45 1
+45 7
fi=(272)
53 5
-41 1
fe=(282)
+57 3
fi=(268)
+69 2
fi=(267)
677 6
fi=(207)
109 1
fe=(282)

fn=(3432)
36 3
fi=(247)
567 2
fe=(282)
200 1
fi=(247)
567 1
fe=(282)
200 2
fi=(247)
567 2
fe=(282)
200 2
fi=(247)
567 2
fe=(282)
200 2
38 5
fi=(281) /workspace/build/_deps/glm-src/glm/./ext/../detail/../detail/func_matrix.inl
+86 2
fi=(270) /workspace/build/_deps/glm-src/glm/./ext/../detail/.././ext/../detail/type_mat3x3.inl
488 1
+3 1
fi=(281)
124 2
fi=(270)
494 1
fi=(281)
124 1
fi=(270)
515 1
fi=(281)
124 1
fi=(270)
496 1
+19 1
fi=(281)
124 1
fi=(270)
490 1
+3 1
+19 1
fi=(281)
124 1
fi=(270)
473 1
+36 1
fi=(281)
124 2
fi=(270)
515 1
fi=(281)
124 1
fi=(270)
509 1
fi=(281)
124 1
fi=(270)
515 1
-6 1
fi=(281)
124 2
fi=(270)
515 1
fi=(281)
124 1
fi=(270)
509 1
fi=(281)
124 1
fi=(270)
512 1
+2 1
-5 1
+2 1
+3 1
-3 1
+1 1
fi=(281)
124 2
fi=(270)
512 1
+5 2
-5 1
-1 2
-38 1
+38 4
+3 2
-41 1
+41 4
+3 2
fi=(281)
124 2
fi=(270)
471 1
+46 4
fi=(281)
124 2
fi=(270)
471 3
+2 1
-2 2
+2 3
fi=(267)
713 3
fi=(270)
473 1
fi=(267)
713 1
fi=(270)
473 1
fi=(272)
53 1
fi=(270)
473 2
fi=(267)
713 2
fi=(272)
53 1
fi=(268)
+83 3
+2 4
fi=(267)
677 4
fi=(270)
473 1
fe=(282)
41 2
fi=(270)
473 2
-2 1
+2 2
-2 3
+2 1
-2 2
+2 10
fi=(267)
713 1
fi=(270)
473 1
fi=(267)
713 3
fi=(272)
53 2
fi=(268)
+83 3
+2 2
fe=(282)
-93 1
fi=(267)
677 4
fe=(282)
42 2
+1 13
+2 1
-2 1
+1 3
+1 1
-1 1
+1 1
cfi=(280)
cfn=(3268)
calls=1 +9 
* 325
* 4
+1 4

fn=(3330)
157 1
fi=(247)
567 1
fe=(282)
157 7
fi=(247)
567 1
fe=(282)
157 1
+3 1
fi=(247)
567 1
fe=(282)
157 1
+3 1
-3 1
+3 4
+3 4
fi=(247)
567 1
fe=(282)
163 2
+2 1
fi=(259)
850 1
fe=(282)
165 1
fi=(259)
850 1
fi=(208)
988 1
100 1
988 1
100 2
378 1
fi=(206)
120 3
+17 2
cob=(7)
cfi=(152)
cfn=(1638)
calls=1 0 
* 54
* 1
* 1
fi=(208)
395 2
+2 1
-2 1
+2 1
-2 1
fi=(216)
1073 3
fi=(213)
119 2
-3 2
fi=(184)
420 4
fi=(185)
+5 4
fi=(184)
229 2
fi=(213)
119 4
fi=(185)
354 2
fi=(239)
73 16
fi=(213)
+46 4
fi=(184)
1071 2
241 2
-37 2
+30 2
fi=(186)
-11 4
fi=(185)
431 6
cob=(3)
cfi=(187)
cfn=(1644)
calls=2 264 
* 24
* 2
fi=(184)
234 2
fi=(185)
431 2
fe=(282)
166 1
+49 3
-48 1
+48 2
-49 1
+1 1
+48 1
cfi=(280)
cfn=(3282)
calls=1 74 
* 374
fi=(267)
576 1
fi=(270)
473 1
fe=(282)
216 1
fi=(267)
576 1
fi=(281)
124 1
fi=(267)
576 1
fe=(282)
216 1
fi=(267)
576 3
fi=(270)
473 1
fi=(267)
576 1
fi=(270)
473 1
-2 1
+2 1
-2 1
+2 3
-2 1
+2 1
fi=(281)
124 2
fi=(267)
-84 1
fi=(270)
471 1
fi=(281)
124 2
fi=(270)
471 2
fi=(281)
124 2
fi=(270)
471 1
+2 1
fi=(267)
40 1
fe=(282)
216 1
cfi=(279)
cfn=(3348) rendering::TerrainSurface::heightAt(glm::vec<3, double, (glm::qualifier)0> const&) const
calls=1 11 
* 6557
+1 2
fi=(205)
+42 1
fi=(259)
+48 2
fe=(282)
-89 1
+1 3
-2 1
+2 1
cfi=(280)
cfn=(3268)
calls=1 54 
* 325
* 1
-50 2
+50 3
-49 7
-1 1
cfn=(3274)
calls=1 +35 
* 1634
fi=(289) /workspace/src/rendering/geometry/Terrain.h
29 2
fi=(208)
600 1
fi=(289)
29 20
fi=(259)
280 1
fi=(289)
29 6
fi=(259)
459 1
fe=(282)

fn=(3274)
204 12
fi=(267)
668 6
fi=(247)
567 2
fe=(282)
200 2
fi=(267)
668 2
-1 4
fi=(247)
567 4
fe=(282)
200 4
fi=(267)
668 2
fi=(247)
567 4
fe=(282)
200 4
fi=(267)
668 2
fi=(247)
567 2
fe=(282)
200 4
fi=(267)
713 2
fi=(272)
53 4
fi=(267)
713 2
fi=(272)
53 4
fi=(267)
713 4
fi=(272)
53 8
-41 2
fe=(282)
206 6
fi=(268)
-68 2
fe=(282)
+85 10
fi=(268)
-85 2
fi=(267)
677 6
fe=(282)
209 6
+14 2
cfi=(280)
cfn=(3282)
calls=2 74 
* 748
fi=(267)
712 2
-1 2
+2 16
fi=(272)
53 2
fi=(267)
713 4
fi=(272)
53 2
fi=(267)
713 4
fi=(272)
53 2
fi=(267)
713 4
fi=(272)
53 4
fi=(267)
713 4
fi=(272)
53 6
fe=(282)
226 4
cob=(4)
cfi=(284)
cfn=(3292)
calls=2 99 
* 112
cob=(1)
cfi=(141)
cfn=(520)
calls=1 76 
* 770
* 6
* 10
fi=(267)
576 4
713 4
576 2
fi=(205)
259 2
fi=(267)
713 2
fi=(272)
53 4
fi=(205)
259 4
-23 6
fe=(282)
-7 2
cob=(4)
cfi=(287)
cfn=(3312)
calls=2 30 
* 50
cob=(1)
cfi=(141)
cfn=(520)
calls=1 76 
* 733
* 6
-18 6
+18 2
-18 2
cfi=(280)
cfn=(3282)
calls=2 74 
* 748
* 6
cfn=(3318)
calls=2 +32 
* 1064
+1 14
+15 10
cob=(4)
cfi=(285)
cfn=(3298)
calls=2 32 
* 280
cob=(1)
cfi=(141)
cfn=(520)
calls=1 76 
* 701
* 6
* 10

fl=(254) /usr/include/c++/12/bits/hashtable.h
fn=(2976) std::_Hashtable<std::__cxx11::basic_string<char, std::char_traits<char>, std::allocator<char> >, std::pair<std::__cxx11::basic_string<char, std::char_traits<char>, std::allocator<char> > const, unsigned long>, std::allocator<std::pair<std::__cxx11::basic_string<char, std::char_traits<char>, std::allocator<char> > const, unsigned long> >, std::__detail::_Select1st, std::equal_to<std::__cxx11::basic_string<char, std::char_traits<char>, std::allocator<char> > >, std::hash<std::__cxx11::basic_string<char, std::char_traits<char>, std::allocator<char> > >, std::__detail::_Mod_range_hashing, std::__detail::_Default_ranged_hash, std::__detail::_Prime_rehash_policy, std::__detail::_Hashtable_traits<true, false, true> >::_M_rehash(unsigned long, unsigned long const&)
2535 21
437 6
fi=(206)
120 12
+17 9
cob=(7)
cfi=(152)
cfn=(1638)
calls=3 0 
* 162
* 3
fi=(256) /usr/include/c++/12/bits/hashtable_policy.h
2019 9
fi=(206)
137 3
fi=(256)
2019 3
cob=(3)
cfi=(257)
cfn=(2986)
calls=3 167 
* 54
cob=(1)
cfi=(141)
cfn=(520)
calls=1 76 
* 780
* 7
fe=(254)
440 3
+26 3
2564 3
+1 3
+10 3
-9 6
457 6
-8 6
2590 3
+1 3
-41 18

fn=(2942) std::_Hashtable<std::__cxx11::basic_string<char, std::char_traits<char>, std::allocator<char> >, std::pair<std::__cxx11::basic_string<char, std::char_traits<char>, std::allocator<char> > const, unsigned long>, std::allocator<std::pair<std::__cxx11::basic_string<char, std::char_traits<char>, std::allocator<char> > const, unsigned long> >, std::__detail::_Select1st, std::equal_to<std::__cxx11::basic_string<char, std::char_traits<char>, std::allocator<char> > >, std::hash<std::__cxx11::basic_string<char, std::char_traits<char>, std::allocator<char> > >, std::__detail::_Mod_range_hashing, std::__detail::_Default_ranged_hash, std::__detail::_Prime_rehash_policy, std::__detail::_Hashtable_traits<true, false, true> >::_Hashtable<std::pair<std::__cxx11::basic_string<char, std::char_traits<char>, std::allocator<char> > const, unsigned long> const*>(std::pair<std::__cxx11::basic_string<char, std::char_traits<char>, std::allocator<char> > const, unsigned long> const*, std::pair<std::__cxx11::basic_string<char, std::char_traits<char>, std::allocator<char> > const, unsigned long> const*, unsigned long, std::hash<std::__cxx11::basic_string<char, std::char_traits<char>, std::allocator<char> > > const&, std::equal_to<std::__cxx11::basic_string<char, std::char_traits<char>, std::allocator<char> > > const&, std::allocator<std::pair<std::__cxx11::basic_string<char, std::char_traits<char>, std::allocator<char> > const, unsigned long> > const&, std::integral_constant<bool, true>)
1182 9
491 3
1182 6
-13 3
+13 15
491 6
fi=(256)
277 3
fe=(254)
491 3
fi=(256)
+14 6
fe=(254)
-14 3
1182 3
-13 3
cob=(7)
cfi=(152)
cfn=(2948) std::__detail::_Prime_rehash_policy::_M_next_bkt(unsigned long) const
calls=3 0 
* 24
cob=(1)
cfi=(141)
cfn=(520)
calls=1 76 
* 1035
* 7
* 3
+1 6
+20 12
2235 12
466 3
2236 9
1190 9
+2 24
fi=(255) /usr/include/c++/12/bits/functional_hash.h
206 12
cob=(7)
cfi=(152)
cfn=(2956) std::_Hash_bytes(void const*, unsigned long, unsigned long)
calls=3 0 
* 144
cob=(1)
cfi=(141)
cfn=(520)
calls=1 76 
* 846
* 7
fe=(254)
798 3
fi=(256)
488 3
fi=(255)
206 3
fi=(256)
488 3
fe=(254)
2243 3
fi=(256)
488 3
fe=(254)
2243 3
fi=(206)
137 6
cob=(7)
cfi=(152)
cfn=(1638)
calls=3 0 
* 162
* 3
fi=(184)
241 3
fi=(256)
+36 3
fi=(206)
137 3
fi=(184)
1071 3
204 3
+30 6
fi=(186)
-11 6
fi=(184)
420 6
fi=(185)
+5 6
fi=(184)
229 3
fe=(254)
2254 9
fi=(185)
354 3
fi=(300) /usr/include/c++/12/bits/stl_pair.h
-82 3
fe=(254)
2254 6
302 3
fi=(300)
-30 3
fe=(254)
+30 3
2254 3
cfn=(2964) std::_Hashtable<std::__cxx11::basic_string<char, std::char_traits<char>, std::allocator<char> >, std::pair<std::__cxx11::basic_string<char, std::char_traits<char>, std::allocator<char> > const, unsigned long>, std::allocator<std::pair<std::__cxx11::basic_string<char, std::char_traits<char>, std::allocator<char> > const, unsigned long> >, std::__detail::_Select1st, std::equal_to<std::__cxx11::basic_string<char, std::char_traits<char>, std::allocator<char> > >, std::hash<std::__cxx11::basic_string<char, std::char_traits<char>, std::allocator<char> > >, std::__detail::_Mod_range_hashing, std::__detail::_Default_ranged_hash, std::__detail::_Prime_rehash_policy, std::__detail::_Hashtable_traits<true, false, true> >::_M_insert_unique_node(unsigned long, unsigned long, std::__detail::_Hash_node<std::pair<std::__cxx11::basic_string<char, std::char_traits<char>, std::allocator<char> > const, unsigned long>, true>*, unsigned long)
calls=3 2142 
* 3534
* 3
fi=(185)
431 9
cob=(3)
cfi=(187)
cfn=(1644)
calls=3 264 
* 51
* 3
fi=(184)
234 3
fi=(185)
431 3
fe=(254)

fn=(2964)
2142 81
+8 9
-8 9
+6 9
+2 18
-2 9
+2 9
cob=(7)
cfi=(152)
cfn=(2970) std::__detail::_Prime_rehash_policy::_M_need_rehash(unsigned long, unsigned long, unsigned long) const
calls=9 0 
* 1219
cob=(1)
cfi=(141)
cfn=(520)
calls=1 76 
* 1086
* 13
+3 18
1987 9
fi=(256)
1336 9
fe=(254)
1987 36
2163 9
+2 66
-10 9
cfn=(2976)
calls=3 2535 
* 1126
fi=(256)
488 15
fe=(254)
1999 18
+1 9
+2 27
fi=(256)
488 18
fe=(254)
2005 6
+2 27

fn=(3012) std::_Hashtable<std::__cxx11::basic_string<char, std::char_traits<char>, std::allocator<char> >, std::pair<std::__cxx11::basic_string<char, std::char_traits<char>, std::allocator<char> > const, unsigned long>, std::allocator<std::pair<std::__cxx11::basic_string<char, std::char_traits<char>, std::allocator<char> > const, unsigned long> >, std::__detail::_Select1st, std::equal_to<std::__cxx11::basic_string<char, std::char_traits<char>, std::allocator<char> > >, std::hash<std::__cxx11::basic_string<char, std::char_traits<char>, std::allocator<char> > >, std::__detail::_Mod_range_hashing, std::__detail::_Default_ranged_hash, std::__detail::_Prime_rehash_policy, std::__detail::_Hashtable_traits<true, false, true> >::clear()
2496 12
466 3
fi=(256)
2002 6
340 9
+1 9
fi=(184)
234 9
+18 9
+33 18
fi=(206)
158 27
cob=(7)
cfi=(152)
cfn=(1866)
calls=9 0 
* 846
* 9
fi=(256)
2002 18
fe=(254)
2501 15
cob=(3)
cfi=(257)
cfn=(2986)
calls=3 167 
* 54
* 3
+2 3
+1 3
+1 12

fl=(316) /workspace/src/rendering/foliage/GrassPlacement.cpp
fn=(3878) rendering::grassHash(unsigned int)
10 7815744
+1 7815744
+1 5861808
+1 1953936

fn=(3818) rendering::placeGrass(std::vector<float, std::allocator<float> > const&, std::vector<unsigned int, std::allocator<unsigned int> > const&, config::PlanetConfig const&, double, glm::vec<3, double, (glm::qualifier)0> const&)
26 48
+1 12
-1 120
+1 36
cfi=(179)
cfn=(3446) rendering::CpuTrace::Scope::Scope(char const*)
calls=12 +25 
* 156
+1 12
+2 12
-2 24
+2 48
+2 12
-11 12
+10 12
fi=(239)
166 12
fe=(316)
31 12
fi=(239)
166 12
fe=(316)
21 12
+10 12
+1 24
fi=(239)
166 12
fi=(258)
-94 24
fi=(239)
+94 36
fi=(216)
1073 24
fe=(316)
34 60
fi=(216)
1107 12
fe=(316)
34 36
fi=(216)
1107 12
fe=(316)
34 36
fi=(267)
712 12
-1 12
+2 48
fi=(272)
53 60
-41 12
fe=(316)
+23 60
fi=(309) /workspace/src/rendering/diagnostics/tracing/CpuTrace.h
+2 24
cfi=(179)
cfn=(3734) rendering::CpuTrace::Scope::stop()
calls=12 +24 
* 36
fe=(316)
+80 108
-78 12
+1 12
+2 12
-2 24
+2 24
-2 12
+2 48
cob=(4)
cfi=(317) ./math/./w_exp_template.c
cfn=(3828) exp@@GLIBC_2.29
calls=12 -11 
* 612
cob=(1)
cfi=(141)
cfn=(520)
calls=1 +34 
* 766
* 16
* 12
-1 12
fi=(204)
+29 12
fe=(316)
-29 12
+1 12
+2 24
-2 12
+2 24
-2 12
+2 12
fi=(205)
236 24
fi=(204)
70 24
+2 24
fi=(239)
185 24
fe=(316)
46 24
fi=(239)
185 12
cob=(4)
cfi=(271) ./math/../sysdeps/ieee754/dbl-64/s_sin.c
cfn=(3610) __cos_fma
calls=12 +80 
* 780
* 12
* 24
+1 24
-1 12
+1 12
cob=(4)
cfi=(271)
cfn=(3610)
calls=12 +79 
* 1020
* 12
fe=(316)
47 12
fi=(239)
186 12
fi=(208)
988 12
fe=(316)
10 12
fi=(239)
186 12
fe=(316)
10 24
fi=(239)
186 12
fe=(316)
10 12
+1 48
+1 36
fi=(208)
988 12
fe=(316)
12 12
fi=(208)
988 12
fe=(316)
48 120
-1 36
+3 12
fi=(208)
988 108
fe=(316)
51 36
+1 24
fi=(208)
1152 24
fe=(316)
50 1199988
fi=(208)
988 10799892
fe=(316)
51 3599964
+1 2399976
fi=(208)
1152 2399976
fe=(316)
51 7200000
+1 4800000
fi=(208)
1152 12000000
fe=(316)
53 21600000
fi=(267)
173 36000000
fe=(316)
53 3600000
fi=(208)
1152 7200000
fe=(316)
54 10800000
fi=(208)
1152 7200000
fe=(316)
55 7200000
-3 7200000
+3 3600000
-3 3600000
+3 3600000
-3 3600000
+3 3600000
fi=(208)
1152 7200000
fe=(316)
53 3600000
fi=(208)
1152 7200000
fe=(316)
54 10800000
fi=(208)
1152 7200000
fe=(316)
55 7200000
-3 7200000
+3 3600000
-3 3600000
+3 3600000
-3 3600000
+3 3600000
-3 3600000
+1 3600000
fi=(208)
1152 7200000
fe=(316)
54 3600000
+1 3600000
-1 7200000
fi=(208)
1152 7200000
fe=(316)
55 3600000
-5 10800000
+5 7200000
-5 3600000
+5 7200000
-5 7200000
fi=(267)
623 2400000
-1 1200000
+1 3600000
-1 1200000
-1 1200000
+2 2400000
-2 1200000
+1 1200000
-1 1200000
+1 1200000
-1 1200000
+2 2400000
-1 1200000
722 1200000
-99 3600000
-2 1200000
+47 1200000
-45 1200000
-1 1200000
+1 1200000
+99 1200000
-54 1200000
-47 1200000
+2 1200000
+99 1200000
-54 2400000
+45 1200000
-45 1200000
+45 2400000
fi=(272)
53 6000000
-41 2400000
fi=(267)
713 7200000
fi=(272)
53 1200000
fi=(267)
713 3600000
fi=(272)
53 4800000
-41 1200000
fi=(267)
713 7200000
fi=(272)
53 1200000
fi=(267)
713 3600000
fi=(272)
53 4800000
-41 1200000
fi=(267)
668 3600000
fi=(248) /usr/include/c++/12/bits/stl_algo.h
5666 1200000
fi=(267)
713 2400000
fi=(248)
5666 1200000
fi=(267)
713 1200000
fi=(272)
53 7200000
-41 1200000
fe=(316)
+49 2400000
fi=(205)
259 3600000
+2 60
fe=(316)
62 2400000
fi=(208)
988 2400000
fe=(316)
48 1200000
fi=(208)
988 2400000
fe=(316)
48 7199976
+18 1243860
cob=(4)
cfi=(317)
cfn=(3828)
calls=248772 -35 
* 12685932
* 248772
fi=(267)
668 248772
fi=(272)
77 248772
fi=(267)
668 248772
fi=(272)
77 248772
fe=(316)
-11 248772
fi=(272)
+11 497544
fi=(267)
668 248772
fi=(272)
77 746316
-1 497544
+1 497544
-1 248772
+1 497544
-1 248772
-1 248772
+2 248772
-1 497544
fi=(267)
713 248772
fi=(272)
76 248772
-1 248772
+2 497544
fi=(267)
713 497544
fi=(272)
53 1243860
-41 248772
fe=(316)
+56 248772
-1 248772
+1 248772
-51 248772
+50 248772
+3 248772
-2 248772
+2 248772
-2 497544
-1 248772
-57 995088
+57 248772
+3 248772
-59 995088
+1 746316
+4 248772
-6 995088
+1 995088
+1 746316
+5 746316
+53 3980352
fi=(205)
235 1741404
fe=(316)
10 248772
+7 248772
-7 746316
+1 995088
+1 746316
+4 248772
-6 995088
+1 995088
+1 746316
+4 248772
-6 995088
+1 995088
+1 746316
+4 248772
-6 995088
+1 995088
+1 746316
+5 746316
+62 497544
-69 13730100
+7 13730100
-7 41190300
+1 54920400
+1 41190300
+4 13730100
-6 54920400
+1 54920400
+1 41190300
+4 13730100
-6 54920400
+1 54920400
+1 41190300
+4 13730100
-6 54920400
+1 54920400
+1 41190300
+5 41190300
+62 27460200
-62 11284368
+63 8463276
-63 2821092
+64 8463276
-64 5642184
+64 8463276
fi=(267)
677 2821092
fe=(316)
81 2821092
fi=(267)
677 8463276
-54 2821092
+54 5642184
-54 2821092
+54 5642184
-54 2821092
+54 5642184
-54 2821092
+45 2821092
-45 2821092
+54 5642184
-54 2821092
+54 5642184
-54 2821092
+54 5642184
-54 2821092
+45 2821092
-45 2821092
+54 5642184
-54 2821092
+45 2821092
+45 2821092
-90 5642184
+45 2821092
+45 2821092
-45 5642184
+45 2821092
fi=(272)
53 14105460
-41 2821092
fe=(316)
+71 5642184
+1 5642184
fi=(267)
713 8424864
fi=(272)
53 8424864
fi=(267)
713 2808288
fi=(272)
53 2808288
fi=(267)
713 5616576
fi=(272)
53 16849728
-41 8424864
fe=(316)
+72 16849728
+1 14041440
cob=(4)
cfi=(317)
cfn=(3828)
calls=2808288 -54 
* 143222688
* 2808288
* 8424864
fi=(268)
+51 13688304
+2 5866416
fi=(267)
677 3910944
fi=(268)
138 1955472
fi=(267)
677 27376608
-54 1955472
+54 3910944
-54 1955472
+54 3910944
-54 1955472
+54 3910944
-54 1955472
+54 3910944
-54 1955472
+54 3910944
-54 1955472
+90 7821888
fi=(272)
53 1955472
fi=(267)
713 3910944
fi=(272)
53 1955472
fi=(268)
+83 5866416
+2 3910944
fe=(316)
-49 1955472
fi=(267)
677 3910944
-1 1955472
fi=(268)
138 1955472
fi=(267)
675 1955472
+1 1955472
+1 5866416
-2 1955472
+2 5866416
-1 1955472
+1 1955472
-2 1955472
fe=(316)
89 1955472
fi=(205)
260 1955472
fe=(316)
98 7821888
fi=(267)
713 1955472
fi=(272)
53 1955472
fi=(267)
713 1955472
fe=(316)
100 1955472
fi=(272)
-47 3910944
fi=(267)
713 3910944
fi=(272)
53 1955472
fe=(316)
+46 3910944
+1 7821888
fi=(205)
259 5866416
-29 81288
+5 81288
fe=(316)
16 40644
+1 40644
-7 162576
+1 162576
+1 121932
+5 121932
+84 81288
+1 3907872
fi=(267)
-63 7815744
fi=(272)
-27 3907872
fe=(316)
+90 11723616
-86 1953936
+87 1953936
fi=(267)
677 1953936
fe=(316)
103 1953936
fi=(267)
677 1953936
fe=(316)
10 1953936
fi=(267)
677 1953936
fe=(316)
10 1953936
fi=(267)
623 1953936
+54 1953936
fe=(316)
10 1953936
fi=(267)
677 1953936
fe=(316)
10 1953936
fi=(267)
623 3907872
fe=(316)
11 1953936
fi=(267)
154 5861808
fe=(316)
11 1953936
fi=(267)
154 3907872
fe=(316)
11 1953936
fi=(267)
154 3907872
fe=(316)
11 1953936
+6 1953936
fi=(267)
154 1953936
fe=(316)
17 1953936
-5 5861808
+4 1953936
-6 7815744
+1 7815744
+1 5861808
+4 1953936
-6 7815744
+1 7815744
+1 5861808
+5 1953936
-1 1953936
+1 1953936
+87 1953936
-94 3907872
+95 1953936
-95 3907872
+1 7815744
+1 3907872
+5 1953936
+91 1953936
-91 3907872
fi=(208)
988 1953936
fe=(316)
105 1953936
fi=(267)
+49 7815744
fe=(316)
17 5861808
fi=(267)
154 1953936
fi=(208)
988 1953936
fe=(316)
105 1953936
fi=(208)
988 7815744
fe=(316)
105 3907872
-88 5861808
fi=(208)
988 3907872
fe=(316)
109 1953936
fi=(269) /workspace/build/_deps/glm-src/glm/./ext/../detail/type_vec4.inl
+73 5861808
fe=(316)
-73 3907872
-37 42185388
-2 248772
+2 497544
fi=(267)
713 1955472
fi=(205)
259 1955472
fi=(267)
713 1955472
fi=(272)
53 5866416
fi=(267)
713 3910944
fi=(272)
53 1955472
fi=(205)
259 3910944
-24 5866416
fe=(316)
91 17599248
fi=(208)
1143 1955472
fe=(316)
92 3910944
+2 11732832
-2 3910944
fi=(267)
-53 7821888
fi=(272)
-27 3910944
fe=(316)
+80 13688304
cfi=(279)
cfn=(3598) rendering::TerrainSurface::landscapeColorFactors(double, double, double, double, double, config::PlanetConfig::TerrainMaterial const&)
calls=1955472 -54 
* 620575572
fi=(267)
713 11732832
39 1955472
fi=(206)
+98 48
cob=(7)
cfi=(152)
cfn=(1638)
calls=12 0 
* 6045
* 12
* 24
fi=(204)
-57 24
fi=(213)
1104 12
fi=(204)
80 12
fi=(213)
1104 36
+1 24
fi=(208)
386 24
fi=(204)
96 12
+2 24
-2 24
fe=(316)
+5 284508
+8 5861808
cfi=(208)
cfn=(3850) std::vector<rendering::GrassBlade, std::allocator<rendering::GrassBlade> >::push_back(rendering::GrassBlade const&)
calls=1953936 1276 
* 52756272
* 1953936
-93 1914828
-6 7659312
+1 7659312
+1 5744484
+5 1914828

fn=(3862) rendering::grassRebuildDistance(config::FoliageConfig const&)
21 24
+1 12

fl=(289)
fn=(4062) rendering::TerrainGeometry::~TerrainGeometry()
17 2
fi=(208)
367 1
+19 2
-19 2
fi=(206)
158 1
cob=(7)
cfi=(152)
cfn=(1866)
calls=1 0 
* 132
* 1
fi=(208)
367 1
+19 2
-19 2
fi=(206)
158 1
cob=(7)
cfi=(152)
cfn=(1866)
calls=1 0 
* 178
* 1
fi=(208)
367 1
+19 2
-19 1
fe=(289)
17 1
fi=(208)
367 1
fi=(206)
158 1
cob=(7)
cfi=(152)
cfn=(1866)
calls=1 0 
* 69
* 1
fe=(289)

fl=(241)
fn=(2368) nlohmann::json_abi_v3_11_3::detail::iter_impl<nlohmann::json_abi_v3_11_3::basic_json<std::map, std::vector, std::__cxx11::basic_string<char, std::char_traits<char>, std::allocator<char> >, bool, long, unsigned long, double, std::allocator, nlohmann::json_abi_v3_11_3::adl_serializer, std::vector<unsigned char, std::allocator<unsigned char> >, void> const>::operator*() const
280 464
+4 602
+5 92
+29 230
fi=(216)
1096 70
fe=(241)
318 350

fn=(2364) bool nlohmann::json_abi_v3_11_3::detail::iter_impl<nlohmann::json_abi_v3_11_3::basic_json<std::map, std::vector, std::__cxx11::basic_string<char, std::char_traits<char>, std::allocator<char> >, bool, long, unsigned long, double, std::allocator, nlohmann::json_abi_v3_11_3::adl_serializer, std::vector<unsigned char, std::allocator<unsigned char> >, void> const>::operator==<nlohmann::json_abi_v3_11_3::detail::iter_impl<nlohmann::json_abi_v3_11_3::basic_json<std::map, std::vector, std::__cxx11::basic_string<char, std::char_traits<char>, std::allocator<char> >, bool, long, unsigned long, double, std::allocator, nlohmann::json_abi_v3_11_3::adl_serializer, std::vector<unsigned char, std::allocator<unsigned char> >, void> const>, decltype(nullptr)>(nlohmann::json_abi_v3_11_3::detail::iter_impl<nlohmann::json_abi_v3_11_3::basic_json<std::map, std::vector, std::__cxx11::basic_string<char, std::char_traits<char>, std::allocator<char> >, bool, long, unsigned long, double, std::allocator, nlohmann::json_abi_v3_11_3::adl_serializer, std::vector<unsigned char, std::allocator<unsigned char> >, void> const> const&) const
472 342
+7 506
fi=(212)
316 96
fe=(241)
482 32
fi=(216)
1199 246
fe=(241)
485 82

fn=(2608) nlohmann::json_abi_v3_11_3::detail::iter_impl<nlohmann::json_abi_v3_11_3::basic_json<std::map, std::vector, std::__cxx11::basic_string<char, std::char_traits<char>, std::allocator<char> >, bool, long, unsigned long, double, std::allocator, nlohmann::json_abi_v3_11_3::adl_serializer, std::vector<unsigned char, std::allocator<unsigned char> >, void> const>::set_end()
245 12
fi=(216)
1073 4
fe=(241)
255 2
+1 2

fn=(2318)
328 976
+5 732

fl=(250) /workspace/src/config/parsing/OrbitalConfig.cpp
fn=(2666) config::RotationConfig::RotationConfig(config::Config const&)
18 24
+1 4
-1 8
+1 8
fi=(184)
200 8
fi=(185)
354 4
+77 4
fi=(184)
200 4
fe=(250)
20 12
fi=(185)
431 8
fi=(184)
200 4
fi=(185)
431 4
fi=(184)
229 4
fe=(250)
20 4
cfi=(242)
cfn=(2394)
calls=4 +9 
* 958
fi=(184)
234 4
fe=(250)
20 4
fi=(184)
285 8
fe=(250)
21 12
fi=(184)
200 4
fi=(185)
431 4
-77 4
+77 12
fi=(184)
229 4
fe=(250)
21 4
cfi=(242)
cfn=(2394)
calls=4 +8 
* 973
fi=(184)
234 4
fe=(250)
21 4
fi=(184)
285 8
fe=(250)
22 12
fi=(184)
200 4
fi=(185)
431 12
fi=(184)
229 4
fi=(185)
354 4
fe=(250)
22 4
cfi=(242)
cfn=(2394)
calls=4 +7 
* 815
fi=(184)
234 4
fe=(250)
22 4
fi=(184)
285 8
fi=(247)
567 8
fi=(246) /workspace/src/config/OrbitalConfig.h
56 4
fi=(247)
567 4
fi=(246)
56 8
fi=(247)
567 8
fi=(246)
56 8
fi=(247)
567 8
fi=(246)
56 8
fe=(250)
-32 24

fn=(2650) config::OrbitConfig::OrbitConfig(config::Config const&)
6 4
fi=(185)
431 4
fe=(250)
6 4
fi=(184)
241 4
fe=(250)
6 28
fi=(185)
431 4
fi=(184)
200 4
fe=(250)
6 4
fi=(185)
431 4
fe=(250)
7 4
-1 8
fi=(184)
229 4
fi=(185)
354 4
fe=(250)
6 8
+1 4
fi=(185)
431 8
fi=(184)
204 8
fi=(185)
431 4
fi=(184)
200 4
fe=(250)
8 8
fi=(185)
431 8
fe=(250)
8 4
fi=(184)
204 4
fi=(185)
431 4
fi=(184)
200 4
fe=(250)
8 4
fi=(185)
354 4
fi=(184)
229 4
-29 8
fi=(185)
431 4
fi=(184)
229 4
fi=(185)
354 4
fe=(250)
8 8
cfi=(188)
cfn=(2306) config::Config::get(std::__cxx11::basic_string<char, std::char_traits<char>, std::allocator<char> >, std::__cxx11::basic_string<char, std::char_traits<char>, std::allocator<char> >) const
calls=4 +18 
* 1237
fi=(184)
234 4
859 4
234 4
859 8
229 4
fi=(185)
354 4
fi=(184)
234 4
+51 8
-51 4
+51 8
-51 4
+51 8
fe=(250)
9 12
fi=(184)
200 4
fi=(185)
431 4
-77 4
+77 12
fi=(184)
229 4
fe=(250)
9 4
cfi=(242)
cfn=(2394)
calls=4 +20 
* 1102
fi=(184)
234 4
fe=(250)
9 4
fi=(184)
285 8
fi=(185)
431 4
fe=(250)
10 8
fi=(184)
200 4
fi=(185)
431 12
fi=(184)
229 4
fi=(185)
354 4
fe=(250)
10 4
cfi=(242)
cfn=(2394)
calls=4 +19 
* 808
fi=(184)
234 4
fe=(250)
10 4
fi=(184)
285 8
fi=(206)
137 4
fi=(184)
+63 4
fe=(250)
11 4
fi=(206)
137 4
cob=(7)
cfi=(152)
cfn=(1638)
calls=4 0 
* 350
* 4
fi=(185)
431 4
-77 4
fe=(250)
11 8
fi=(184)
224 4
fi=(185)
431 4
fe=(250)
11 4
fi=(184)
261 4
-32 4
fe=(250)
11 4
cfi=(242)
cfn=(2394)
calls=4 +18 
* 1108
fi=(184)
234 4
fe=(250)
11 4
fi=(184)
285 8
+7 8
fi=(206)
158 4
cob=(7)
cfi=(152)
cfn=(1866)
calls=4 0 
* 376
* 4
fe=(250)
12 12
fi=(184)
200 4
fi=(185)
431 4
-77 4
+77 12
fi=(184)
229 4
fe=(250)
12 4
cfi=(242)
cfn=(2394)
calls=4 +17 
* 1110
fi=(184)
234 4
fe=(250)
12 4
fi=(184)
285 8
fi=(206)
137 4
fi=(184)
+63 4
fe=(250)
13 4
fi=(206)
137 4
cob=(7)
cfi=(152)
cfn=(1638)
calls=4 0 
* 216
* 4
fi=(185)
431 4
-77 4
fe=(250)
13 8
fi=(185)
431 8
fi=(184)
224 4
fi=(185)
431 4
fe=(250)
13 4
fi=(184)
261 4
-32 4
fe=(250)
13 4
cfi=(242)
cfn=(2394)
calls=4 +16 
* 1116
fi=(184)
234 4
fe=(250)
13 4
fi=(184)
285 8
+7 8
fi=(206)
158 4
cob=(7)
cfi=(152)
cfn=(1866)
calls=4 0 
* 376
* 4
fe=(250)
14 12
fi=(184)
200 4
fi=(185)
431 4
-77 4
+77 12
fi=(184)
229 4
fe=(250)
14 4
cfi=(242)
cfn=(2394)
calls=4 +15 
* 1115
fi=(184)
234 4
fe=(250)
14 4
fi=(184)
285 8
fi=(246)
41 8
-4 4
fi=(247)
567 4
fi=(246)
37 4
fi=(247)
567 8
fi=(246)
37 20
+1 4
fi=(247)
567 8
fi=(246)
37 8
+1 16
-5 8
-3 4
+3 28
+6 8
fi=(247)
567 8
fi=(246)
39 8
fi=(247)
567 8
fi=(246)
40 8
fi=(247)
567 8
fi=(246)
40 8
fi=(247)
567 8
fi=(246)
41 8
fe=(250)
-25 32
fi=(184)
864 12
1064 4
866 8
420 8
fi=(185)
+11 12
cob=(3)
cfi=(187)
cfn=(1644)
calls=4 264 
* 62
* 4
fi=(184)
1064 4
234 8
-5 4
fi=(185)
354 4
fi=(184)
234 4
+35 4
fe=(250)

fl=(184)
fn=(1890) std::__cxx11::basic_string<char, std::char_traits<char>, std::allocator<char> >::push_back(char)
1524 21865
252 21865
1524 174920
1064 21865
234 21865
1527 21865
1134 65579
1527 43698
fi=(185)
354 43730
fe=(184)
229 21865
fi=(185)
354 21865
fe=(184)
1531 174920
fi=(186)
139 8
+6 12
fi=(206)
-25 16
+17 4
cob=(7)
cfi=(152)
cfn=(1638)
calls=4 0 
* 733
* 4
fi=(186)
330 4
fe=(184)
-96 4
fi=(186)
+96 4
fi=(206)
137 4
fi=(186)
330 4
fe=(184)
-45 10
+7 4
fi=(206)
158 4
fe=(184)
292 4
fi=(206)
158 4
cob=(7)
cfi=(152)
cfn=(1866)
calls=4 0 
* 376
* 4
fe=(184)
+66 5
+37 5
fi=(186)
+80 5
149 8
fe=(184)
1527 32
fi=(186)
139 2
+6 2
fi=(185)
431 30
cob=(3)
cfi=(187)
cfn=(1644)
calls=5 264 
* 83
* 5
* 10
fe=(184)
-7 5
-4 8
fi=(206)
137 2
fi=(186)
+8 1
fi=(206)
-8 1
cob=(7)
cfi=(152)
cfn=(1638)
calls=1 0 
* 188
* 1
fe=(184)
+97 2
fi=(206)
-97 1
fe=(184)
418 1

fn=(2352)
3627 280
fi=(185)
395 140
fe=(184)
3627 840
fi=(185)
395 140
cob=(3)
cfi=(174)
cfn=(1256)
calls=140 65 
* 1856
* 140
* 560
-23 280
+13 420
cob=(3)
cfi=(175)
cfn=(1260)
calls=140 80 
* 2995
* 140
fi=(186)
896 280
fe=(184)
483 88
fi=(185)
990 88
fe=(184)
485 176
+2 176
+3 88
fi=(185)
990 264
fe=(184)
3630 580
fi=(185)
990 52
fe=(184)
3630 52
fi=(185)
990 52
fe=(184)
3630 208

fn=(2228) std::__cxx11::basic_string<char, std::char_traits<char>, std::allocator<char> >::_M_dispose()
234 71
+18 71
+33 142
+7 11
fi=(206)
158 11
fe=(184)
292 11
fi=(206)
158 11
cob=(7)
cfi=(152)
cfn=(1866)
calls=11 0 
* 1055
* 11
fe=(184)
287 60

fn=(2288) std::__cxx11::basic_string<char, std::char_traits<char>, std::allocator<char> >::basic_string<std::allocator<char> >(char const*, std::allocator<char> const&) [clone .constprop.0]
634 210
241 210
634 840
200 210
638 630
fi=(185)
395 630
cob=(3)
cfi=(174)
cfn=(1256)
calls=210 65 
* 2768
* 210
* 210
fi=(186)
223 420
fe=(184)
420 312
fi=(185)
+5 312
fe=(184)
229 210
fi=(185)
354 210
fe=(184)
643 1260
fi=(186)
155 54
fi=(206)
-18 54
cob=(7)
cfi=(152)
cfn=(1638)
calls=54 0 
* 3757
* 54
fe=(184)
261 54
-37 54
fi=(206)
-87 54
fi=(185)
431 216
cob=(3)
cfi=(187)
cfn=(1644)
calls=54 264 
* 540
* 54
* 624
cob=(3)
cfi=(187)
cfn=(1644)
calls=156 264 
* 2062
* 156
fe=(184)
234 210
fi=(185)
431 210
fe=(184)

fn=(1624) std::__cxx11::basic_string<char, std::char_traits<char>, std::allocator<char> >::basic_string<std::allocator<char> >(char const*, std::allocator<char> const&)
634 1
241 1
634 4
200 1
638 3
fi=(185)
395 3
cob=(3)
cfi=(174)
cfn=(1256)
calls=1 65 
* 25
cob=(1)
cfi=(141)
cfn=(520)
calls=1 76 
* 816
* 5
* 1
fi=(186)
223 2
fe=(184)
+6 1
fi=(185)
354 1
fe=(184)
643 6
fi=(186)
155 1
fi=(206)
-18 1
cob=(7)
cfi=(152)
cfn=(1638)
calls=1 0 
* 188
cob=(1)
cfi=(141)
cfn=(520)
calls=1 -61 
* 674
* 5
fe=(184)
261 1
-37 1
fi=(206)
-87 1
fi=(185)
431 4
cob=(3)
cfi=(187)
cfn=(1644)
calls=1 264 
* 11
cob=(1)
cfi=(141)
cfn=(520)
calls=1 76 
* 1030
* 5
fe=(184)
234 1
fi=(185)
431 1
fe=(184)

fn=(2326) std::__cxx11::basic_string<char, std::char_traits<char>, std::allocator<char> >::operator=(std::__cxx11::basic_string<char, std::char_traits<char>, std::allocator<char> >&&) [clone .isra.0]
844 104
252 26
844 26
234 52
859 52
252 4
878 8
1071 4
884 4
224 4
+5 4
892 4
261 4
893 8
224 4
+37 4
-32 4
fi=(185)
354 4
fe=(184)
905 16
229 22
fi=(185)
354 22
fe=(184)
905 88
-41 44
1064 22
866 44
420 44
fi=(185)
+11 22
cob=(3)
cfi=(187)
cfn=(1644)
calls=22 264 
* 316
* 22
fe=(184)
1064 22
234 22
-5 22
fi=(185)
354 22
fe=(184)
234 22
+35 22

fl=(273)
fn=(3190)
25 2
+2 2
-2 4
+2 4
fi=(267)
623 2
-1 2
-1 2
fi=(247)
-58 2
fe=(273)
27 6
fi=(267)
620 2
+3 2
-3 4
+2 2
-1 2
fe=(273)
33 2
-6 4
fi=(267)
620 6
fe=(273)
27 2
+1 2
-1 4
fi=(247)
563 2
fe=(273)
27 2
fi=(247)
563 2
fe=(273)
27 2
+6 2
-6 2
+6 2
-5 6
+1 2
fi=(247)
563 6
fe=(273)
28 4
+1 4
+2 2
fi=(247)
563 4
fe=(273)
30 4
+1 4
+1 4
fi=(267)
710 6
fi=(272)
53 4
fi=(247)
464 6
+99 2
fe=(273)
32 4
fi=(267)
710 2
fi=(272)
53 2
fi=(267)
710 2
fi=(272)
53 4
fi=(267)
710 4
fi=(272)
53 2
fi=(247)
464 10
+99 2
fe=(273)
33 4
+4 2
-1 2
+1 2
fi=(267)
665 2
fi=(247)
145 2
fe=(273)
44 2
fi=(267)
665 6
fe=(273)
44 2
fi=(247)
145 2
cob=(4)
cfi=(274) ./math/./math/w_atan2f_compat.c
cfn=(3200) atan2f
calls=2 32 
* 266
cob=(1)
cfi=(141)
cfn=(520)
calls=1 -69 
* 708
* 6
fi=(267)
665 4
fe=(273)
46 2
+1 2
fi=(205)
259 2
fi=(267)
665 4
fe=(273)
47 2
fi=(205)
259 4
-23 6
fi=(247)
107 2
cob=(4)
cfi=(277) ./math/./math/w_asinf_compat.c
cfn=(3212) asinf
calls=2 -77 
* 97
cob=(1)
cfi=(141)
cfn=(520)
calls=1 -31 
* 686
* 6
fe=(273)
-60 2
+1 8
-8 4
fi=(267)
623 2
-1 2
-1 6
fe=(273)

fl=(239)
fn=(2928) config::PlanetConfig::~PlanetConfig()
72 16
fi=(208)
367 4
+19 8
730 8
fi=(207)
162 8
fi=(208)
386 8
-19 4
+19 8
-19 4
+19 8
fi=(184)
234 4
+18 4
+33 8
-51 4
+18 4
+33 8
fi=(208)
+82 4
+19 8
fe=(239)
72 16

fn=(2780) config::PlanetConfig::TerrainLod::validate() const
115 4
+17 8
-17 20
+2 20
+2 20
+1 4
fi=(247)
567 4
fe=(239)
119 4
fi=(247)
567 8
fe=(239)
119 8
+1 12
+1 8
+1 4
fi=(247)
567 8
fe=(239)
121 8
+1 12
+1 4
fi=(247)
567 8
fe=(239)
122 8
+1 8
+2 16
+1 4
fi=(247)
567 8
fe=(239)
125 8
+1 24
+1 12
+1 4
fi=(247)
567 8
fe=(239)
127 8
+1 20
fi=(205)
259 8
fe=(239)
131 4
fi=(247)
567 8
fe=(239)
130 8
+1 12
+1 4
fi=(247)
567 4
fe=(239)
131 8
+1 12
-2 9
-1 6
-1 6

fn=(3076) config::ScenarioConfig::~ScenarioConfig()
250 12
fi=(184)
+2 3
fe=(239)
-2 6
fi=(184)
-16 3
+51 6
+7 4
fi=(206)
158 2
cob=(7)
cfi=(152)
cfn=(1866)
calls=2 0 
* 209
* 2
fi=(208)
730 6
fi=(207)
162 8
fi=(208)
367 2
+19 4
-19 2
+19 4
-19 8
fi=(206)
158 4
cob=(7)
cfi=(152)
cfn=(1866)
calls=4 0 
* 460
* 4
fi=(208)
730 8
fi=(207)
162 12
fi=(184)
+72 4
+51 12
-51 2
+51 6
fi=(207)
162 18
fi=(208)
367 4
+19 8
-19 4
fi=(206)
158 4
fi=(208)
367 4
fi=(206)
158 4
cob=(7)
cfi=(152)
cfn=(1866)
calls=4 0 
* 461
* 4
fi=(208)
367 4
+19 8
-19 8
fi=(206)
158 4
cob=(7)
cfi=(152)
cfn=(1866)
calls=4 0 
* 460
* 4
fi=(208)
367 4
+19 8
-19 8
fi=(206)
158 4
cob=(7)
cfi=(152)
cfn=(1866)
calls=4 0 
* 460
* 4
fi=(184)
+76 4
+51 12
-51 4
+51 12
fi=(208)
+82 4
+19 8
-19 8
fi=(206)
158 4
cob=(7)
cfi=(152)
cfn=(1866)
calls=4 0 
* 460
* 4
fi=(207)
+4 12
fi=(208)
367 2
+19 6
-19 2
fi=(206)
158 2
fi=(208)
367 2
fi=(206)
158 2
cob=(7)
cfi=(152)
cfn=(1866)
calls=2 0 
* 318
* 2
fi=(208)
367 3
+19 6
-19 4
fi=(206)
158 2
cob=(7)
cfi=(152)
cfn=(1866)
calls=2 0 
* 230
* 2
fi=(208)
367 3
+19 6
-19 4
fi=(206)
158 2
cob=(7)
cfi=(152)
cfn=(1866)
calls=2 0 
* 230
* 2
fi=(208)
367 3
+19 6
-19 4
fi=(206)
158 2
cob=(7)
cfi=(152)
cfn=(1866)
calls=2 0 
* 230
* 2
fi=(208)
367 3
+19 6
-19 4
fi=(206)
158 2
cob=(7)
cfi=(152)
cfn=(1866)
calls=2 0 
* 230
* 2
fi=(184)
+76 3
+18 3
+33 6
-51 3
+18 3
+33 6
-51 3
+18 3
+33 6
fe=(239)
-35 18

fn=(2934) config::ScenarioConfig::orbitalParents() const
265 24
+1 3
fi=(246)
11 3
fe=(239)
265 3
fi=(247)
567 6
fi=(246)
11 15
fi=(184)
1064 9
fe=(239)
267 6
fi=(184)
-63 3
+30 3
-30 3
fi=(186)
+19 6
fi=(184)
420 6
fi=(254)
578 12
fi=(184)
229 3
fi=(254)
578 6
fi=(185)
354 3
fi=(254)
578 6
fi=(300)
281 3
fi=(254)
578 15
cfn=(2942)
calls=3 1182 
* 6089
fi=(184)
234 3
fi=(254)
579 6
fi=(184)
285 6
fe=(239)
-16 3
fi=(208)
988 18
fe=(239)
269 6
fi=(208)
988 36
fe=(239)
269 12
fi=(208)
1143 6
fi=(246)
11 6
fi=(208)
1143 6
fe=(239)
271 6
fi=(247)
567 12
fi=(246)
11 30
+30 12
-4 12
fi=(247)
567 12
fi=(246)
37 30
+1 6
fi=(247)
567 12
fi=(246)
37 12
+1 24
-5 12
-3 6
+3 36
+6 12
fi=(247)
567 6
fi=(246)
39 6
fi=(247)
567 6
fi=(246)
39 12
fi=(247)
567 12
fi=(246)
40 12
fi=(247)
567 12
fi=(246)
40 12
fi=(247)
567 12
fi=(246)
41 12
fi=(247)
567 6
fi=(246)
56 6
fi=(247)
567 6
fi=(246)
56 12
fi=(247)
567 12
fi=(246)
56 12
fi=(247)
567 12
fi=(246)
56 12
fe=(239)
274 12
fi=(254)
+33 6
fi=(206)
137 6
fe=(239)
274 6
fi=(254)
+33 6
fi=(206)
137 6
cob=(7)
cfi=(152)
cfn=(1638)
calls=6 0 
* 324
* 6
fi=(184)
241 6
fi=(206)
137 6
fi=(184)
+67 6
+30 6
1071 6
fi=(256)
277 6
fi=(186)
-54 12
fi=(184)
420 12
fi=(185)
+5 12
fi=(184)
229 12
fi=(185)
354 6
fi=(254)
2065 6
fi=(300)
281 6
fi=(254)
+27 6
2065 6
465 6
+1 6
fi=(256)
353 12
fi=(254)
2067 30
fi=(256)
341 9
fi=(254)
2067 18
fi=(184)
3587 18
234 3
fi=(185)
431 9
cob=(3)
cfi=(187)
cfn=(1644)
calls=3 264 
* 51
* 3
fi=(184)
234 3
424 3
fi=(255)
206 18
cob=(7)
cfi=(152)
cfn=(2956)
calls=6 0 
* 342
* 6
fi=(256)
488 6
fi=(255)
206 6
fi=(256)
488 6
fi=(254)
2075 6
fi=(256)
488 6
fi=(254)
2075 6
+6 36
cfn=(2964)
calls=6 +61 
* 330
* 6
fi=(185)
431 18
cob=(3)
cfi=(187)
cfn=(1644)
calls=6 264 
* 84
* 6
fi=(184)
234 12
fi=(185)
431 6
-76 18
fe=(239)
-78 3
fi=(208)
1904 9
100 12
378 6
fi=(206)
137 9
cob=(7)
cfi=(152)
cfn=(1638)
calls=3 0 
* 162
* 3
fi=(208)
397 3
-2 3
fi=(205)
922 3
fi=(206)
137 3
fi=(208)
397 3
fi=(205)
922 6
cob=(3)
cfi=(257)
cfn=(2986)
calls=3 167 
* 30
* 3
fi=(208)
+66 3
1701 3
1904 3
988 3
1904 6
100 6
378 6
fi=(206)
137 15
cob=(7)
cfi=(152)
cfn=(1638)
calls=3 0 
* 162
* 3
fi=(208)
397 3
fi=(206)
137 3
fi=(208)
-37 3
395 3
+2 6
fi=(213)
637 3
fi=(208)
100 3
fi=(213)
637 3
fi=(208)
100 3
fi=(213)
637 6
fi=(208)
100 6
fi=(213)
637 6
fi=(208)
100 6
fi=(213)
637 12
fi=(208)
1712 3
988 3
1712 3
988 6
fe=(239)
279 15
fi=(208)
1143 6
fi=(254)
1645 6
fi=(208)
1143 6
fi=(254)
1645 6
466 6
1647 36
fi=(256)
341 9
fi=(254)
1647 18
fi=(235)
377 15
fi=(184)
3587 30
fi=(185)
372 12
+13 18
cob=(3)
cfi=(175)
cfn=(1260)
calls=6 80 
* 117
* 6
fi=(184)
3587 12
fe=(239)
281 18
fi=(208)
1124 18
fe=(239)
283 6
fi=(208)
1124 18
1278 18
988 6
fe=(239)
279 12
fi=(208)
988 24
fe=(239)
279 12
fi=(208)
100 6
fi=(206)
+37 3
fi=(208)
-37 3
fi=(206)
+37 3
cob=(7)
cfi=(152)
cfn=(1638)
calls=3 0 
* 153
* 3
fi=(208)
1688 3
-1 3
fi=(206)
137 3
fi=(208)
1688 3
+1 3
fe=(239)
287 3
fi=(205)
431 3
fi=(208)
1689 3
1124 9
fi=(216)
-51 6
fe=(239)
288 6
fi=(208)
1124 18
fi=(216)
-51 12
fe=(239)
288 27
fi=(208)
1278 12
1893 6
988 24
1893 12
fi=(205)
259 30
fi=(208)
378 12
fi=(207)
97 18
fi=(213)
1105 12
fe=(239)
288 6
fi=(204)
515 6
+2 6
-1 6
+1 6
fe=(239)
288 18
fi=(208)
988 6
fe=(239)
287 12
fi=(208)
988 18
fe=(239)
287 12
fi=(208)
988 3
fe=(239)
287 6
fi=(208)
988 9
fe=(239)
287 6
+1 18
fi=(213)
1117 30
cob=(3)
cfi=(187)
cfn=(1644)
calls=6 264 
* 66
* 6
* 12
fi=(204)
477 6
fi=(206)
158 30
cob=(7)
cfi=(152)
cfn=(1866)
calls=6 0 
* 564
* 6
* 18
fi=(204)
439 6
fi=(208)
988 12
1893 6
988 18
1893 12
fi=(205)
259 30
fi=(208)
378 12
fi=(207)
97 6
fi=(204)
477 6
fi=(213)
1105 12
fi=(208)
386 12
fi=(204)
515 12
+1 6
+1 6
fi=(208)
988 27
fe=(239)
289 6
fi=(208)
+97 6
-19 3
fi=(206)
158 3
fi=(208)
367 3
fi=(206)
158 3
cob=(7)
cfi=(152)
cfn=(1866)
calls=3 0 
* 282
* 3
fi=(207)
+4 18
fi=(208)
367 3
+19 6
-19 6
+19 12
-19 12
fi=(206)
158 6
cob=(7)
cfi=(152)
cfn=(1866)
calls=6 0 
* 564
* 6
fi=(207)
+4 27
fi=(208)
386 6
fi=(206)
158 9
cob=(7)
cfi=(152)
cfn=(1866)
calls=3 0 
* 282
* 3
fi=(254)
1584 6
cfn=(3012)
calls=3 2496 
* 1065
457 3
-8 3
+8 3
-8 6
fi=(206)
158 6
cob=(7)
cfi=(152)
cfn=(1866)
calls=3 0 
* 282
* 3
fe=(239)
292 27
fi=(184)
-51 12
fi=(208)
1897 18
fi=(206)
137 18
cob=(7)
cfi=(152)
cfn=(1638)
calls=6 0 
* 324
* 6
* 6
fi=(204)
517 12
fi=(208)
1897 18
fi=(206)
137 24
cob=(7)
cfi=(152)
cfn=(1638)
calls=6 0 
* 306
* 6
fi=(204)
517 6
fi=(206)
137 6
fi=(204)
517 12
fe=(239)

fn=(2918) config::PlanetConfig::PlanetConfig(config::PlanetConfig&&)
72 6
fi=(208)
+36 6
fi=(184)
252 6
fe=(239)
72 12
fi=(184)
241 6
fe=(239)
72 6
fi=(208)
+35 6
fe=(239)
-35 6
fi=(208)
+34 6
+2 6
-1 6
-1 6
+2 6
fi=(184)
+96 6
+30 6
673 12
241 6
-17 6
fe=(239)
72 6
fi=(184)
252 6
-23 12
fi=(185)
354 6
fi=(184)
204 6
+30 6
fe=(239)
72 6
fi=(184)
673 12
fi=(246)
15 12
fi=(184)
224 6
fi=(246)
15 6
fi=(184)
229 12
fi=(208)
106 6
fi=(185)
354 6
fi=(246)
15 18
fi=(240) /workspace/src/config/LightingConfig.h
+57 24
fi=(208)
+34 6
fi=(240)
-34 12
fi=(208)
+36 6
fe=(239)
-36 6
fi=(208)
+35 6
fe=(239)
-35 6
fi=(208)
+35 12
+1 12
fe=(239)
-36 12
fi=(208)
+34 6
+1 6
-1 6
+2 12
fe=(239)
-36 6
fi=(208)
+34 6
fe=(239)
-34 36
fi=(208)
+36 6
-1 6
fe=(239)
-35 6
fi=(208)
+36 6
-2 6
fe=(239)
-34 66
fi=(208)
+35 6
fe=(239)
-35 60
190 6
72 6
190 6
72 6
fi=(208)
+34 6
fe=(239)
-34 6
190 12
fi=(208)
-83 6
fe=(239)
+83 6
72 12
190 6
72 12
fi=(208)
+35 6
fe=(239)
-35 18
fi=(208)
+36 12
-2 6
fe=(239)
-34 78
fi=(185)
425 24
+6 12
cob=(3)
cfi=(187)
cfn=(1644)
calls=6 264 
* 84
* 6
fi=(184)
1071 6
fi=(185)
431 6
-6 24
+6 12
cob=(3)
cfi=(187)
cfn=(1644)
calls=6 264 
* 84
* 6
fi=(184)
1071 6
fi=(185)
431 6
fe=(239)

fl=(319) /workspace/src/rendering/foliage/GrassLod.cpp
fn=(3896) rendering::grassLodLevel(double, double)
7 1758120
fi=(205)
235 1758120
fe=(319)
7 1758120
fi=(205)
235 5274360
+2 1758120
fe=(319)
18 5274360
+1 2420424
+1 18398880
fi=(205)
259 1533240
-24 2299860
fe=(319)
21 547908
-2 3105144
+1 766620
+1 766620

fn=(3868) rendering::batchGrass(std::vector<rendering::GrassBlade, std::allocator<rendering::GrassBlade> > const&, glm::vec<3, double, (glm::qualifier)0> const&, double, double, double)
23 72
+1 12
-1 48
+1 12
-1 12
+1 12
-1 24
+1 12
cfi=(179)
cfn=(3446)
calls=12 +28 
* 156
fi=(208)
988 12
fi=(204)
70 24
+2 12
fi=(309)
-35 24
cfi=(179)
cfn=(3734)
calls=12 +24 
* 36
fe=(319)
+11 108
fi=(208)
988 48
fi=(206)
137 36
cob=(7)
cfi=(152)
cfn=(1638)
calls=12 0 
* 4575
* 12
* 12
fi=(204)
-39 12
fi=(208)
988 12
fi=(204)
98 12
fe=(319)
-70 24
fi=(204)
+68 12
fe=(319)
-68 24
fi=(208)
1143 12
fi=(267)
155 12
-1 12
fi=(208)
1143 12
fi=(267)
156 24
-1 12
-1 12
668 24
156 12
668 12
+45 36
fi=(272)
53 48
fi=(208)
1143 1953924
fi=(267)
155 1953924
-1 1953924
fi=(208)
1143 1953924
fi=(267)
156 3907848
-1 1953924
-1 1953924
668 3907848
156 1953924
668 1953924
+45 5861772
fi=(272)
53 7815696
-41 1953936
fe=(319)
+17 1953936
fi=(205)
259 1953936
fe=(319)
29 1953936
+1 1953936
fi=(205)
259 1953936
fe=(319)
30 1953936
fi=(205)
259 1953936
+2 170892
fe=(319)
11 683568
cfi=(316)
cfn=(3878)
calls=170892 -1 
* 2050704
* 7132176
cfi=(316)
cfn=(3878)
calls=1783044 -1 
* 21396528
-4 1953936
+4 1953936
+2 1953936
fi=(204)
514 1953936
fe=(319)
7 1953936
+6 1953936
+19 1953936
-19 1953936
fi=(204)
514 1953936
fe=(319)
7 1953936
fi=(204)
514 1953936
fi=(205)
237 1953936
fi=(204)
514 1953936
fe=(319)
13 9769680
+19 5861808
fi=(204)
+82 5274360
fi=(207)
-17 3516240
fi=(204)
+22 1758120
fi=(207)
-22 1758120
fi=(204)
+22 1758120
fi=(208)
988 3516240
fe=(319)
28 1758120
fi=(208)
988 7032480
fe=(319)
28 3516240
fi=(208)
988 391632
fe=(319)
28 195816
fi=(208)
988 783264
fe=(319)
28 391632
fi=(248)
1935 24
fi=(216)
1333 12
fi=(248)
1937 12
fi=(216)
1333 48
fi=(205)
1514 24
fi=(248)
1937 24
cfn=(3888) void std::__introsort_loop<__gnu_cxx::__normal_iterator<rendering::batchGrass(std::vector<rendering::GrassBlade, std::allocator<rendering::GrassBlade> > const&, glm::vec<3, double, (glm::qualifier)0> const&, double, double, double)::Key*, std::vector<rendering::batchGrass(std::vector<rendering::GrassBlade, std::allocator<rendering::GrassBlade> > const&, glm::vec<3, double, (glm::qualifier)0> const&, double, double, double)::Key, std::allocator<rendering::batchGrass(std::vector<rendering::GrassBlade, std::allocator<rendering::GrassBlade> > const&, glm::vec<3, double, (glm::qualifier)0> const&, double, double, double)::Key> > >, long, __gnu_cxx::__ops::_Iter_comp_iter<rendering::batchGrass(std::vector<rendering::GrassBlade, std::allocator<rendering::GrassBlade> > const&, glm::vec<3, double, (glm::qualifier)0> const&, double, double, double)::{lambda(auto:1 const&, auto:2 const&)#1}> >(__gnu_cxx::__normal_iterator<rendering::batchGrass(std::vector<rendering::GrassBlade, std::allocator<rendering::GrassBlade> > const&, glm::vec<3, double, (glm::qualifier)0> const&, double, double, double)::Key*, std::vector<rendering::batchGrass(std::vector<rendering::GrassBlade, std::allocator<rendering::GrassBlade> > const&, glm::vec<3, double, (glm::qualifier)0> const&, double, double, double)::Key, std::allocator<rendering::batchGrass(std::vector<rendering::GrassBlade, std::allocator<rendering::GrassBlade> > const&, glm::vec<3, double, (glm::qualifier)0> const&, double, double, double)::Key> > >, __gnu_cxx::__normal_iterator<rendering::batchGrass(std::vector<rendering::GrassBlade, std::allocator<rendering::GrassBlade> > const&, glm::vec<3, double, (glm::qualifier)0> const&, double, double, double)::Key*, std::vector<rendering::batchGrass(std::vector<rendering::GrassBlade, std::allocator<rendering::GrassBlade> > const&, glm::vec<3, double, (glm::qualifier)0> const&, double, double, double)::Key, std::allocator<rendering::batchGrass(std::vector<rendering::GrassBlade, std::allocator<rendering::GrassBlade> > const&, glm::vec<3, double, (glm::qualifier)0> const&, double, double, double)::Key> > >, long, __gnu_cxx::__ops::_Iter_comp_iter<rendering::batchGrass(std::vector<rendering::GrassBlade, std::allocator<rendering::GrassBlade> > const&, glm::vec<3, double, (glm::qualifier)0> const&, double, double, double)::{lambda(auto:1 const&, auto:2 const&)#1}>)
calls=12 -29 
* 197406948
fi=(216)
1144 12
fi=(248)
1847 24
fi=(216)
1144 12
fi=(205)
742 84
-1 48
+1 144
cob=(3)
cfi=(187)
cfn=(1644)
calls=24 264 
* 252
* 24
* 24
fi=(248)
1807 24
+7 48
-7 48
fe=(319)
36 180
fi=(248)
1809 360
+3 180
-3 360
-20 756
+2 264
-2 132
+2 132
-2 396
+2 336
-2 168
+2 168
-2 504
+18 156
-12 312
+12 312
+22 120
-43 5273784
fe=(319)
35 1757928
fi=(248)
1789 6642816
+2 2738064
-2 1369032
+2 1369032
-2 4107096
+2 6698568
-2 3349284
+2 3349284
-2 10047852
+40 1757928
-34 3515856
+34 3515856
fe=(319)
38 276
fi=(204)
+32 36
fi=(206)
+67 48
cob=(7)
cfi=(152)
cfn=(1638)
calls=12 0 
* 4079
* 12
fi=(204)
-57 12
fi=(213)
1104 24
fi=(206)
137 24
fi=(213)
1104 12
+1 24
fi=(208)
386 24
fi=(204)
98 12
-2 24
+2 12
fe=(319)
-58 12
fi=(207)
+57 1758120
fi=(208)
1283 1758120
fi=(207)
97 8790600
fi=(208)
1283 1758120
fe=(319)
40 5274360
fi=(208)
988 1758108
1278 1758108
fe=(319)
41 3516216
fi=(205)
259 5274324
fe=(319)
41 24
fi=(205)
259 36
+2 170892
fe=(319)
41 341784
cfn=(3896)
calls=170892 -34 
* 1879812
* 3174456
cfn=(3896)
calls=1587228 -34 
* 45540084
+1 5274360
+1 5274360
fi=(208)
988 480
fe=(319)
43 96
+1 192
fi=(208)
1143 384
1278 192
fe=(319)
44 3516048
fi=(208)
1143 7032096
1278 3516048
386 24
fi=(206)
158 36
cob=(7)
cfi=(152)
cfn=(1866)
calls=12 0 
* 2136
* 12
fi=(320) /usr/include/c++/12/bits/alloc_traits.h
496 12
fe=(319)

fl=(200) /workspace/build/_deps/nlohmann_json-src/include/nlohmann/detail/input/lexer.hpp
fn=(1884) nlohmann::json_abi_v3_11_3::detail::lexer<nlohmann::json_abi_v3_11_3::basic_json<std::map, std::vector, std::__cxx11::basic_string<char, std::char_traits<char>, std::allocator<char> >, bool, long, unsigned long, double, std::allocator, nlohmann::json_abi_v3_11_3::adl_serializer, std::vector<unsigned char, std::allocator<unsigned char> >, void>, nlohmann::json_abi_v3_11_3::detail::input_stream_adapter>::scan_string()
255 4172
fi=(184)
-21 596
-5 596
fi=(185)
354 596
fi=(208)
1601 596
1930 1192
+4 596
fi=(185)
448 596
fi=(204)
114 1192
fi=(207)
-17 596
fi=(204)
+22 596
fe=(200)
266 1788
cfn=(1778) nlohmann::json_abi_v3_11_3::detail::lexer<nlohmann::json_abi_v3_11_3::basic_json<std::map, std::vector, std::__cxx11::basic_string<char, std::char_traits<char>, std::allocator<char> >, bool, long, unsigned long, double, std::allocator, nlohmann::json_abi_v3_11_3::adl_serializer, std::vector<unsigned char, std::allocator<unsigned char> >, void>, nlohmann::json_abi_v3_11_3::detail::input_stream_adapter>::get()
calls=596 1338 
* 22182
* 41476
cfn=(1778)
calls=20738 1338 
* 769081
* 128004
1404 62214
cfi=(184)
cfn=(1890)
calls=20738 1524 
* 623692
+1 20738
839 4172
266 1192

fn=(1960) nlohmann::json_abi_v3_11_3::detail::lexer<nlohmann::json_abi_v3_11_3::basic_json<std::map, std::vector, std::__cxx11::basic_string<char, std::char_traits<char>, std::allocator<char> >, bool, long, unsigned long, double, std::allocator, nlohmann::json_abi_v3_11_3::adl_serializer, std::vector<unsigned char, std::allocator<unsigned char> >, void>, nlohmann::json_abi_v3_11_3::detail::input_stream_adapter>::scan_number()
970 1092
fi=(184)
234 182
-5 182
fi=(185)
354 182
fi=(208)
1601 182
1930 364
+4 182
fi=(185)
448 182
fi=(204)
114 364
fi=(207)
-17 182
fi=(204)
+22 182
fe=(200)
980 665
1404 21
cfi=(184)
cfn=(1890)
calls=7 1524 
* 210
1016 14
cfn=(1778)
calls=7 1338 
* 259
* 23
1404 6
1015 3
1404 6
cfi=(184)
cfn=(1890)
calls=3 1524 
* 90
1068 6
cfn=(1778)
calls=3 1338 
* 111
* 812
1404 435
cfi=(184)
cfn=(1890)
calls=145 1524 
* 4350
1105 290
cfn=(1778)
calls=145 1338 
* 5365
* 580
1293 252
980 294
1404 98
977 98
1404 196
cfi=(184)
cfn=(1890)
calls=98 1524 
* 2940
1068 196
cfn=(1778)
calls=98 1338 
* 3626
* 199
1382 182
-3 182
-2 182
+5 364
+2 51
+10 364
fi=(208)
-74 182
fe=(200)
-72 182
+6 182
-5 182
cob=(3)
cfi=(219)
cfn=(1970)
calls=182 26 
* 546
cob=(1)
cfi=(141)
cfn=(520)
calls=1 76 
* 902
* 186
fi=(184)
234 182
fe=(200)
1249 364
+3 364
+16 292
921 146
1292 146
921 146
cob=(3)
cfi=(222)
cfn=(1988)
calls=146 82 
* 90720
cob=(1)
cfi=(141)
cfn=(520)
calls=1 76 
* 746
* 150
1293 146
921 146
1293 876
1404 154
977 77
1404 154
cfi=(184)
cfn=(1890)
calls=77 1524 
* 2310
1047 162
cfn=(1778)
calls=81 1338 
* 2999
* 324
1404 12
cfi=(184)
cfn=(1890)
calls=4 1524 
* 120
1162 8
cfn=(1778)
calls=4 1338 
* 148
* 10
1404 24
cfi=(184)
cfn=(1890)
calls=8 1524 
* 240
1222 16
cfn=(1778)
calls=8 1338 
* 296
* 24
1104 292
+58 4
1391 495
+13 8
1015 4
1404 8
cfi=(184)
cfn=(1890)
calls=4 1524 
* 120
1021 4
1404 366
cfi=(184)
cfn=(1890)
calls=122 1524 
* 3660
1068 244
cfn=(1778)
calls=122 1338 
* 4518
* 244
1404 12
cfi=(184)
cfn=(1890)
calls=4 1524 
* 120
1196 8
cfn=(1778)
calls=4 1338 
* 148
* 20
1386 51
+18 1965
cfi=(184)
cfn=(1890)
calls=655 1524 
* 19650
1131 1310
cfn=(1778)
calls=655 1338 
* 24263
* 4063
1254 108
cob=(3)
cfi=(220)
cfn=(1978)
calls=36 106 
* 4933
cob=(1)
cfi=(141)
cfn=(520)
calls=1 76 
* 757
* 40
+5 108
1131 6
1261 36
+3 36

fn=(1776) nlohmann::json_abi_v3_11_3::detail::lexer<nlohmann::json_abi_v3_11_3::basic_json<std::map, std::vector, std::__cxx11::basic_string<char, std::char_traits<char>, std::allocator<char> >, bool, long, unsigned long, double, std::allocator, nlohmann::json_abi_v3_11_3::adl_serializer, std::vector<unsigned char, std::allocator<unsigned char> >, void>, nlohmann::json_abi_v3_11_3::detail::input_stream_adapter>::scan()
1510 13720
+3 3430
-24 1
cfn=(1778)
calls=1 1338 
* 3452
* 2
1382 1
-3 1
-2 1
+5 2
+9 2
+3 2
fi=(208)
-74 1
fe=(200)
1507 2
-2 2
cfn=(1778)
calls=1 1338 
* 33
+2 3428
-2 3428
cfn=(1778)
calls=1714 1338 
* 67013
* 11040
cfn=(1778)
calls=5520 1338 
* 204959
+2 32745
+27 3128
-11 3430
+11 4487
+62 7496
-62 10948
+62 182
-13 182
+13 1092
-13 182
cfn=(1960)
calls=182 970 
* 197211
-30 9
1305 108
+2 54
cfn=(1778)
calls=27 +31 
* 999
* 54
1544 108
-2 108
-8 34
+4 34
+58 596
-27 596
+27 3576
-27 596
cfn=(1884)
calls=596 255 
* 1685863
-21 762
-2 810
1313 18

fn=(1778)
1338 237792
+2 29724
+3 29724
-3 59448
+3 29724
+10 183
-7 183
+7 366
fi=(204)
114 561
fi=(207)
-17 29714
fi=(204)
+22 29714
fe=(200)
1358 89172
+2 540
+1 540
+4 237792
fi=(198) /workspace/build/_deps/nlohmann_json-src/include/nlohmann/detail/input/input_adapters.hpp
120 29541
fi=(201) /usr/include/c++/12/streambuf
490 29541
324 59082
fi=(185)
454 29537
fi=(201)
+49 59074
fi=(204)
114 29537
fe=(200)
1350 29537
fi=(204)
114 59074
439 10
fi=(208)
988 20
1893 30
fi=(205)
259 29
fi=(208)
1896 45
fi=(206)
137 18
cob=(7)
cfi=(152)
cfn=(1638)
calls=9 0 
* 1260
* 9
fi=(207)
-40 9
fi=(206)
+40 9
fi=(213)
1105 18
+12 18
fi=(204)
477 9
fi=(213)
1117 18
cob=(3)
cfi=(187)
cfn=(1644)
calls=9 264 
* 140
cob=(1)
cfi=(141)
cfn=(520)
calls=1 76 
* 778
* 13
fi=(204)
514 18
fi=(206)
158 18
cob=(7)
cfi=(152)
cfn=(1866)
calls=9 0 
* 2329
cob=(1)
cfi=(141)
cfn=(520)
calls=1 -82 
* 681
* 13
fi=(204)
515 10
+2 10
-1 10
+1 20
fi=(206)
137 1
fi=(207)
-40 1
fi=(206)
+40 1
cob=(7)
cfi=(152)
cfn=(1638)
calls=1 0 
* 183
* 1
fi=(207)
-40 1
fi=(206)
+40 1
fi=(204)
477 1
fi=(208)
-91 2
fi=(201)
-56 8
cob=(7)
cfi=(152)
cfn=(1784) std::basic_streambuf<char, std::char_traits<char> >::uflow()
calls=4 0 
* 3590
* 4
fi=(198)
122 8
fe=(200)
1350 8

fl=(179)
fn=(3734)
61 52
+21 26

fn=(3446)
52 78
+1 78
fi=(297) /usr/include/c++/12/bits/chrono.h
866 26
fe=(179)
53 52
fi=(297)
866 26
fe=(179)
58 78

fn=(1604)
83 1
fi=(178) /usr/include/c++/12/iostream
-9 3
cob=(7)
cfi=(152)
cfn=(1084) std::ios_base::Init::Init()
calls=1 -74 
* 25
* 1
* 2
fe=(179)
+9 1
fi=(178)
-9 2
cob=(3)
cfi=(153)
cfn=(874)
calls=1 -4 
* 74
* 1
fe=(179)

fl=(261)
fn=(3158) simulation::KeplerOrbit::at(double) const
126 40
fi=(247)
567 8
fe=(261)
127 24
-60 40
+69 8
-69 8
cob=(4)
cfi=(262) ./math/./math/w_remainder_compat.c
cfn=(3132) drem
calls=8 -38 
* 684
* 8
+62 16
-62 8
+62 32
cob=(4)
cfi=(262)
cfn=(3132)
calls=8 29 
* 544
* 8
* 8
-1 8
-61 16
+62 16
-1 16
cob=(4)
cfi=(262)
cfn=(3132)
calls=8 -99 
* 689
* 8
+8 8
-8 16
+8 8
-3 16
-1 24
+6 49
+2 147
-5 98
+5 171
-5 114
+1 342
cob=(4)
cfi=(271)
cfn=(3164) __sin_fma
calls=114 +65 
* 8212
cob=(1)
cfi=(141)
cfn=(520)
calls=1 -60 
* 654
* 118
* 1400
cob=(4)
cfi=(266) ./math/../sysdeps/ieee754/dbl-64/s_sincos.c
cfn=(3144) __sincos_fma
calls=8 -99 
* 758
* 8
+8 48
cob=(4)
cfi=(271)
cfn=(3164)
calls=8 +57 
* 455
* 8
+5 8
-1 8
fi=(270)
471 8
fe=(261)
147 8
+4 16
+5 8
-9 8
fi=(270)
471 8
+2 16
-2 24
fe=(261)
147 8
+2 24
+2 8
fi=(270)
473 16
fe=(261)
148 8
+4 8
-1 8
+2 8
-2 16
+2 8
fi=(270)
471 8
+2 8
-2 24
+2 8
-2 16
+2 8
-2 8
+2 16
fi=(267)
40 16
fe=(261)
154 16
-1 24
fi=(270)
471 16
+2 8
-2 32
+2 8
-2 8
+2 24
fi=(267)
40 16
fe=(261)
156 40

fn=(3092)
183 9
+1 1
cfi=(239)
cfn=(2934)
calls=1 +81 
* 3189
fi=(208)
988 2
1904 1
988 3
1904 2
100 4
378 2
fi=(206)
137 4
cob=(7)
cfi=(152)
cfn=(1638)
calls=1 0 
* 54
* 1
fi=(208)
397 1
-2 1
100 1
397 1
fi=(213)
637 1
fi=(208)
100 1
fi=(213)
637 1
fi=(208)
100 1
fi=(213)
637 2
fi=(208)
100 2
fi=(213)
637 2
fi=(208)
100 2
fi=(213)
637 4
fi=(208)
988 2
1712 3
1904 1
988 1
100 3
1904 2
378 2
100 1
378 2
100 1
378 1
fi=(206)
137 2
cob=(7)
cfi=(152)
cfn=(1638)
calls=1 0 
* 54
* 1
fi=(208)
397 1
988 2
395 2
+2 1
fi=(213)
662 1
fi=(208)
988 1
fi=(207)
119 1
fi=(208)
988 1
395 1
988 1
fi=(205)
1114 2
921 2
+1 4
cob=(3)
cfi=(257)
cfn=(2986)
calls=1 167 
* 10
* 1
* 1
fi=(208)
100 1
1904 1
1712 1
1904 2
99 1
+1 2
375 1
100 1
378 2
fi=(206)
137 2
cob=(7)
cfi=(152)
cfn=(1638)
calls=1 0 
* 54
* 1
fi=(208)
988 2
395 1
+2 1
-2 1
+2 1
fi=(213)
662 1
fi=(208)
988 1
fi=(207)
119 1
fi=(208)
988 1
395 2
988 1
fi=(205)
1114 2
921 2
+1 5
cob=(3)
cfi=(257)
cfn=(2986)
calls=1 167 
* 10
* 1
* 3
fi=(208)
1904 1
1712 1
1904 2
100 3
378 2
fi=(206)
137 4
cob=(7)
cfi=(152)
cfn=(1638)
calls=1 0 
* 54
* 1
fi=(208)
397 1
-2 2
+2 1
fi=(213)
637 1
fi=(207)
119 1
fi=(213)
637 1
fi=(246)
52 1
fi=(213)
637 2
fi=(207)
119 2
fi=(213)
637 2
fi=(246)
52 2
fi=(213)
637 4
fi=(208)
988 2
1712 1
1904 1
988 1
1904 2
988 1
100 2
988 1
100 1
988 1
378 1
fi=(206)
137 5
cob=(7)
cfi=(152)
cfn=(1638)
calls=1 0 
* 127
* 1
fi=(208)
397 1
-2 1
+2 1
fi=(213)
637 1
fi=(259)
120 1
fi=(213)
637 3
fi=(259)
120 2
fi=(213)
637 6
fi=(208)
988 4
fe=(261)
187 1
fi=(267)
35 1
fi=(208)
1124 1
fi=(267)
35 2
fe=(261)
187 1
fi=(208)
1143 1
1712 1
fe=(261)
187 1
+1 4
+1 5
fi=(208)
988 4
fe=(261)
189 4
fi=(208)
988 4
fe=(261)
189 4
fi=(208)
1124 1
+19 1
fe=(261)
191 1
fi=(208)
1143 2
fe=(261)
190 2
+1 6
fi=(208)
1124 4
1278 3
1143 1
fe=(261)
191 1
fi=(208)
1143 2
fe=(261)
190 2
+1 6
fi=(208)
1124 4
1278 3
fi=(204)
439 2
fi=(208)
988 2
1893 2
988 6
1893 4
fi=(205)
260 10
fi=(208)
378 4
fi=(207)
97 2
fi=(204)
477 2
fi=(213)
1105 4
fi=(208)
386 4
fi=(204)
515 2
+1 2
+1 4
114 4
fe=(261)
+81 4
fi=(208)
1124 5
fi=(216)
-51 2
fe=(261)
196 2
fi=(208)
1124 10
fi=(216)
-51 4
fe=(261)
196 7
fi=(208)
1278 4
1893 2
988 8
1893 4
fi=(205)
260 10
fi=(208)
378 4
fi=(207)
97 2
fi=(204)
477 2
fi=(213)
1105 4
fe=(261)
196 2
fi=(204)
515 2
+2 2
-1 2
+1 2
fe=(261)
196 6
fi=(208)
988 2
fe=(261)
195 4
fi=(208)
988 4
fe=(261)
195 4
fi=(208)
988 1
fe=(261)
195 2
fi=(208)
988 2
fe=(261)
195 2
fi=(208)
988 2
+87 2
-87 2
+87 1
fi=(204)
230 2
fi=(208)
988 3
fi=(204)
242 2
fi=(216)
1073 2
fi=(204)
256 1
fe=(261)
-58 3
+1 11
fi=(208)
1124 4
fe=(261)
199 6
fi=(216)
1121 2
fe=(261)
198 4
fi=(216)
1121 1
fe=(261)
198 2
+3 5
fi=(246)
11 2
fe=(261)
201 1
fi=(247)
567 2
fi=(246)
11 2
fe=(261)
201 2
fi=(247)
567 4
fi=(246)
11 10
fe=(261)
201 9
fi=(208)
988 3
fe=(261)
202 5
fi=(207)
-83 10
cfi=(261)
cfn=(3118) simulation::KeplerOrbit::KeplerOrbit(config::OrbitConfig const&, double, double, double)
calls=2 -23 
* 5760
fi=(208)
988 4
fe=(261)
202 2
fi=(259)
+78 2
fe=(261)
-78 2
fi=(208)
988 4
fe=(261)
202 4
fi=(208)
1124 5
fi=(184)
3599 3
fi=(239)
261 2
fi=(205)
-26 2
fi=(208)
1124 4
fi=(184)
3599 3
fi=(239)
261 2
fi=(205)
-26 2
fi=(185)
372 4
+13 6
cob=(3)
cfi=(175)
cfn=(1260)
calls=2 80 
* 36
* 2
fi=(186)
896 6
fi=(208)
1143 2
-19 6
+19 2
-19 2
+19 2
fe=(261)
203 2
fi=(259)
317 4
fi=(213)
1117 12
cob=(3)
cfi=(187)
cfn=(1644)
calls=2 264 
* 22
* 2
fi=(204)
514 6
fi=(213)
1117 2
fi=(204)
514 2
fi=(206)
158 10
cob=(7)
cfi=(152)
cfn=(1866)
calls=2 0 
* 188
* 2
* 8
fi=(205)
430 2
+1 4
cob=(3)
cfi=(187)
cfn=(1644)
calls=1 264 
* 10
* 1
fi=(204)
256 3
fi=(239)
+5 10
fe=(261)
-53 4
cfn=(3176)
calls=1 +11 
* 3458
fi=(208)
1143 1
fi=(267)
668 2
fi=(208)
367 1
fi=(267)
668 3
fi=(208)
367 1
fi=(267)
668 1
248 1
+2 1
-2 1
+2 1
-2 1
fe=(261)
-38 7
fi=(206)
-52 1
cob=(7)
cfi=(152)
cfn=(1866)
calls=1 0 
* 94
* 1
fi=(208)
1893 1
988 4
1893 2
fi=(205)
260 5
fi=(208)
378 2
fi=(207)
97 1
fi=(204)
477 1
fi=(213)
1105 2
fi=(208)
386 2
fi=(204)
515 1
+2 1
-1 1
+1 2
fi=(208)
1897 6
fi=(206)
137 8
cob=(7)
cfi=(152)
cfn=(1638)
calls=2 0 
* 108
* 2
fi=(204)
517 2
fi=(206)
137 2
fi=(204)
517 4
fi=(208)
1897 6
fi=(206)
137 8
cob=(7)
cfi=(152)
cfn=(1638)
calls=2 0 
* 102
* 2
fi=(204)
517 2
fi=(206)
137 2
fi=(204)
517 4
fi=(206)
137 2
cob=(7)
cfi=(152)
cfn=(1638)
calls=1 0 
* 51
* 1
* 1
fi=(204)
517 2
fi=(208)
1897 3
fi=(206)
137 2
fe=(261)

fn=(3176)
219 21
+1 3
-1 3
fi=(247)
567 3
fe=(261)
220 6
fi=(208)
988 9
1904 3
988 9
1904 6
378 12
fi=(206)
137 21
cob=(7)
cfi=(152)
cfn=(1638)
calls=3 0 
* 162
* 3
fi=(267)
35 3
fi=(206)
137 3
fi=(213)
637 6
fi=(267)
35 12
fi=(213)
637 6
fi=(267)
35 24
fi=(213)
637 12
fi=(208)
1904 3
988 12
1904 6
100 9
378 6
fi=(206)
137 15
cob=(7)
cfi=(152)
cfn=(1638)
calls=3 0 
* 1935
* 3
fi=(208)
397 3
-2 3
fi=(267)
35 3
fi=(208)
397 3
fi=(213)
637 3
fi=(267)
35 6
fi=(213)
637 3
fi=(267)
35 30
fi=(213)
637 6
fi=(267)
35 12
fi=(213)
637 6
fi=(267)
35 60
fi=(213)
637 12
fi=(208)
988 6
1712 3
fe=(261)
223 24
67 12
223 24
67 12
cob=(4)
cfi=(262)
cfn=(3132)
calls=6 -38 
* 408
* 6
+17 6
fi=(267)
-28 6
fi=(269)
180 6
fe=(261)
67 6
fi=(267)
-9 6
fe=(261)
+17 12
fi=(269)
180 18
fe=(261)
75 24
+9 6
fi=(267)
-26 6
-2 6
fi=(269)
180 42
fe=(261)
75 6
cfi=(265) /workspace/build/_deps/glm-src/glm/gtc/../ext/matrix_transform.inl
cfn=(3138) glm::mat<4, 4, double, (glm::qualifier)0> glm::rotate<double, (glm::qualifier)0>(glm::mat<4, 4, double, (glm::qualifier)0> const&, double, glm::vec<3, double, (glm::qualifier)0> const&)
calls=6 -57 
* 1240
-8 6
fi=(267)
+95 30
+2 6
-2 42
+2 6
-2 48
+2 12
-2 30
fe=(261)
-95 12
fi=(267)
+95 36
fe=(261)
-95 12
fi=(267)
+95 12
fe=(261)
-95 18
fi=(267)
+95 6
fe=(261)
-95 6
cob=(4)
cfi=(262)
cfn=(3132)
calls=6 -38 
* 408
* 6
* 6
fi=(267)
-11 6
fi=(269)
180 6
fe=(261)
71 12
fi=(269)
180 12
fe=(261)
71 6
fi=(267)
-15 6
fi=(269)
180 48
fi=(267)
58 6
fe=(261)
+13 6
cfi=(265)
cfn=(3138)
calls=6 -53 
* 1470
fi=(208)
1124 6
fi=(270)
509 6
fi=(267)
162 12
fi=(270)
509 6
fi=(208)
1124 6
fi=(270)
509 6
fi=(267)
162 6
fi=(208)
1124 6
fi=(267)
162 6
fe=(261)
+61 6
fi=(267)
-60 6
fi=(270)
509 12
fi=(267)
162 6
fi=(270)
509 12
fi=(267)
162 12
+2 6
fi=(208)
1121 6
fi=(270)
517 6
-8 6
fi=(267)
162 12
fi=(270)
517 6
-8 12
fi=(267)
162 12
fi=(270)
509 48
+8 6
-8 6
fe=(261)
225 6
fi=(270)
509 18
fe=(261)
225 6
fi=(270)
517 12
-8 36
fe=(261)
225 6
fi=(270)
509 24
fe=(261)
225 6
fi=(270)
517 36
fe=(261)
225 6
fi=(208)
988 18
fe=(261)
223 12
fi=(208)
1143 6
fe=(261)
224 12
fi=(208)
1143 6
fe=(261)
224 6
cfn=(3158)
calls=6 -98 
* 13584
fi=(208)
1143 6
fi=(246)
56 6
fe=(261)
224 6
fi=(208)
1143 6
fi=(246)
56 6
fe=(261)
224 12
fi=(247)
567 12
fe=(261)
224 12
fi=(246)
56 6
fe=(261)
224 6
fi=(246)
56 12
fi=(247)
567 12
fi=(246)
56 12
+1 6
-1 6
fi=(247)
567 12
fi=(246)
56 12
fe=(261)
+25 30
+1 30
cob=(4)
cfi=(262)
cfn=(3132)
calls=6 -53 
* 408
* 6
* 6
-1 6
+1 6
-1 6
+1 6
-1 12
227 6
fi=(216)
1073 6
fe=(261)
227 6
+1 6
fi=(208)
1143 6
fe=(261)
228 3
fi=(208)
1124 9
fe=(261)
230 6
+1 3
-1 3
+1 3
-1 3
+1 3
fi=(208)
1143 6
fe=(261)
231 3
fi=(216)
1073 6
fe=(261)
232 6
-4 6
fi=(208)
1124 18
fe=(261)
230 12
+1 6
-1 6
+1 6
-1 6
+1 6
fi=(208)
1143 12
fe=(261)
231 6
fi=(216)
1073 12
fe=(261)
232 12
fi=(208)
1143 6
fi=(267)
278 6
+2 6
-1 6
+1 6
-2 6
+1 6
fi=(208)
1143 6
fi=(267)
280 12
fe=(261)
-48 12
+1 6
fi=(208)
1124 6
fe=(261)
233 6
fi=(208)
1124 12
fi=(267)
695 36
280 6
-1 6
-1 6
+2 6
695 6
279 6
695 12
278 6
695 12
280 6
-1 6
-1 6
+2 6
-1 6
-1 6
fe=(261)
-46 18
+5 12
fi=(208)
1124 36
fi=(267)
623 18
fe=(261)
238 6
fi=(267)
623 12
fe=(261)
238 12
fi=(267)
621 6
+2 6
fe=(261)
239 6
fi=(267)
623 6
fe=(261)
239 6
-2 12
-9 27
fi=(208)
386 6
fi=(206)
158 9
cob=(7)
cfi=(152)
cfn=(1866)
calls=3 0 
* 282
* 3
fe=(261)
+85 27

fn=(3118)
96 14
fi=(184)
241 2
fe=(261)
96 2
fi=(184)
1071 2
204 2
+30 2
fi=(186)
-11 4
fi=(184)
420 4
229 2
fi=(185)
354 2
fi=(246)
15 28
+18 4
-3 4
+3 18
fi=(267)
+23 4
fe=(261)
+42 2
fi=(267)
-42 8
fi=(246)
-15 2
fi=(267)
+17 2
fi=(246)
-17 2
-4 2
fi=(247)
567 4
fi=(246)
37 12
fi=(247)
567 4
fi=(246)
37 4
+1 12
-5 4
-3 2
+3 12
+6 4
fi=(247)
567 2
fi=(246)
39 6
+1 2
fi=(247)
567 4
fi=(246)
40 4
fi=(247)
567 4
fi=(246)
40 4
fi=(247)
567 4
fi=(246)
41 4
fe=(261)
+59 2
+1 2
fi=(246)
-90 2
fe=(261)
+89 2
+1 6
fi=(247)
567 4
fi=(246)
11 2
fe=(261)
+90 2
fi=(246)
-90 10
fi=(247)
567 4
fi=(246)
11 8
fe=(261)
+93 2
fi=(247)
567 4
fe=(261)
104 10
+2 6
+1 4
+1 2
-2 2
+2 10
+1 2
+2 2
-2 2
-1 6
fi=(247)
567 4
fe=(261)
111 4
-1 12
fi=(247)
567 4
fe=(261)
110 8
fi=(247)
567 4
fe=(261)
110 4
+1 4
-44 4
+8 6
-8 4
cob=(4)
cfi=(262)
cfn=(3132)
calls=2 -38 
* 136
cob=(1)
cfi=(141)
cfn=(520)
calls=1 +9 
* 725
* 6
* 2
fi=(267)
-11 2
fi=(269)
180 2
fi=(267)
58 2
fe=(261)
+17 6
fi=(269)
180 2
fi=(267)
56 2
fi=(269)
180 8
fi=(267)
58 2
fi=(269)
180 8
fe=(261)
75 2
cfi=(265)
cfn=(3138)
calls=2 -57 
* 1035
-8 2
fi=(267)
+97 2
-2 2
+1 2
+1 2
fe=(261)
-97 4
fi=(267)
+95 2
+1 2
-1 2
+2 2
-2 2
fe=(261)
-95 2
fi=(267)
+97 2
-1 4
-1 2
+1 2
+1 2
-2 2
+2 2
-1 2
fe=(261)
-96 2
cob=(4)
cfi=(262)
cfn=(3132)
calls=2 -38 
* 136
* 2
fi=(269)
180 2
fe=(261)
71 4
-4 2
fi=(267)
-11 2
fe=(261)
+15 2
fi=(269)
180 6
fi=(267)
56 2
fi=(269)
180 12
fi=(267)
58 2
fe=(261)
+13 2
cfi=(265)
cfn=(3138)
calls=2 -53 
* 426
-4 2
fi=(267)
+96 2
-1 2
fe=(261)
-95 2
fi=(267)
+95 2
+1 4
+1 2
-2 4
+2 2
-2 2
+1 2
fe=(261)
-96 2
fi=(267)
+97 2
-1 2
fe=(261)
-96 2
fi=(267)
+95 2
+2 2
-1 2
+1 4
fe=(261)
-97 2
cob=(4)
cfi=(262)
cfn=(3132)
calls=2 -38 
* 136
* 2
* 2
fi=(267)
-11 2
fi=(269)
180 2
fi=(267)
58 2
fe=(261)
+17 6
fi=(269)
180 2
fi=(267)
56 2
fi=(269)
180 16
fi=(267)
58 2
fe=(261)
+17 2
cfi=(265)
cfn=(3138)
calls=2 -57 
* 362
+42 4
fi=(267)
+45 4
fi=(270)
509 6
fi=(267)
162 2
fi=(270)
509 4
fi=(267)
163 4
+1 2
fi=(270)
509 2
fi=(267)
164 2
-1 2
+1 2
fi=(270)
510 2
-1 10
+1 2
+1 2
-2 2
+1 4
+1 2
-1 6
+1 2
-1 2
+2 2
-1 2
+1 2
-2 2
+2 2
-1 2
+1 6
+1 2
+2 2
-3 8
+1 4
+1 2
-1 8
+1 12
+1 4
+1 2
-1 6
+2 2
-1 2
-7 2
+6 2
+1 4
+1 2
-8 2
+8 2
-1 2
-4 2
-3 2
+8 2
-8 2
+7 2
-7 2
+8 2
-8 4
+7 2
-7 8
+1 4
fe=(261)
115 2
fi=(270)
510 12
+1 2
+1 2
-1 2
fe=(261)
115 2
fi=(270)
511 2
+1 2
-1 10
+1 4
fe=(261)
115 2
fi=(270)
512 12
+1 4
fe=(261)
115 2
fi=(270)
513 12
+1 4
fe=(261)
115 2
fi=(270)
514 2
+1 2
-1 2
+1 2
+1 2
-2 6
+3 2
-3 2
+1 4
fe=(261)
115 2
fi=(270)
515 2
+1 2
+1 2
-2 2
+1 2
+1 2
-2 2
+1 2
+1 2
-2 2
+1 2
+1 2
fe=(261)
117 2
-2 6
+2 2
cfn=(3158)
calls=2 +9 
* 1787
+1 4
+1 2
-1 2
fi=(247)
567 2
fe=(261)
119 4
fi=(267)
712 2
-1 2
+2 8
fi=(272)
53 10
-41 2
fi=(247)
567 2
fe=(261)
119 6
+2 12
fi=(185)
425 6
+6 12
cob=(3)
cfi=(187)
cfn=(1644)
calls=2 264 
* 31
* 2
fi=(184)
234 8
fi=(185)
431 2
fe=(261)

fl=(339) /workspace/src/app/scene/PreparedScene.h
fn=(4066) app::PreparedScene::~PreparedScene()
10 6
fi=(259)
317 2
fi=(208)
730 2
fi=(207)
162 3
fi=(208)
730 2
fi=(207)
162 2
fi=(208)
730 2
fi=(207)
162 4
fi=(184)
+72 2
+51 6
-51 1
+51 3
fi=(207)
162 9
fi=(208)
367 2
+19 4
-19 2
fi=(206)
158 2
fi=(208)
367 2
fi=(206)
158 2
cob=(7)
cfi=(152)
cfn=(1866)
calls=2 0 
* 302
* 2
fi=(207)
+4 6
fi=(208)
367 1
+19 2
-19 1
fi=(206)
158 1
fi=(208)
367 1
fi=(206)
158 1
cob=(7)
cfi=(152)
cfn=(1866)
calls=1 0 
* 94
* 1
fi=(208)
367 1
+19 2
-19 2
fi=(206)
158 1
cob=(7)
cfi=(152)
cfn=(1866)
calls=1 0 
* 94
* 1
fi=(208)
730 2
fi=(207)
162 11
fi=(259)
317 6
fi=(184)
-83 2
+51 2
fi=(259)
+1 2
fi=(184)
-1 4
fi=(208)
+82 1
+19 2
-19 1
fi=(206)
158 1
fi=(208)
367 1
fi=(206)
158 1
cob=(7)
cfi=(152)
cfn=(1866)
calls=1 0 
* 94
* 1
fi=(208)
367 1
+19 2
-19 2
fi=(206)
158 1
cob=(7)
cfi=(152)
cfn=(1866)
calls=1 0 
* 113
* 1
fi=(208)
367 1
+19 2
-19 2
fi=(206)
158 1
cob=(7)
cfi=(152)
cfn=(1866)
calls=1 0 
* 113
* 1
fi=(208)
367 1
+19 2
-19 2
fi=(206)
158 1
cob=(7)
cfi=(152)
cfn=(1866)
calls=1 0 
* 115
* 1
fi=(208)
367 1
+19 2
-19 2
fi=(206)
158 1
cob=(7)
cfi=(152)
cfn=(1866)
calls=1 0 
* 113
* 1
fi=(208)
730 2
fi=(207)
162 3
fi=(208)
367 1
+19 2
-19 2
+19 4
-19 4
fi=(206)
158 2
cob=(7)
cfi=(152)
cfn=(1866)
calls=2 0 
* 230
* 2
fi=(207)
+4 9
fi=(208)
367 1
+19 2
-19 1
fi=(206)
158 1
fi=(208)
367 1
fi=(206)
158 1
cob=(7)
cfi=(152)
cfn=(1866)
calls=1 0 
* 115
* 1
fi=(208)
367 1
+19 2
-19 2
fi=(206)
158 1
cob=(7)
cfi=(152)
cfn=(1866)
calls=1 0 
* 115
* 1
fe=(339)
10 7
cfi=(239)
cfn=(3076)
calls=1 250 
* 2100
fi=(259)
317 1
-31 1
+31 1
fi=(208)
730 2
fi=(259)
286 1
fi=(207)
162 3
fi=(184)
+72 1
+51 3
-51 1
+51 3
fi=(207)
162 6
fi=(208)
367 2
+19 2
-19 1
fi=(206)
158 2
cob=(7)
cfi=(152)
cfn=(1866)
calls=1 0 
* 196
* 1
* 1
fe=(339)

fl=(253) /workspace/src/config/parsing/AtmosphereConfig.cpp
fn=(2886) auto config::AtmosphereConfig::AtmosphereConfig(config::Config const&)::{lambda(auto:1 const&, char const*, double&)#1}::operator()<nlohmann::json_abi_v3_11_3::basic_json<std::map, std::vector, std::__cxx11::basic_string<char, std::char_traits<char>, std::allocator<char> >, bool, long, unsigned long, double, std::allocator, nlohmann::json_abi_v3_11_3::adl_serializer, std::vector<unsigned char, std::allocator<unsigned char> >, void> >(nlohmann::json_abi_v3_11_3::basic_json<std::map, std::vector, std::__cxx11::basic_string<char, std::char_traits<char>, std::allocator<char> >, bool, long, unsigned long, double, std::allocator, nlohmann::json_abi_v3_11_3::adl_serializer, std::vector<unsigned char, std::allocator<unsigned char> >, void> const&, char const*, double&) const [clone .constprop.0]
18 154
fi=(210)
2740 22
fe=(253)
18 22
fi=(210)
2740 22
fe=(253)
22 176
fi=(210)
2740 22
fi=(212)
1003 22
745 22
1004 44
1336 44
fi=(185)
395 66
cob=(3)
cfi=(174)
cfn=(1256)
calls=22 65 
* 286
* 22
* 44
-10 140
cob=(3)
cfi=(175)
cfn=(1260)
calls=70 80 
* 1472
* 70
fi=(186)
896 140
fi=(185)
+94 104
fi=(212)
783 38
1340 38
-4 76
fi=(218)
59 70
fi=(185)
395 280
-23 140
fi=(184)
483 18
+2 18
-2 18
+2 36
+2 54
+3 18
fi=(185)
990 36
fi=(212)
792 32
1336 64
-30 44
fi=(235)
607 44
fi=(186)
888 66
fi=(185)
372 44
+13 44
cob=(3)
cfi=(175)
cfn=(1260)
calls=22 80 
* 408
* 22
fi=(186)
896 44
fi=(185)
+94 8
fi=(184)
483 18
+2 36
+2 36
+3 18
fi=(185)
990 36
fe=(253)
20 54
cfi=(210)
cfn=(2258) nlohmann::json_abi_v3_11_3::basic_json<std::map, std::vector, std::__cxx11::basic_string<char, std::char_traits<char>, std::allocator<char> >, bool, long, unsigned long, double, std::allocator, nlohmann::json_abi_v3_11_3::adl_serializer, std::vector<unsigned char, std::allocator<unsigned char> >, void> const& nlohmann::json_abi_v3_11_3::basic_json<std::map, std::vector, std::__cxx11::basic_string<char, std::char_traits<char>, std::allocator<char> >, bool, long, unsigned long, double, std::allocator, nlohmann::json_abi_v3_11_3::adl_serializer, std::vector<unsigned char, std::allocator<unsigned char> >, void>::operator[]<char const>(char const*) const
calls=18 2163 
* 5929
fi=(210)
1331 72
fe=(253)
21 54
cfi=(210)
cfn=(2258)
calls=18 2163 
* 5795
fi=(243)
123 18
fi=(210)
1609 18
fe=(253)
21 18
fi=(243)
123 18
cfn=(2402)
calls=18 -72 
* 306
fi=(210)
1611 18
fe=(253)
21 54

fn=(2868) config::AtmosphereConfig::AtmosphereConfig(config::Config const&)
6 16
+2 2
-2 26
+2 2
+1 8
fi=(210)
2740 2
fi=(212)
745 2
1004 2
1336 4
fi=(185)
385 2
fi=(212)
1004 2
1334 4
fi=(185)
372 4
fi=(212)
792 2
1336 4
fi=(218)
59 12
fi=(205)
235 12
fi=(185)
385 12
cob=(3)
cfi=(175)
cfn=(1260)
calls=4 80 
* 91
* 4
fi=(186)
896 8
fi=(185)
+94 8
fi=(212)
783 2
1340 2
-4 8
-30 6
fi=(235)
607 4
fi=(205)
235 4
fi=(185)
372 6
+13 8
cob=(3)
cfi=(175)
cfn=(1260)
calls=2 80 
* 52
* 2
fi=(186)
896 4
fi=(184)
487 2
fi=(185)
385 2
fi=(184)
487 2
-2 2
+2 6
fi=(185)
372 8
+13 12
cob=(3)
cfi=(175)
cfn=(1260)
calls=4 80 
* 84
* 4
fi=(186)
896 8
fi=(185)
+94 4
fi=(212)
783 6
1340 6
-4 12
fi=(218)
59 16
fi=(205)
235 16
fi=(185)
385 12
cob=(3)
cfi=(175)
cfn=(1260)
calls=4 80 
* 84
* 4
fi=(186)
896 8
fi=(185)
+94 14
fi=(212)
792 2
1336 4
-30 8
fi=(235)
607 4
fi=(205)
235 4
fi=(185)
372 6
+13 8
cob=(3)
cfi=(175)
cfn=(1260)
calls=2 80 
* 42
* 2
fi=(186)
896 4
fe=(253)
23 8
cfn=(2886)
calls=2 -5 
* 2299
+1 10
cfn=(2886)
calls=2 -6 
* 2301
+1 8
cfn=(2886)
calls=2 -7 
* 1476
+1 8
cfn=(2886)
calls=2 -8 
* 2198
+1 8
cfn=(2886)
calls=2 -9 
* 2311
fi=(210)
2740 4
fe=(253)
42 2
+1 14
-1 2
cfi=(249) /workspace/src/config/AtmosphereConfig.h
cfn=(2908) config::AtmosphereConfig::validate() const
calls=2 -17 
* 304
fi=(185)
385 6
cob=(3)
cfi=(175)
cfn=(1260)
calls=2 80 
* 52
* 2
fi=(186)
896 4
fi=(185)
+94 4
fi=(212)
783 2
1340 4
fi=(210)
2740 2
fi=(212)
745 2
1004 2
1336 4
fi=(184)
487 2
fi=(212)
1004 2
fi=(185)
385 2
fi=(184)
485 4
fi=(185)
372 8
+13 12
cob=(3)
cfi=(175)
cfn=(1260)
calls=4 80 
* 78
* 4
fi=(186)
896 8
fi=(185)
+94 4
fi=(212)
783 4
1340 4
-4 8
fi=(218)
59 12
fi=(205)
235 12
fi=(185)
385 6
cob=(3)
cfi=(175)
cfn=(1260)
calls=2 80 
* 42
* 2
fi=(186)
896 4
fi=(185)
+94 10
fi=(212)
792 2
1336 4
-30 6
fi=(235)
607 4
fi=(205)
235 4
fi=(185)
372 6
+13 8
cob=(3)
cfi=(175)
cfn=(1260)
calls=2 80 
* 36
* 2
fi=(186)
896 4
fe=(253)
29 6
cfi=(210)
cfn=(2258)
calls=2 2163 
* 492
+1 2
-1 2
+1 2
fi=(241)
205 4
fe=(253)
31 2
fi=(212)
996 2
+8 4
fe=(253)
31 6
+1 4
fi=(185)
385 2
fi=(184)
485 2
fi=(185)
385 6
-13 16
+13 32
cob=(3)
cfi=(175)
cfn=(1260)
calls=8 80 
* 162
* 8
fi=(186)
896 16
fe=(253)
35 4
fi=(212)
287 24
cob=(7)
cfi=(152)
cfn=(2200) std::_Rb_tree_increment(std::_Rb_tree_node_base*)
calls=12 0 
* 158
* 12
* 12
fe=(253)
32 24
fi=(184)
3599 12
fi=(205)
230 12
+5 24
fi=(186)
896 12
fi=(205)
236 4
fi=(185)
385 12
fi=(205)
235 12
fe=(253)
15 6
cfi=(210)
cfn=(2258)
calls=2 2163 
* 884
* 4
+1 6
cfi=(210)
cfn=(2258)
calls=2 2163 
* 884
fi=(243)
+70 2
fe=(253)
-70 2
fi=(243)
+70 2
fe=(253)
-70 8
-5 6
cfi=(210)
cfn=(2258)
calls=2 2163 
* 496
* 4
+1 6
cfi=(210)
cfn=(2258)
calls=2 2163 
* 496
fi=(243)
+74 2
fe=(253)
-74 2
fi=(243)
+74 2
fe=(253)
-74 4
fi=(210)
2740 2
fe=(253)
12 2
fi=(210)
2740 4
fi=(212)
745 2
1004 2
1336 4
fi=(205)
235 12
fi=(185)
385 16
cob=(3)
cfi=(175)
cfn=(1260)
calls=4 80 
* 78
* 4
fi=(186)
896 8
fi=(205)
235 4
fe=(253)
33 2
fi=(185)
385 10
cob=(3)
cfi=(175)
cfn=(1260)
calls=2 80 
* 36
* 2
fi=(186)
896 6
fi=(185)
385 24
cob=(3)
cfi=(175)
cfn=(1260)
calls=4 80 
* 84
* 4
fi=(186)
896 8
fi=(185)
385 4
fi=(184)
+98 4
fi=(186)
896 8
fi=(205)
235 8
fi=(185)
385 30
cob=(3)
cfi=(175)
cfn=(1260)
calls=6 80 
* 126
* 6
fi=(186)
896 18
fi=(205)
235 12
fi=(185)
385 8
cob=(3)
cfi=(175)
cfn=(1260)
calls=2 80 
* 36
* 2
fi=(186)
896 4
fi=(184)
483 2
fe=(253)
34 4
fi=(205)
235 8
fi=(185)
372 6
+13 6
cob=(3)
cfi=(175)
cfn=(1260)
calls=2 80 
* 36
* 2
* 6
cob=(3)
cfi=(175)
cfn=(1260)
calls=2 80 
* 42
* 2
fi=(186)
896 8
fi=(205)
235 4
fi=(185)
372 4
+13 8
cob=(3)
cfi=(175)
cfn=(1260)
calls=2 80 
* 36
* 2
fi=(186)
896 4
fi=(184)
483 2
fe=(253)
35 8
+3 6
cfn=(2886)
calls=2 -20 
* 1466
* 10
cfn=(2886)
calls=2 -20 
* 1247
+1 8
cfn=(2886)
calls=2 -21 
* 1489
* 8
cfn=(2886)
calls=2 -21 
* 395
+1 8
cfn=(2886)
calls=2 -22 
* 410
* 8
cfn=(2886)
calls=2 -22 
* 1460
* 2
fi=(185)
385 12
fi=(205)
230 6
+5 12
fi=(185)
385 6
fe=(253)
33 8
fi=(185)
372 8
+13 16
cob=(3)
cfi=(175)
cfn=(1260)
calls=4 80 
* 84
* 4
fi=(186)
896 8
fi=(184)
483 2
+2 4
+2 4
fe=(253)
34 12

fl=(163)
fn=(1622)
14 7
+1 2
+65 8
-63 9
cfi=(184)
cfn=(1624)
calls=1 634 
* 2794
* 5
cfi=(188)
cfn=(1646) config::Config::load(std::__cxx11::basic_string<char, std::char_traits<char>, std::allocator<char> > const&)
calls=1 -11 
* 2697418
* 4
cfi=(210)
cfn=(2152) nlohmann::json_abi_v3_11_3::basic_json<std::map, std::vector, std::__cxx11::basic_string<char, std::char_traits<char>, std::allocator<char> >, bool, long, unsigned long, double, std::allocator, nlohmann::json_abi_v3_11_3::adl_serializer, std::vector<unsigned char, std::allocator<unsigned char> >, void>::basic_json(nlohmann::json_abi_v3_11_3::basic_json<std::map, std::vector, std::__cxx11::basic_string<char, std::char_traits<char>, std::allocator<char> >, bool, long, unsigned long, double, std::allocator, nlohmann::json_abi_v3_11_3::adl_serializer, std::vector<unsigned char, std::allocator<unsigned char> >, void> const&)
calls=1 1148 
* 233370
fi=(210)
4216 3
cfn=(1842)
calls=1 554 
* 187753
fi=(184)
795 2
cfn=(2228)
calls=1 234 
* 124
fe=(163)
18 3
cfi=(210)
cfn=(2230) nlohmann::json_abi_v3_11_3::basic_json<std::map, std::vector, std::__cxx11::basic_string<char, std::char_traits<char>, std::allocator<char> >, bool, long, unsigned long, double, std::allocator, nlohmann::json_abi_v3_11_3::adl_serializer, std::vector<unsigned char, std::allocator<unsigned char> >, void> const& nlohmann::json_abi_v3_11_3::basic_json<std::map, std::vector, std::__cxx11::basic_string<char, std::char_traits<char>, std::allocator<char> >, bool, long, unsigned long, double, std::allocator, nlohmann::json_abi_v3_11_3::adl_serializer, std::vector<unsigned char, std::allocator<unsigned char> >, void>::at<char const (&) [9], 0>(char const (&) [9]) const
calls=1 2042 
* 205
* 3
cfi=(210)
cfn=(2152)
calls=1 1148 
* 120741
* 5
cfi=(236) /workspace/src/config/SceneReplay.h
cfn=(2244) config::applyCameraReplay(nlohmann::json_abi_v3_11_3::basic_json<std::map, std::vector, std::__cxx11::basic_string<char, std::char_traits<char>, std::allocator<char> >, bool, long, unsigned long, double, std::allocator, nlohmann::json_abi_v3_11_3::adl_serializer, std::vector<unsigned char, std::allocator<unsigned char> >, void>, nlohmann::json_abi_v3_11_3::basic_json<std::map, std::vector, std::__cxx11::basic_string<char, std::char_traits<char>, std::allocator<char> >, bool, long, unsigned long, double, std::allocator, nlohmann::json_abi_v3_11_3::adl_serializer, std::vector<unsigned char, std::allocator<unsigned char> >, void> const&)
calls=1 -7 
* 1294141
fi=(210)
4216 3
cfn=(1842)
calls=1 554 
* 25
1223 1
fe=(163)
19 2
fi=(210)
1216 1
+6 1
+1 1
-7 1
fe=(163)
19 1
cfi=(238) /workspace/src/config/parsing/ScenarioConfig.cpp
cfn=(2286) config::ScenarioConfig::ScenarioConfig(config::Config const&)
calls=1 265 
* 610829
* 3
cfi=(260)
cfn=(3084)
calls=1 -15 
* 36590
* 2
cfi=(239)
cfn=(3076)
calls=1 250 
* 46
fi=(210)
4216 3
cfn=(1842)
calls=1 554 
* 165246
fi=(259)
1029 2
fe=(163)
20 2
cfi=(260)
cfn=(3412)
calls=1 +65 
* 17353
+1 1
fi=(208)
988 2
fe=(163)
21 1
fi=(208)
988 2
fe=(163)
21 1
fi=(208)
988 1
1152 2
-28 1
fe=(163)
23 1
fi=(208)
988 1
1124 1
fe=(163)
23 2
fi=(208)
1124 1
988 4
1152 2
-28 1
fi=(267)
668 3
fi=(208)
988 1
1124 1
988 1
fi=(267)
668 2
fi=(270)
473 2
fi=(267)
668 1
fi=(281)
124 1
fi=(270)
473 1
fi=(281)
124 1
+4 1
fi=(270)
471 1
+2 1
-2 1
+2 4
-2 1
fi=(208)
988 3
fi=(270)
473 1
fi=(267)
666 3
fi=(270)
471 1
fi=(267)
666 1
fi=(270)
471 1
fi=(267)
40 1
fi=(270)
471 2
+2 1
fi=(267)
40 1
fi=(208)
1152 2
-28 1
fi=(267)
35 1
fe=(163)
-11 2
fi=(267)
+11 1
fe=(163)
-11 2
fi=(267)
+11 1
fi=(208)
1124 1
fe=(163)
24 2
cfi=(279)
cfn=(3444) rendering::TerrainSurface::buildGeometryForEye(glm::vec<3, double, (glm::qualifier)0> const&, glm::vec<3, double, (glm::qualifier)0> const&, std::vector<int, std::allocator<int> > const*, double) const
calls=1 179 
* 3187919338
+1 3
cob=(7)
cfi=(152)
cfn=(3742) std::basic_ostream<char, std::char_traits<char> >& std::operator<< <std::char_traits<char> >(std::basic_ostream<char, std::char_traits<char> >&, char const*)
calls=1 -25 
* 29915
cob=(1)
cfi=(141)
cfn=(520)
calls=1 +51 
* 1049
* 5
+16 1
fi=(372) /usr/include/c++/12/iomanip
210 1
fi=(373) /usr/include/c++/12/bits/ios_base.h
740 2
fe=(163)
26 6
+1 1
cob=(7)
cfi=(152)
cfn=(3798) std::chrono::_V2::steady_clock::now()
calls=1 -27 
* 822
cob=(1)
cfi=(141)
cfn=(520)
calls=1 +49 
* 861
* 5
* 11
cob=(7)
cfi=(152)
cfn=(3798)
calls=11 -27 
* 220
* 11
* 12
+1 12
cob=(3)
cfi=(315)
cfn=(3810)
calls=12 -3 
* 384
cob=(1)
cfi=(141)
cfn=(520)
calls=1 +48 
* 742
* 16
* 12
fi=(267)
722 12
fe=(163)
28 12
+2 12
fi=(267)
722 24
fe=(163)
30 12
fi=(239)
261 12
fi=(267)
722 36
fi=(239)
261 12
fi=(267)
40 24
fi=(205)
235 24
fi=(185)
372 24
fe=(163)
30 72
cfi=(316)
cfn=(3818)
calls=12 -4 
* 2917138103
+1 12
cob=(3)
cfi=(315)
cfn=(3810)
calls=12 -6 
* 384
* 12
* 24
+4 12
-4 48
+2 12
cob=(7)
cfi=(152)
cfn=(3798)
calls=12 -33 
* 240
* 12
fi=(297)
212 12
fi=(216)
1073 12
fi=(297)
650 12
212 12
fi=(216)
1073 12
fi=(297)
212 24
fe=(163)
44 36
fi=(267)
193 12
fe=(163)
45 12
-6 12
+1 24
-1 12
+1 24
+1 12
-2 24
fi=(267)
193 1953924
fe=(163)
45 1953924
-6 1953924
+1 3907848
-1 1953924
+1 3907848
+1 1953924
-2 7815720
+1 7815744
-1 3907872
+1 7815744
+1 3907872
-2 7815744
+1 35170848
-1 17585424
+1 35170848
+1 17585424
-2 35170848
+6 17585424
fi=(267)
189 7815744
+8 5861808
fi=(259)
1030 1
fi=(236)
28 1
fi=(247)
567 2
fi=(236)
28 2
fi=(267)
193 1953936
fe=(163)
46 1953936
-7 1953936
+1 3907872
-1 1953936
+1 3907872
+1 1953936
-2 7815744
+1 7815744
-1 3907872
+1 7815744
+1 3907872
-2 7815744
+1 35170848
-1 17585424
+1 35170848
+1 17585424
-2 35170848
+7 17585424
fi=(267)
189 7815744
+8 5861808
fi=(269)
504 1953936
fe=(163)
47 1953936
-8 1953936
+1 3907872
-1 1953936
+1 3907872
+1 1953936
-2 9769680
+1 11723616
-1 5861808
+1 11723616
+1 5861808
-2 11723616
+1 46894464
-1 23447232
+1 46894464
+1 23447232
-2 46894464
+8 23447232
fi=(269)
500 19539360
+6 5861808
fi=(267)
195 3907872
fi=(269)
510 3907872
-2 3907872
fe=(163)
44 5861808
+5 84
fi=(205)
235 24
fi=(185)
372 24
+13 60
cob=(3)
cfi=(175)
cfn=(1260)
calls=12 80 
* 216
* 12
fi=(186)
896 48
fi=(239)
261 24
fe=(163)
49 36
fi=(267)
722 12
fe=(163)
51 12
fi=(267)
722 12
fe=(163)
51 12
fi=(267)
722 24
40 24
fe=(163)
+11 12
cfi=(316)
cfn=(3862)
calls=12 -30 
* 36
fi=(216)
1073 24
fe=(163)
51 12
+2 24
fi=(267)
668 12
fe=(163)
52 24
fi=(267)
667 12
-1 48
fe=(163)
56 962436
-3 962436
+2 962436
+1 962436
-3 1924872
fi=(267)
155 1953936
-1 1953936
+2 1953936
-1 1953936
-1 1953936
668 3907872
156 1953936
668 1953936
+45 5861808
fi=(272)
53 7815744
-41 1953936
fe=(163)
+42 5861808
+1 3907872
+1 991500
-3 991500
+2 991500
+1 991500
-3 1983012
+5 12
cob=(7)
cfi=(152)
cfn=(3798)
calls=12 -58 
* 240
* 12
+1 36
-1 12
+1 60
cfi=(319)
cfn=(3868)
calls=12 -36 
* 517157858
+1 12
cob=(7)
cfi=(152)
cfn=(3798)
calls=12 -60 
* 240
* 12
fi=(297)
212 12
fe=(163)
62 12
-1 12
fi=(297)
650 12
fe=(163)
61 24
fi=(297)
212 48
fe=(163)
63 36
fi=(321) /workspace/src/rendering/foliage/GrassLod.h
-54 12
fe=(163)
+55 12
fi=(321)
-55 12
fe=(163)
+57 12
-1 36
+1 24
+1 24
fi=(321)
-58 84
fe=(163)
+55 84
fi=(321)
-55 84
fe=(163)
+57 84
-1 252
+1 168
+1 168
+1 192
fi=(321)
-59 96
fe=(163)
+59 192
-5 384
+9 60
cob=(7)
cfi=(152)
cfn=(3910) std::ostream::operator<<(int)
calls=12 -72 
* 8654
cob=(1)
cfi=(141)
cfn=(520)
calls=1 +4 
* 749
* 16
* 12
fi=(322) /usr/include/c++/12/ostream
525 24
fi=(373)
752 12
fi=(322)
525 24
221 36
cob=(7)
cfi=(152)
cfn=(3968) std::ostream& std::ostream::_M_insert<double>(double)
calls=12 0 
* 48245
cob=(1)
cfi=(141)
cfn=(520)
calls=1 76 
* 832
* 16
* 12
525 24
fi=(373)
752 12
fi=(322)
525 24
221 36
cob=(7)
cfi=(152)
cfn=(3968)
calls=12 0 
* 42930
* 12
* 12
525 24
fi=(373)
752 12
fi=(322)
525 24
fi=(208)
988 24
fi=(322)
171 12
fi=(208)
988 36
fi=(322)
171 12
cob=(7)
cfi=(152)
cfn=(4050) std::ostream& std::ostream::_M_insert<unsigned long>(unsigned long)
calls=12 0 
* 6156
cob=(1)
cfi=(141)
cfn=(520)
calls=1 -95 
* 827
* 16
* 12
525 24
fi=(373)
752 12
fi=(322)
525 24
171 36
cob=(7)
cfi=(152)
cfn=(4050)
calls=12 0 
* 7260
* 12
* 12
525 24
fi=(373)
752 12
fi=(322)
525 24
221 36
cob=(7)
cfi=(152)
cfn=(3968)
calls=12 0 
* 43194
* 12
* 12
525 24
fi=(373)
752 12
fi=(322)
525 24
171 36
cob=(7)
cfi=(152)
cfn=(4050)
calls=12 0 
* 5124
* 12
* 12
525 24
fi=(373)
752 12
fi=(322)
525 24
171 36
cob=(7)
cfi=(152)
cfn=(4050)
calls=12 0 
* 5124
* 12
* 12
525 24
fi=(373)
752 12
fi=(322)
525 24
fi=(208)
988 12
fi=(322)
171 12
fi=(208)
988 12
fi=(322)
171 12
cob=(7)
cfi=(152)
cfn=(4050)
calls=12 0 
* 5124
* 12
* 12
525 24
fi=(373)
752 12
fi=(322)
525 24
fi=(208)
988 24
fi=(322)
171 12
fi=(208)
988 36
fi=(322)
171 12
cob=(7)
cfi=(152)
cfn=(4050)
calls=12 0 
* 4956
* 12
* 12
525 24
fi=(373)
752 12
fi=(322)
525 24
171 36
cob=(7)
cfi=(152)
cfn=(4050)
calls=12 0 
* 5124
* 12
* 12
525 24
fi=(373)
752 12
fi=(322)
525 24
171 36
cob=(7)
cfi=(152)
cfn=(4050)
calls=12 0 
* 4956
* 12
* 12
525 24
fi=(373)
752 12
fi=(322)
525 24
fi=(208)
988 12
fi=(322)
171 12
fi=(208)
988 12
fi=(322)
171 12
cob=(7)
cfi=(152)
cfn=(4050)
calls=12 0 
* 5124
* 12
* 12
525 24
fi=(373)
752 12
fi=(322)
525 24
171 36
cob=(7)
cfi=(152)
cfn=(4050)
calls=12 0 
* 4128
* 12
* 12
525 24
fi=(373)
752 12
fi=(322)
525 24
fi=(208)
367 12
+19 24
-19 24
fi=(206)
158 12
cob=(7)
cfi=(152)
cfn=(1866)
calls=12 0 
* 1524
* 12
fi=(208)
367 12
+19 24
-19 24
fi=(206)
158 12
cob=(7)
cfi=(152)
cfn=(1866)
calls=12 0 
* 2127
* 12
fe=(163)
26 48
+51 2
cfi=(289)
cfn=(4062)
calls=1 -60 
* 403
* 2
cfi=(339)
cfn=(4066)
calls=1 -67 
* 4025
fi=(210)
4216 3
cfn=(1842)
calls=1 554 
* 188316
fe=(163)
80 2
fi=(267)
195 3907872
fi=(322)
527 24
cob=(7)
cfi=(152)
cfn=(3954) std::ostream::put(char)
calls=12 0 
* 1056
* 12
+1 12
-1 36
cob=(7)
cfi=(152)
cfn=(3954)
calls=12 0 
* 1056
* 12
+1 12
-1 36
cob=(7)
cfi=(152)
cfn=(3954)
calls=12 0 
* 1056
* 12
+1 12
-1 36
cob=(7)
cfi=(152)
cfn=(3954)
calls=12 0 
* 1056
* 12
+1 12
-1 36
cob=(7)
cfi=(152)
cfn=(3954)
calls=12 0 
* 1056
* 12
+1 12
-1 36
cob=(7)
cfi=(152)
cfn=(3954)
calls=12 0 
* 1056
* 12
+1 12
-1 36
cob=(7)
cfi=(152)
cfn=(3954)
calls=12 0 
* 1056
* 12
+1 12
-1 36
cob=(7)
cfi=(152)
cfn=(3954)
calls=12 0 
* 1056
* 12
+1 12
-1 36
cob=(7)
cfi=(152)
cfn=(3954)
calls=12 0 
* 1056
* 12
+1 12
-1 36
cob=(7)
cfi=(152)
cfn=(3954)
calls=12 0 
* 1056
* 12
+1 12
-1 36
cob=(7)
cfi=(152)
cfn=(3954)
calls=12 0 
* 1056
* 12
+1 12
-1 36
cob=(7)
cfi=(152)
cfn=(3954)
calls=12 0 
* 1056
* 12
+1 12
-1 36
cob=(7)
cfi=(152)
cfn=(3954)
calls=12 0 
* 1056
* 12
+1 12
-1 36
cob=(7)
cfi=(152)
cfn=(3954)
calls=12 0 
* 1825
cob=(1)
cfi=(141)
cfn=(520)
calls=1 76 
* 699
* 16
+1 12
fi=(185)
385 36
cob=(3)
cfi=(175)
cfn=(1260)
calls=12 80 
* 216
* 12
fi=(186)
896 24
fi=(239)
261 48
fe=(163)

fn=(1076)
80 1
fi=(178)
-6 3
cob=(7)
cfi=(152)
cfn=(1084)
calls=1 -74 
* 99937
cob=(1)
cfi=(141)
cfn=(520)
calls=1 +2 
* 836
* 5
* 2
fe=(163)
+6 1
fi=(178)
-6 2
cob=(3)
cfi=(153)
cfn=(874)
calls=1 -4 
* 74
cob=(1)
cfi=(141)
cfn=(520)
calls=1 +2 
* 884
* 5
fe=(163)

fl=(243)
fn=(2402)
51 1340
fi=(210)
1394 268
fe=(243)
53 1040
+14 252
-10 252
+24 1260
-24 96
+24 80

fl=(236)
fn=(2244)
11 7
+1 1
-1 1
+1 1
fi=(210)
2740 2
fi=(212)
745 1
1004 1
1336 2
1004 2
1334 2
fi=(185)
372 4
fi=(212)
792 1
1336 2
fi=(218)
59 6
fi=(205)
235 6
fi=(185)
385 3
cob=(3)
cfi=(175)
cfn=(1260)
calls=1 80 
* 21
* 1
fi=(186)
896 2
fi=(185)
+94 4
fi=(212)
783 1
1340 1
-4 4
-30 3
fi=(235)
607 2
fi=(205)
235 2
fi=(185)
372 3
+13 4
cob=(3)
cfi=(175)
cfn=(1260)
calls=1 80 
* 18
* 1
fi=(186)
896 2
fi=(185)
+94 3
372 6
+13 12
cob=(3)
cfi=(175)
cfn=(1260)
calls=3 80 
* 60
* 3
fi=(186)
896 9
fi=(185)
+94 2
fi=(212)
783 1
1340 1
-4 2
fi=(218)
59 6
fi=(205)
235 6
fi=(185)
990 6
fi=(212)
792 2
1336 4
-30 2
fi=(235)
607 2
fi=(205)
235 2
fi=(185)
372 3
+13 4
cob=(3)
cfi=(175)
cfn=(1260)
calls=1 80 
* 18
* 1
fi=(186)
896 3
fi=(212)
1336 3
fi=(185)
372 4
+13 6
cob=(3)
cfi=(175)
cfn=(1260)
calls=2 80 
* 39
* 2
fi=(186)
896 4
fi=(185)
+94 2
fi=(212)
783 1
1340 1
-4 2
fi=(218)
59 6
fi=(205)
235 6
fi=(185)
385 3
cob=(3)
cfi=(175)
cfn=(1260)
calls=1 80 
* 21
* 1
fi=(186)
896 2
fi=(185)
+94 6
fi=(212)
792 2
1336 4
-30 3
fi=(235)
607 2
fi=(205)
235 2
fi=(185)
372 2
+13 3
cob=(3)
cfi=(175)
cfn=(1260)
calls=1 80 
* 18
* 1
fi=(186)
896 3
fi=(185)
385 2
-13 6
+13 9
cob=(3)
cfi=(175)
cfn=(1260)
calls=3 80 
* 60
* 3
fi=(186)
896 6
fi=(185)
+94 2
fi=(212)
783 2
1340 2
-4 4
fi=(218)
59 6
fi=(205)
235 6
fi=(185)
990 5
fi=(212)
792 1
1336 2
-30 3
fi=(235)
607 2
fi=(205)
235 2
fi=(185)
372 2
+13 3
cob=(3)
cfi=(175)
cfn=(1260)
calls=1 80 
* 18
* 1
fi=(186)
896 2
fe=(236)
20 2
fi=(184)
200 1
fe=(236)
20 1
fi=(184)
200 1
fe=(236)
20 1
cfi=(210)
cfn=(2152)
calls=1 1148 
* 2476
fi=(210)
2159 2
fi=(184)
200 1
fi=(185)
431 1
-77 1
+77 3
fi=(184)
229 1
fi=(210)
2159 1
cfn=(2272) nlohmann::json_abi_v3_11_3::basic_json<std::map, std::vector, std::__cxx11::basic_string<char, std::char_traits<char>, std::allocator<char> >, bool, long, unsigned long, double, std::allocator, nlohmann::json_abi_v3_11_3::adl_serializer, std::vector<unsigned char, std::allocator<unsigned char> >, void>::operator[](std::__cxx11::basic_string<char, std::char_traits<char>, std::allocator<char> >)
calls=1 -40 
* 235
fi=(184)
234 1
fi=(210)
2159 1
fi=(184)
285 2
fi=(237)
-81 1
+1 3
-1 1
+2 1
-1 1
fi=(210)
4216 2
fi=(237)
206 1
fi=(210)
4216 1
cfn=(1842)
calls=1 554 
* 10554
fe=(236)
22 3
cfi=(210)
cfn=(2152)
calls=1 1148 
* 114782
fi=(210)
1216 1
fe=(236)
22 2
fi=(210)
1222 1
+1 1
-7 1
fe=(236)
22 1
cfi=(238)
cfn=(2286)
calls=1 265 
* 623908
* 2
cfi=(239)
cfn=(3076)
calls=1 250 
* 2044
fi=(210)
4216 3
cfn=(1842)
calls=1 554 
* 165370
1216 2
+6 1
+1 1
-7 1
fe=(236)
24 8
fi=(185)
385 6
cob=(3)
cfi=(175)
cfn=(1260)
calls=2 80 
* 39
* 2
fi=(186)
896 4
fi=(185)
+94 2
fi=(212)
783 1
1340 2
fe=(236)
17 2
cfi=(210)
cfn=(2258)
calls=1 2163 
* 245
+1 1
-1 1
+1 1
fi=(210)
2740 1
fi=(212)
745 1
1004 1
1336 2
fe=(236)
14 3
cfi=(210)
cfn=(2258)
calls=1 2163 
* 246
* 2
+1 3
cfi=(210)
cfn=(2258)
calls=1 2163 
* 246
* 3
cfi=(210)
cfn=(2152)
calls=1 1148 
* 204377
fi=(237)
205 2
fi=(210)
4216 1
fi=(237)
204 1
+1 1
-1 1
+1 1
+1 2
fi=(210)
4216 1
cfn=(1842)
calls=1 554 
* 168938
2740 3
fi=(212)
745 1
1004 1
1336 2
fe=(236)

fl=(238)
fn=(2372) config::SkyboxConfig::SkyboxConfig(config::Config const&)
32 30
fi=(208)
+68 2
fe=(238)
-68 2
fi=(208)
+68 4
fi=(206)
+37 2
fe=(238)
32 2
fi=(206)
137 2
cob=(7)
cfi=(152)
cfn=(1638)
calls=2 0 
* 242
* 2
fi=(208)
1688 2
fi=(205)
431 2
fi=(208)
1687 2
fi=(205)
431 4
fi=(206)
137 2
fi=(208)
1688 2
+1 2
100 2
fi=(205)
431 2
fi=(208)
100 2
fe=(238)
-68 2
fi=(208)
+68 2
fe=(238)
-68 2
fi=(206)
137 2
cob=(7)
cfi=(152)
cfn=(1638)
calls=2 0 
* 242
* 2
fi=(208)
1688 2
fi=(205)
431 2
fi=(208)
1687 2
fi=(205)
431 2
fi=(208)
1688 2
fe=(238)
33 6
fi=(205)
431 2
fe=(238)
33 2
fi=(208)
1689 2
fi=(205)
431 2
fe=(238)
33 2
cfi=(184)
cfn=(2288)
calls=2 634 
* 126
* 8
cfi=(242)
cfn=(2376)
calls=2 -4 
* 486
fi=(184)
234 2
+51 2
fe=(238)
33 2
fi=(184)
285 4
fe=(238)
34 8
cfi=(184)
cfn=(2288)
calls=2 634 
* 126
* 8
cfi=(242)
cfn=(2386)
calls=2 -5 
* 545
fi=(184)
234 2
fe=(238)
34 2
fi=(184)
285 4
fe=(238)
35 8
cfi=(184)
cfn=(2288)
calls=2 634 
* 122
* 8
cfi=(242)
cfn=(2394)
calls=2 -6 
* 559
fi=(184)
234 2
fe=(238)
35 2
fi=(184)
285 4
fe=(238)
36 8
cfi=(184)
cfn=(2288)
calls=2 634 
* 122
* 8
cfi=(242)
cfn=(2394)
calls=2 -7 
* 483
fi=(184)
234 2
fe=(238)
36 2
fi=(184)
285 4
fe=(238)
37 8
cfi=(184)
cfn=(2288)
calls=2 634 
* 122
* 8
cfi=(242)
cfn=(2394)
calls=2 -8 
* 485
fi=(184)
234 2
fe=(238)
37 2
fi=(184)
285 4
fe=(238)
38 8
cfi=(184)
cfn=(2288)
calls=2 634 
* 122
* 8
cfi=(242)
cfn=(2394)
calls=2 -9 
* 410
fi=(184)
234 2
fe=(238)
38 2
fi=(184)
285 4
fi=(208)
988 4
100 6
378 6
fi=(206)
120 6
+17 4
cob=(7)
cfi=(152)
cfn=(1638)
calls=2 0 
* 242
* 2
* 2
fi=(216)
1073 4
fi=(205)
429 4
fi=(208)
-34 2
+2 2
-2 2
+2 2
-2 2
fi=(205)
+35 4
+1 6
cob=(3)
cfi=(187)
cfn=(1644)
calls=2 264 
* 20
* 2
* 2
+1 2
fe=(238)
39 4
fi=(205)
432 2
fe=(238)
39 2
cfi=(184)
cfn=(2288)
calls=2 634 
* 364
* 14
cfi=(188)
cfn=(2408) config::Config::getArray(std::__cxx11::basic_string<char, std::char_traits<char>, std::allocator<char> >, std::vector<double, std::allocator<double> >) const
calls=2 +19 
* 2622
fi=(208)
+76 2
+2 2
-2 2
+2 2
-2 2
+2 2
-2 2
+2 2
-2 2
386 4
-19 2
fi=(206)
158 2
cob=(7)
cfi=(152)
cfn=(1866)
calls=2 0 
* 209
* 2
fi=(208)
367 6
+19 4
fi=(184)
234 2
+51 4
+7 4
fi=(206)
158 2
cob=(7)
cfi=(152)
cfn=(1866)
calls=2 0 
* 209
* 2
fi=(208)
367 2
+19 4
-19 4
fi=(206)
158 2
cob=(7)
cfi=(152)
cfn=(1866)
calls=2 0 
* 209
* 2
fi=(208)
988 4
100 6
378 6
fi=(206)
120 6
+17 4
cob=(7)
cfi=(152)
cfn=(1638)
calls=2 0 
* 108
* 2
* 2
fi=(216)
1073 4
fi=(205)
429 4
fi=(208)
-34 2
+2 2
-2 2
+2 2
-2 2
fi=(205)
+35 4
+1 6
cob=(3)
cfi=(187)
cfn=(1644)
calls=2 264 
* 20
* 2
* 4
+1 2
fe=(238)
40 4
fi=(205)
432 2
fe=(238)
40 2
cfi=(184)
cfn=(2288)
calls=2 634 
* 122
* 10
cfi=(188)
cfn=(2408)
calls=2 +18 
* 2145
fi=(208)
+75 2
+2 2
-2 2
+2 2
-2 2
+2 2
-2 2
+2 2
-2 2
386 4
-19 2
fi=(206)
158 2
cob=(7)
cfi=(152)
cfn=(1866)
calls=2 0 
* 188
* 2
fi=(208)
367 6
+19 4
fi=(184)
234 2
+51 4
fi=(208)
+82 2
+19 4
-19 4
fi=(206)
158 2
cob=(7)
cfi=(152)
cfn=(1866)
calls=2 0 
* 209
* 2
fi=(239)
51 2
fi=(247)
567 2
fi=(239)
57 2
fi=(247)
567 4
fi=(239)
57 4
-6 10
+1 2
fi=(247)
567 4
fi=(239)
52 10
+1 4
+1 2
fi=(247)
567 4
fi=(239)
53 4
+1 8
+1 2
fi=(247)
567 2
fi=(239)
55 8
+1 4
+1 6
cfi=(208)
cfn=(2434) config::SkyboxConfig::validate() const::{lambda(std::vector<double, std::allocator<double> > const&)#1}::operator()(std::vector<double, std::allocator<double> > const&) const [clone .isra.0]
calls=2 988 
* 78
-1 4
+1 6
cfi=(208)
cfn=(2434)
calls=2 988 
* 78
* 4
fe=(238)
-15 16

fn=(2508) config::SunConfig::SunConfig(config::Config const&)
6 22
cfi=(184)
cfn=(2288)
calls=2 634 
* 132
* 2
fi=(206)
137 2
fe=(238)
6 2
fi=(208)
+94 2
fe=(238)
-94 6
fi=(208)
+94 4
fe=(238)
-94 4
fi=(206)
137 2
cob=(7)
cfi=(152)
cfn=(1638)
calls=2 0 
* 108
* 2
fi=(205)
431 2
fi=(208)
1688 2
-1 2
100 2
fi=(205)
431 2
fi=(208)
1688 2
fi=(206)
137 2
fi=(205)
431 4
fe=(238)
6 2
fi=(208)
1689 2
fe=(238)
6 4
fi=(208)
+94 4
fe=(238)
-94 2
fi=(206)
137 2
cob=(7)
cfi=(152)
cfn=(1638)
calls=2 0 
* 108
* 2
fi=(184)
1071 2
fi=(208)
1688 2
fi=(184)
234 2
fi=(208)
1687 2
fi=(205)
431 2
fi=(184)
204 2
fi=(208)
1688 2
fi=(205)
431 4
fi=(208)
1689 2
fi=(184)
204 2
fi=(205)
431 2
fi=(186)
223 4
fi=(184)
420 4
229 2
fe=(238)
7 4
fi=(185)
354 2
fe=(238)
7 6
cfi=(184)
cfn=(2288)
calls=2 634 
* 130
* 18
cfi=(188)
cfn=(2306)
calls=2 +19 
* 540
* 6
cfi=(184)
cfn=(2326)
calls=2 844 
* 96
fi=(184)
234 2
+51 6
-51 2
+51 6
-51 2
+51 4
fe=(238)
8 8
cfi=(184)
cfn=(2288)
calls=2 634 
* 126
* 8
cfi=(242)
cfn=(2394)
calls=2 +21 
* 570
fi=(184)
234 2
fe=(238)
8 2
fi=(184)
285 4
fe=(238)
9 8
cfi=(184)
cfn=(2288)
calls=2 634 
* 669
* 8
cfi=(242)
cfn=(2394)
calls=2 +20 
* 480
fi=(184)
234 2
fe=(238)
9 2
fi=(184)
285 4
+7 4
fi=(206)
158 2
cob=(7)
cfi=(152)
cfn=(1866)
calls=2 0 
* 209
* 2
fe=(238)
10 2
fi=(240)
+17 2
fi=(247)
567 4
fi=(240)
27 14
fe=(238)
-16 4
fi=(247)
567 4
fi=(246)
11 10
fe=(238)
+1 4
fi=(210)
2740 4
fi=(208)
988 4
100 6
378 6
fi=(206)
120 6
+17 4
cob=(7)
cfi=(152)
cfn=(1638)
calls=2 0 
* 108
* 2
* 2
fi=(216)
1073 4
fi=(205)
429 4
fi=(208)
-34 2
+2 2
-2 2
+2 2
-2 2
fi=(205)
+35 4
+1 6
cob=(3)
cfi=(187)
cfn=(1644)
calls=2 264 
* 20
* 2
* 2
+1 2
fe=(238)
14 4
fi=(205)
432 2
fe=(238)
14 2
cfi=(184)
cfn=(2288)
calls=2 634 
* 122
* 12
cfi=(188)
cfn=(2408)
calls=2 +44 
* 2072
fi=(184)
234 2
+51 4
fi=(208)
733 4
cfn=(2442) std::_Vector_base<double, std::allocator<double> >::~_Vector_base()
calls=2 367 
* 204
988 6
fe=(238)
15 4
+1 2
fi=(208)
785 4
fe=(238)
16 8
fi=(208)
785 2
fe=(238)
16 2
fi=(208)
785 2
cfi=(204)
cfn=(2534) void std::vector<double, std::allocator<double> >::_M_assign_aux<double const*>(double const*, double const*, std::forward_iterator_tag) [clone .isra.0]
calls=2 309 
* 92
fe=(238)
18 8
cfi=(184)
cfn=(2288)
calls=2 634 
* 126
* 8
cfi=(242)
cfn=(2394)
calls=2 +11 
* 492
fi=(184)
234 2
fe=(238)
18 2
fi=(184)
285 4
fi=(208)
988 4
100 6
378 6
fi=(206)
120 6
+17 4
cob=(7)
cfi=(152)
cfn=(1638)
calls=2 0 
* 108
* 2
* 2
fi=(216)
1073 4
fi=(205)
429 4
fi=(208)
-34 2
+2 2
-2 2
+2 2
-2 2
fi=(205)
+35 4
+1 6
cob=(3)
cfi=(187)
cfn=(1644)
calls=2 264 
* 20
* 2
* 4
+1 2
fe=(238)
19 4
fi=(205)
432 2
fe=(238)
19 2
cfi=(184)
cfn=(2288)
calls=2 634 
* 126
* 10
cfi=(188)
cfn=(2408)
calls=2 +39 
* 2062
fi=(184)
234 2
+51 4
fi=(208)
733 4
cfn=(2442)
calls=2 367 
* 204
988 6
fe=(238)
20 4
fi=(208)
988 8
fe=(238)
25 4
fi=(247)
567 2
fi=(205)
2087 2
fi=(247)
567 2
fi=(205)
2087 4
fi=(247)
567 4
fi=(205)
2092 4
fe=(238)
25 2
-1 2
fi=(247)
567 4
fe=(238)
24 4
+1 6
fi=(208)
988 8
fe=(238)
25 4
fi=(244) /usr/include/c++/12/bits/predefined_ops.h
395 2
fe=(238)
27 2
fi=(247)
567 4
fe=(238)
27 14
fi=(244)
395 2
fi=(216)
1107 2
fi=(247)
567 4
fe=(238)
27 12
fi=(208)
733 4
cfn=(2442)
calls=2 367 
* 204
* 4
cfn=(2442)
calls=2 367 
* 204
fe=(238)
30 16
fi=(185)
425 4
fi=(184)
234 4
fi=(185)
431 6
cob=(3)
cfi=(187)
cfn=(1644)
calls=2 264 
* 34
* 2
fi=(184)
234 2
fi=(185)
431 2
fi=(210)
2740 2
fi=(212)
745 2
1004 2
1336 4
fi=(184)
487 2
fi=(212)
1004 2
fi=(184)
487 8
fi=(185)
372 4
+13 6
cob=(3)
cfi=(175)
cfn=(1260)
calls=2 80 
* 42
* 2
fi=(186)
896 4
fi=(212)
783 4
1340 4
-4 8
fi=(218)
59 12
fi=(205)
235 12
fi=(185)
385 12
cob=(3)
cfi=(175)
cfn=(1260)
calls=4 80 
* 84
* 4
fi=(186)
896 8
fi=(185)
+94 14
fi=(212)
792 2
1336 4
-30 8
fi=(235)
608 8
cfi=(184)
cfn=(2352)
calls=2 3627 
* 130
fi=(212)
1306 4
fe=(238)
21 2
fi=(208)
785 4
fe=(238)
21 8
fi=(208)
785 2
fe=(238)
21 2
fi=(208)
785 2
cfi=(204)
cfn=(2534)
calls=2 309 
* 92
+2 2
fi=(247)
567 2
fi=(205)
2097 2
fi=(247)
567 2
fi=(205)
2097 4
fi=(244)
395 2
fi=(216)
1107 2
fi=(247)
567 4
fe=(238)
27 16

fn=(2552) config::OrbitViewConfig::OrbitViewConfig(config::Config const&)
44 2
+13 2
-13 4
+13 2
-13 10
+15 2
-15 12
+13 4
cfn=(2554) config::OrbitViewConfig::OrbitViewConfig(config::Config const&)::{lambda(char const*, std::array<double, 3ul>&)#1}::operator()(char const*, std::array<double, 3ul>&) const [clone .isra.0]
calls=2 -12 
* 1738
+1 8
cfn=(2554)
calls=2 -13 
* 1572
+1 10
cfi=(184)
cfn=(2288)
calls=2 634 
* 132
* 8
cfi=(242)
cfn=(2394)
calls=2 -30 
* 478
fi=(184)
234 2
+51 2
fe=(238)
59 2
fi=(184)
285 4
fi=(247)
567 2
fe=(238)
60 2
fi=(247)
567 4
fe=(238)
60 14
+1 12
fi=(258)
+11 10
fi=(247)
1859 16
+1 4
+1 2
-1 2
+2 2
-1 4
+1 2
-2 8
+2 2
fe=(238)
60 6
+4 10

fn=(2820) config::PlanetConfig::TerrainMaterial::TerrainMaterial(config::Config const&)
110 6
+1 2
-1 10
+1 2
-1 2
+1 4
cfi=(184)
cfn=(2288)
calls=2 634 
* 230
* 8
cfi=(242)
cfn=(2394)
calls=2 -82 
* 400
fi=(184)
234 2
+51 2
fe=(238)
111 2
fi=(184)
285 4
+7 4
fi=(206)
158 2
cob=(7)
cfi=(152)
cfn=(1866)
calls=2 0 
* 188
* 2
fe=(238)
-46 10
cfi=(184)
cfn=(2288)
calls=2 634 
* 230
* 8
cfi=(242)
cfn=(2394)
calls=2 -83 
* 476
fi=(184)
234 2
fe=(238)
112 2
fi=(184)
285 4
+7 4
fi=(206)
158 2
cob=(7)
cfi=(152)
cfn=(1866)
calls=2 0 
* 188
* 2
fi=(239)
+20 2
fi=(247)
567 2
fi=(239)
179 2
fi=(247)
567 4
fi=(239)
179 4
-1 2
fi=(247)
567 2
fi=(239)
178 10
+1 4
+1 2
-1 6
fe=(238)
-65 12

fn=(2742) config::PlanetConfig::SurfaceNoiseFunction::SurfaceNoiseFunction(config::Config const&, int)
66 30
+1 6
-1 30
+1 6
cfi=(184)
cfn=(2288)
calls=6 634 
* 366
* 6
fi=(184)
204 6
+30 6
fe=(238)
67 6
fi=(184)
1071 6
204 6
fe=(238)
67 24
fi=(186)
223 12
fi=(184)
420 12
229 6
fe=(238)
68 12
fi=(185)
354 6
fe=(238)
68 12
cfi=(184)
cfn=(2288)
calls=6 634 
* 378
* 42
cfi=(188)
cfn=(2306)
calls=6 -42 
* 1606
* 18
cfi=(184)
cfn=(2326)
calls=6 844 
* 258
fi=(184)
234 6
+51 18
-51 6
+51 18
-51 6
+51 12
fe=(238)
69 24
cfi=(184)
cfn=(2288)
calls=6 634 
* 366
* 24
cfi=(242)
cfn=(2394)
calls=6 -40 
* 1378
fi=(184)
234 6
fe=(238)
69 6
fi=(184)
285 12
fe=(238)
70 24
cfi=(184)
cfn=(2288)
calls=6 634 
* 366
* 24
cfi=(242)
cfn=(2394)
calls=6 -41 
* 1431
fi=(184)
234 6
fe=(238)
70 6
fi=(184)
285 12
fe=(238)
71 24
cfi=(184)
cfn=(2288)
calls=6 634 
* 378
* 24
cfi=(242)
cfn=(2386)
calls=6 -42 
* 1492
fi=(184)
234 6
fe=(238)
71 6
fi=(184)
285 12
fe=(238)
72 24
cfi=(184)
cfn=(2288)
calls=6 634 
* 366
* 24
cfi=(242)
cfn=(2394)
calls=6 -43 
* 1584
fi=(184)
234 6
fe=(238)
72 6
fi=(184)
285 12
fe=(238)
73 24
cfi=(184)
cfn=(2288)
calls=6 634 
* 366
* 24
cfi=(242)
cfn=(2394)
calls=6 -44 
* 1510
fi=(184)
234 6
fe=(238)
73 6
fi=(184)
285 12
fe=(238)
74 24
cfi=(184)
cfn=(2288)
calls=6 634 
* 378
* 24
cfi=(242)
cfn=(2386)
calls=6 -45 
* 1414
fi=(184)
234 6
fe=(238)
74 6
fi=(184)
285 12
3599 6
fi=(205)
230 6
+5 12
fi=(185)
372 4
+13 8
cob=(3)
cfi=(175)
cfn=(1260)
calls=2 80 
* 36
* 2
fi=(186)
896 4
fi=(239)
91 4
-4 6
fi=(247)
567 6
fi=(239)
86 6
fi=(247)
567 12
fi=(239)
86 12
+1 18
+1 6
fi=(247)
567 12
fi=(239)
87 12
+1 24
+1 24
+1 6
fi=(247)
567 12
fi=(239)
89 12
+1 30
+1 6
fi=(247)
567 6
fi=(239)
90 12
+1 24
fe=(238)
-15 48
fi=(185)
425 12
fi=(184)
234 12
fi=(185)
431 18
cob=(3)
cfi=(187)
cfn=(1644)
calls=6 264 
* 72
* 6
fi=(184)
234 6
fi=(185)
431 6
-46 12
fi=(205)
235 8
fi=(185)
385 16
cob=(3)
cfi=(175)
cfn=(1260)
calls=4 80 
* 76
* 4
fi=(186)
896 8
fi=(184)
483 4
fi=(239)
86 8
fe=(238)

fn=(2774) config::PlanetConfig::TerrainLod::TerrainLod(config::Config const&)
78 8
+1 2
-1 14
+1 2
-1 16
+1 4
cfi=(184)
cfn=(2288)
calls=2 634 
* 364
* 8
cfi=(242)
cfn=(2386)
calls=2 -50 
* 529
fi=(184)
234 2
+51 2
fe=(238)
79 2
fi=(184)
285 4
+7 4
fi=(206)
158 2
cob=(7)
cfi=(152)
cfn=(1866)
calls=2 0 
* 188
* 2
fe=(238)
-78 8
cfi=(184)
cfn=(2288)
calls=2 634 
* 230
* 8
cfi=(242)
cfn=(2386)
calls=2 -51 
* 536
fi=(184)
234 2
fe=(238)
80 2
fi=(184)
285 4
+7 4
fi=(206)
158 2
cob=(7)
cfi=(152)
cfn=(1866)
calls=2 0 
* 188
* 2
fi=(205)
+77 2
+19 2
fe=(238)
81 18
cfi=(184)
cfn=(2288)
calls=2 634 
* 230
* 8
cfi=(242)
cfn=(2386)
calls=2 -52 
* 537
fi=(184)
234 2
fe=(238)
81 2
fi=(184)
285 4
+7 4
fi=(206)
158 2
cob=(7)
cfi=(152)
cfn=(1866)
calls=2 0 
* 188
* 2
fe=(238)
-75 8
cfi=(184)
cfn=(2288)
calls=2 634 
* 230
* 8
cfi=(242)
cfn=(2386)
calls=2 -54 
* 522
fi=(184)
234 2
fe=(238)
83 2
fi=(184)
285 4
+7 4
fi=(206)
158 2
cob=(7)
cfi=(152)
cfn=(1866)
calls=2 0 
* 188
* 2
fe=(238)
-74 10
cfi=(184)
cfn=(2288)
calls=2 634 
* 230
* 8
cfi=(242)
cfn=(2394)
calls=2 -55 
* 476
fi=(184)
234 2
fe=(238)
84 2
fi=(184)
285 4
+7 4
fi=(206)
158 2
cob=(7)
cfi=(152)
cfn=(1866)
calls=2 0 
* 188
* 2
fe=(238)
-72 10
cfi=(184)
cfn=(2288)
calls=2 634 
* 230
* 8
cfi=(242)
cfn=(2394)
calls=2 -57 
* 478
fi=(184)
234 2
fe=(238)
86 2
fi=(184)
285 4
+7 4
fi=(206)
158 2
cob=(7)
cfi=(152)
cfn=(1866)
calls=2 0 
* 188
* 2
fe=(238)
-71 10
cfi=(184)
cfn=(2288)
calls=2 634 
* 230
* 8
cfi=(242)
cfn=(2394)
calls=2 -58 
* 478
fi=(184)
234 2
fe=(238)
87 2
fi=(184)
285 4
+7 4
fi=(206)
158 2
cob=(7)
cfi=(152)
cfn=(1866)
calls=2 0 
* 188
* 2
fe=(238)
-70 8
cfi=(184)
cfn=(2288)
calls=2 634 
* 230
* 8
cfi=(242)
cfn=(2386)
calls=2 -59 
* 528
fi=(184)
234 2
fe=(238)
88 2
fi=(184)
285 4
+7 4
fi=(206)
158 2
cob=(7)
cfi=(152)
cfn=(1866)
calls=2 0 
* 188
* 2
fe=(238)
-69 10
cfi=(184)
cfn=(2288)
calls=2 634 
* 230
* 8
cfi=(242)
cfn=(2394)
calls=2 -60 
* 476
fi=(184)
234 2
fe=(238)
89 2
fi=(184)
285 4
+7 4
fi=(206)
158 2
cob=(7)
cfi=(152)
cfn=(1866)
calls=2 0 
* 188
* 2
fe=(238)
-68 10
cfi=(184)
cfn=(2288)
calls=2 634 
* 230
* 8
cfi=(242)
cfn=(2394)
calls=2 -61 
* 476
fi=(184)
234 2
fe=(238)
90 2
fi=(184)
285 4
+7 4
fi=(206)
158 2
cob=(7)
cfi=(152)
cfn=(1866)
calls=2 0 
* 188
* 2
fe=(238)
-67 10
cfi=(184)
cfn=(2288)
calls=2 634 
* 230
* 8
cfi=(242)
cfn=(2394)
calls=2 -62 
* 557
fi=(184)
234 2
fe=(238)
91 2
fi=(184)
285 4
+7 4
fi=(206)
158 2
cob=(7)
cfi=(152)
cfn=(1866)
calls=2 0 
* 188
* 2
fe=(238)
-66 10
cfi=(184)
cfn=(2288)
calls=2 634 
* 230
* 8
cfi=(242)
cfn=(2394)
calls=2 -63 
* 633
fi=(184)
234 2
fe=(238)
92 2
fi=(184)
285 4
+7 4
fi=(206)
158 2
cob=(7)
cfi=(152)
cfn=(1866)
calls=2 0 
* 188
* 2
fe=(238)
-64 2
-1 2
+1 10
-1 2
cfi=(239)
cfn=(2780)
calls=2 +22 
* 194

fn=(2798) config::PlanetConfig::TerrainLandscape::TerrainLandscape(config::Config const&)
96 10
+1 2
-1 14
+1 2
-1 12
+1 4
cfi=(184)
cfn=(2288)
calls=2 634 
* 126
* 8
cfi=(242)
cfn=(2376)
calls=2 -68 
* 489
fi=(184)
234 2
+51 2
fe=(238)
97 2
fi=(184)
285 4
fe=(238)
98 10
cfi=(184)
cfn=(2288)
calls=2 634 
* 230
* 8
cfi=(242)
cfn=(2394)
calls=2 -69 
* 554
fi=(184)
234 2
fe=(238)
98 2
fi=(184)
285 4
+7 4
fi=(206)
158 2
cob=(7)
cfi=(152)
cfn=(1866)
calls=2 0 
* 188
* 2
fe=(238)
-59 10
cfi=(184)
cfn=(2288)
calls=2 634 
* 230
* 8
cfi=(242)
cfn=(2394)
calls=2 -70 
* 477
fi=(184)
234 2
fe=(238)
99 2
fi=(184)
285 4
+7 4
fi=(206)
158 2
cob=(7)
cfi=(152)
cfn=(1866)
calls=2 0 
* 188
* 2
fe=(238)
-58 10
cfi=(184)
cfn=(2288)
calls=2 634 
* 230
* 8
cfi=(242)
cfn=(2394)
calls=2 -71 
* 475
fi=(184)
234 2
fe=(238)
100 2
fi=(184)
285 4
+7 4
fi=(206)
158 2
cob=(7)
cfi=(152)
cfn=(1866)
calls=2 0 
* 188
* 2
fe=(238)
-57 10
cfi=(184)
cfn=(2288)
calls=2 634 
* 122
* 8
cfi=(242)
cfn=(2394)
calls=2 -72 
* 560
fi=(184)
234 2
fe=(238)
101 2
fi=(184)
285 4
fe=(238)
102 10
cfi=(184)
cfn=(2288)
calls=2 634 
* 122
* 8
cfi=(242)
cfn=(2394)
calls=2 -73 
* 561
fi=(184)
234 2
fe=(238)
102 2
fi=(184)
285 4
fe=(238)
103 10
cfi=(184)
cfn=(2288)
calls=2 634 
* 230
* 8
cfi=(242)
cfn=(2394)
calls=2 -74 
* 479
fi=(184)
234 2
fe=(238)
103 2
fi=(184)
285 4
+7 4
fi=(206)
158 2
cob=(7)
cfi=(152)
cfn=(1866)
calls=2 0 
* 188
* 2
fe=(238)
-54 10
cfi=(184)
cfn=(2288)
calls=2 634 
* 122
* 8
cfi=(242)
cfn=(2394)
calls=2 -75 
* 563
fi=(184)
234 2
fe=(238)
104 2
fi=(184)
285 4
fe=(238)
105 10
cfi=(184)
cfn=(2288)
calls=2 634 
* 122
* 8
cfi=(242)
cfn=(2394)
calls=2 -76 
* 475
fi=(184)
234 2
fe=(238)
105 2
fi=(184)
285 4
fe=(238)
106 8
cfi=(184)
cfn=(2288)
calls=2 634 
* 126
* 8
cfi=(242)
cfn=(2386)
calls=2 -77 
* 545
fi=(184)
234 2
fe=(238)
106 2
fi=(184)
285 4
fi=(247)
567 4
fi=(239)
161 2
fi=(247)
567 2
fi=(239)
161 4
-6 2
fi=(247)
567 4
fi=(239)
154 4
+1 6
+1 2
fi=(247)
567 4
fi=(239)
155 4
+1 8
+1 2
fi=(247)
567 4
fi=(239)
156 4
+1 10
+1 2
fi=(247)
567 4
fi=(239)
157 4
+1 8
+1 2
fi=(247)
567 4
fi=(239)
158 4
+1 6
+1 2
fi=(247)
567 4
fi=(239)
159 4
+1 8
+1 2
fi=(247)
567 2
fi=(239)
160 4
+1 8
fe=(238)
-53 14

fn=(2846) config::PlanetConfig::Water::Water(config::Config const&)
116 26
fi=(208)
-16 2
fe=(238)
+16 4
fi=(208)
-16 4
fi=(206)
+37 4
cob=(7)
cfi=(152)
cfn=(1638)
calls=2 0 
* 108
* 2
fi=(208)
1688 2
fi=(205)
431 2
fi=(208)
1687 2
fi=(205)
431 2
fi=(208)
1688 2
fe=(238)
117 4
fi=(205)
431 2
fe=(238)
117 2
fi=(208)
1689 2
fi=(205)
431 2
fe=(238)
117 2
cfi=(184)
cfn=(2288)
calls=2 634 
* 126
* 8
cfi=(242)
cfn=(2376)
calls=2 -88 
* 472
fi=(184)
234 2
+51 2
fe=(238)
117 2
fi=(184)
285 4
fe=(238)
118 8
cfi=(184)
cfn=(2288)
calls=2 634 
* 126
* 8
cfi=(242)
cfn=(2394)
calls=2 -89 
* 480
fi=(184)
234 2
fe=(238)
118 2
fi=(184)
285 4
fe=(238)
119 8
cfi=(184)
cfn=(2288)
calls=2 634 
* 126
* 8
cfi=(242)
cfn=(2394)
calls=2 -90 
* 478
fi=(184)
234 2
fe=(238)
119 2
fi=(184)
285 4
fe=(238)
120 8
cfi=(184)
cfn=(2288)
calls=2 634 
* 230
* 8
cfi=(242)
cfn=(2394)
calls=2 -91 
* 476
fi=(184)
234 2
fe=(238)
120 2
fi=(184)
285 4
+7 4
fi=(206)
158 2
cob=(7)
cfi=(152)
cfn=(1866)
calls=2 0 
* 188
* 2
fi=(208)
988 4
100 6
378 6
fi=(206)
120 6
+17 4
cob=(7)
cfi=(152)
cfn=(1638)
calls=2 0 
* 108
* 2
* 2
fi=(216)
1073 4
fi=(205)
429 4
fi=(208)
-32 2
-2 2
+2 2
fi=(205)
+33 4
+1 6
cob=(3)
cfi=(187)
cfn=(1644)
calls=2 264 
* 20
* 2
* 4
+1 2
fe=(238)
121 4
fi=(205)
432 2
fe=(238)
121 2
cfi=(184)
cfn=(2288)
calls=2 634 
* 126
* 16
cfi=(188)
cfn=(2408)
calls=2 -63 
* 2634
fi=(184)
234 2
+51 4
fi=(208)
+82 2
+19 4
-19 4
fi=(206)
158 2
cob=(7)
cfi=(152)
cfn=(1866)
calls=2 0 
* 230
* 2
fi=(208)
988 8
fe=(238)
122 4
fi=(204)
+85 4
fi=(208)
1075 6
fi=(204)
230 4
fi=(208)
988 6
fi=(204)
242 4
fi=(205)
430 4
+1 6
cob=(3)
cfi=(187)
cfn=(1644)
calls=2 264 
* 20
* 2
fi=(204)
256 8
fi=(247)
567 4
fi=(239)
202 2
fi=(247)
567 2
fi=(239)
202 4
-2 2
fi=(247)
567 4
fi=(239)
200 16
+1 2
fi=(247)
567 4
fi=(239)
200 4
+1 8
fi=(208)
988 8
fi=(239)
201 4
fi=(244)
395 2
fi=(247)
567 4
fi=(239)
203 12
fi=(244)
395 2
fi=(216)
1107 2
fi=(247)
567 4
fi=(239)
203 14
fi=(208)
367 2
+19 4
-19 4
fi=(206)
158 2
cob=(7)
cfi=(152)
cfn=(1866)
calls=2 0 
* 188
* 2
fe=(238)
-33 16
fi=(244)
395 2
fi=(216)
1107 2
fi=(247)
567 2
fi=(239)
203 14
fe=(238)

fn=(3020) config::SurfaceCameraConfig::SurfaceCameraConfig(config::Config const&)
210 28
fi=(184)
-6 2
fe=(238)
+6 2
cfi=(184)
cfn=(2288)
calls=2 634 
* 230
* 2
fi=(184)
1071 2
fe=(238)
210 4
fi=(259)
-90 2
fe=(238)
+90 4
fi=(184)
+24 2
fe=(238)
-24 2
fi=(259)
-90 4
fe=(238)
+91 2
fi=(184)
-7 2
fe=(238)
+6 2
fi=(186)
+13 4
fi=(184)
+6 2
fe=(238)
-17 2
fi=(185)
354 2
fe=(238)
212 10
cfi=(184)
cfn=(2288)
calls=2 634 
* 122
* 14
cfi=(188)
cfn=(2306)
calls=2 26 
* 742
* 6
cfi=(184)
cfn=(2326)
calls=2 844 
* 58
fi=(184)
+22 2
+51 6
+7 4
fi=(206)
158 2
cob=(7)
cfi=(152)
cfn=(1866)
calls=2 0 
* 188
* 2
fi=(184)
+76 2
+51 6
-51 2
+51 4
+7 4
fi=(206)
158 2
cob=(7)
cfi=(152)
cfn=(1866)
calls=2 0 
* 188
* 2
fe=(238)
+55 8
cfi=(184)
cfn=(2288)
calls=2 634 
* 122
* 8
cfi=(242)
cfn=(2386)
calls=2 29 
* 446
fi=(184)
+21 2
fe=(238)
-21 2
fi=(184)
+72 4
fe=(238)
-71 8
cfi=(184)
cfn=(2288)
calls=2 634 
* 122
* 8
cfi=(242)
cfn=(2394)
calls=2 29 
* 475
fi=(184)
+20 2
fe=(238)
-20 2
fi=(184)
+71 4
fe=(238)
-70 8
cfi=(184)
cfn=(2288)
calls=2 634 
* 122
* 8
cfi=(242)
cfn=(2394)
calls=2 29 
* 478
fi=(184)
+19 2
fe=(238)
-19 2
fi=(184)
+70 4
fe=(238)
-69 8
cfi=(184)
cfn=(2288)
calls=2 634 
* 122
* 8
cfi=(242)
cfn=(2394)
calls=2 29 
* 495
fi=(184)
+18 2
fe=(238)
-18 2
fi=(184)
+69 4
fe=(238)
-68 8
cfi=(184)
cfn=(2288)
calls=2 634 
* 132
* 8
cfi=(242)
cfn=(2394)
calls=2 29 
* 484
fi=(184)
+17 2
fe=(238)
-17 2
fi=(184)
+68 4
fe=(238)
-67 8
cfi=(184)
cfn=(2288)
calls=2 634 
* 122
* 8
cfi=(242)
cfn=(2394)
calls=2 29 
* 627
fi=(184)
+16 2
fe=(238)
-16 2
fi=(184)
+67 4
fi=(210)
2740 4
fe=(238)
263 16
fi=(186)
139 4
fi=(206)
-19 6
+17 2
cob=(7)
cfi=(152)
cfn=(1638)
calls=2 0 
* 108
* 2
fi=(184)
+87 2
fi=(206)
-87 2
fi=(184)
261 2
fi=(185)
431 6
cob=(3)
cfi=(187)
cfn=(1644)
calls=2 264 
* 20
* 2
fi=(184)
234 2
fi=(185)
431 2
fi=(210)
2740 2
fi=(212)
745 2
1004 2
1336 4
fi=(184)
487 2
fi=(212)
1004 2
fi=(184)
487 8
fi=(185)
372 16
+13 24
cob=(3)
cfi=(175)
cfn=(1260)
calls=8 80 
* 159
* 8
fi=(186)
896 16
fi=(185)
+94 4
fi=(212)
783 2
1340 2
-4 4
fi=(218)
59 16
fi=(205)
235 16
fi=(185)
990 18
fi=(212)
792 6
1336 12
-30 10
fi=(235)
608 12
cfi=(184)
cfn=(2352)
calls=2 3627 
* 140
fi=(212)
1306 6
fi=(184)
487 2
fi=(212)
1336 2
fi=(184)
487 2
fi=(212)
1336 2
fi=(184)
487 6
fi=(185)
372 12
+13 18
cob=(3)
cfi=(175)
cfn=(1260)
calls=6 80 
* 124
* 6
fi=(186)
896 12
fi=(185)
+94 4
fi=(212)
783 4
1340 4
-4 8
fi=(218)
59 12
fi=(205)
235 12
fi=(185)
990 10
fi=(212)
792 2
1336 4
-30 8
fi=(235)
608 10
cfi=(184)
cfn=(2352)
calls=2 3627 
* 148
fi=(212)
1306 4
fi=(184)
487 2
fi=(185)
385 2
fi=(184)
487 8
fi=(185)
372 4
+13 6
cob=(3)
cfi=(175)
cfn=(1260)
calls=2 80 
* 36
* 2
fi=(186)
896 4
fi=(185)
+94 4
fi=(212)
783 2
1340 2
-4 4
fi=(218)
59 16
fi=(205)
235 16
fi=(185)
385 18
cob=(3)
cfi=(175)
cfn=(1260)
calls=6 80 
* 147
* 6
fi=(186)
896 12
fi=(185)
+94 18
fi=(212)
792 6
1336 12
-30 8
fi=(235)
608 10
cfi=(184)
cfn=(2352)
calls=2 3627 
* 140
fi=(212)
1306 4
fe=(238)
246 8
cfn=(3058) config::SurfaceCameraConfig::SurfaceCameraConfig(config::Config const&)::{lambda(char const*)#1}::operator()(char const*) const [clone .isra.0]
calls=2 -21 
* 1113
fi=(259)
850 4
fi=(207)
119 4
fi=(259)
280 2
fi=(207)
119 4
fe=(238)
247 4
+3 4
fi=(258)
72 2
fe=(238)
250 2
fi=(258)
72 10
fi=(247)
1859 2
fi=(258)
72 2
fi=(247)
1859 14
+1 2
+1 2
+1 2
-1 2
-1 2
+2 2
-1 8
+1 2
-2 8
+2 4
fe=(238)
252 6
fi=(258)
72 10
fi=(247)
1859 2
fi=(258)
72 2
fi=(247)
1859 14
+1 2
+1 2
-1 2
+2 2
-1 4
+1 2
-2 12
+2 2
fe=(238)
255 2
-1 4
+2 2
+1 2
-2 2
+1 2
+1 2
-1 4
-1 4
+1 4
+1 4
-2 4
+1 4
+1 4
-1 8
-1 8
fi=(258)
72 2
fe=(238)
259 4
-39 6
cfi=(210)
cfn=(3040) nlohmann::json_abi_v3_11_3::basic_json<std::map, std::vector, std::__cxx11::basic_string<char, std::char_traits<char>, std::allocator<char> >, bool, long, unsigned long, double, std::allocator, nlohmann::json_abi_v3_11_3::adl_serializer, std::vector<unsigned char, std::allocator<unsigned char> >, void> const& nlohmann::json_abi_v3_11_3::basic_json<std::map, std::vector, std::__cxx11::basic_string<char, std::char_traits<char>, std::allocator<char> >, bool, long, unsigned long, double, std::allocator, nlohmann::json_abi_v3_11_3::adl_serializer, std::vector<unsigned char, std::allocator<unsigned char> >, void>::at<char const (&) [24], 0>(char const (&) [24]) const
calls=2 2042 
* 481
* 2
fi=(210)
1331 8
fi=(243)
123 4
fi=(210)
1609 2
fi=(243)
123 2
cfn=(2402)
calls=2 -72 
* 34
fi=(247)
567 2
fe=(238)
221 2
fi=(247)
567 2
fe=(238)
221 4
fi=(210)
1609 2
fi=(243)
123 6
cfn=(2402)
calls=2 -72 
* 34
fi=(210)
1611 2
2740 2
fe=(238)
223 4
fi=(210)
2740 4
fi=(212)
745 2
1004 2
1336 4
fe=(238)
243 8
cfn=(3058)
calls=2 -18 
* 1030
fi=(259)
850 4
fi=(207)
119 4
fi=(259)
280 2
fi=(207)
119 4
fi=(210)
2740 6
fi=(212)
745 2
1004 2
1336 4
fe=(238)

fn=(3058)
225 32
+1 4
-1 4
+1 4
cfi=(210)
cfn=(2570) nlohmann::json_abi_v3_11_3::basic_json<std::map, std::vector, std::__cxx11::basic_string<char, std::char_traits<char>, std::allocator<char> >, bool, long, unsigned long, double, std::allocator, nlohmann::json_abi_v3_11_3::adl_serializer, std::vector<unsigned char, std::allocator<unsigned char> >, void> const& nlohmann::json_abi_v3_11_3::basic_json<std::map, std::vector, std::__cxx11::basic_string<char, std::char_traits<char>, std::allocator<char> >, bool, long, unsigned long, double, std::allocator, nlohmann::json_abi_v3_11_3::adl_serializer, std::vector<unsigned char, std::allocator<unsigned char> >, void>::at<char const*&, 0>(char const*&) const
calls=4 2042 
* 1095
+2 16
fi=(208)
988 8
fe=(238)
227 8
+1 12
cfi=(210)
cfn=(2596) nlohmann::json_abi_v3_11_3::basic_json<std::map, std::vector, std::__cxx11::basic_string<char, std::char_traits<char>, std::allocator<char> >, bool, long, unsigned long, double, std::allocator, nlohmann::json_abi_v3_11_3::adl_serializer, std::vector<unsigned char, std::allocator<unsigned char> >, void>::operator[](unsigned long) const
calls=4 2106 
* 64
fi=(210)
1331 16
fe=(238)
228 12
cfi=(210)
cfn=(2596)
calls=4 2106 
* 64
fi=(210)
1331 16
fe=(238)
229 12
cfi=(210)
cfn=(2596)
calls=4 2106 
* 64
fi=(210)
1331 16
fe=(238)
234 8
fi=(243)
123 4
fe=(238)
234 4
cfi=(210)
cfn=(2596)
calls=4 2106 
* 64
fi=(243)
123 4
fi=(210)
1609 4
fe=(238)
234 4
fi=(243)
123 4
cfn=(2402)
calls=4 -72 
* 68
fi=(210)
1611 4
fe=(238)
234 20
cfi=(210)
cfn=(2596)
calls=4 2106 
* 64
fi=(243)
123 4
fi=(210)
1609 4
fe=(238)
234 4
fi=(243)
123 4
cfn=(2402)
calls=4 -72 
* 68
fi=(210)
1611 4
fe=(238)
234 20
cfi=(210)
cfn=(2596)
calls=4 2106 
* 64
fi=(243)
123 4
fi=(210)
1609 4
fe=(238)
234 4
fi=(243)
123 4
cfn=(2402)
calls=4 -72 
* 68
fi=(258)
-51 12
fi=(210)
1611 4
fi=(258)
72 20
fe=(238)
234 4
fi=(247)
1859 4
fi=(258)
72 4
fi=(247)
1859 28
+1 4
+1 4
-1 4
+2 4
-1 8
+1 4
-2 20
+2 4
fe=(238)
236 4
fi=(247)
567 4
fe=(238)
236 20
+5 32

fn=(2612) config::PlanetConfig::PlanetConfig(config::Config const&)
127 68
cfi=(208)
cfn=(2294) std::vector<double, std::allocator<double> >::vector(std::initializer_list<double>, std::allocator<double> const&)
calls=4 1904 
* 1012
* 4
fi=(185)
354 4
fi=(246)
26 4
fe=(238)
127 4
fi=(184)
241 8
fe=(238)
127 4
fi=(184)
229 4
fe=(238)
127 8
fi=(246)
26 4
fe=(238)
127 4
fi=(246)
26 4
cfi=(184)
cfn=(2288)
calls=4 634 
* 264
* 4
fi=(240)
+51 28
fi=(246)
-51 36
fi=(240)
+51 4
cfi=(208)
cfn=(2294)
calls=4 1904 
* 526
fe=(238)
+50 44
cfi=(208)
cfn=(2294)
calls=4 1904 
* 526
fi=(208)
-27 4
fi=(239)
+97 4
-85 4
fe=(238)
+15 4
fi=(208)
-27 4
fi=(239)
+12 4
+85 8
-85 4
fi=(252) /workspace/src/config/FoliageConfig.h
-95 4
fi=(239)
+95 8
fi=(208)
-12 4
fi=(239)
+12 20
+39 4
-39 4
+39 24
fi=(252)
17 4
fi=(239)
151 8
fi=(252)
17 4
fi=(239)
151 4
+24 8
fi=(252)
17 20
fi=(239)
197 8
fi=(252)
17 4
fi=(239)
197 28
cfi=(208)
cfn=(2294)
calls=4 1904 
* 769
fi=(249)
23 4
fe=(238)
128 8
fi=(249)
23 20
fe=(238)
127 4
fi=(249)
23 8
fe=(238)
127 4
fi=(249)
23 8
fe=(238)
127 4
fi=(249)
23 12
fe=(238)
128 4
cfi=(208)
cfn=(2620) std::vector<double, std::allocator<double> >::vector(std::vector<double, std::allocator<double> > const&)
calls=4 596 
* 550
* 12
cfi=(184)
cfn=(2288)
calls=4 634 
* 244
* 28
cfi=(188)
cfn=(2408)
calls=4 -70 
* 1122
fi=(184)
795 8
cfn=(2228)
calls=4 234 
* 20
fi=(208)
-62 8
cfn=(2442)
calls=4 367 
* 16
988 12
fe=(238)
129 8
+1 4
fi=(208)
785 8
fe=(238)
130 16
fi=(208)
785 4
fe=(238)
130 4
fi=(208)
785 4
cfi=(204)
cfn=(2534)
calls=4 309 
* 184
fe=(238)
132 16
cfi=(184)
cfn=(2288)
calls=4 634 
* 244
* 16
cfi=(242)
cfn=(2394)
calls=4 29 
* 991
fi=(184)
795 4
fe=(238)
132 4
fi=(184)
795 4
cfn=(2228)
calls=4 234 
* 20
fe=(238)
133 16
cfi=(184)
cfn=(2288)
calls=4 634 
* 244
* 16
cfi=(242)
cfn=(2394)
calls=4 29 
* 991
fi=(184)
795 4
fe=(238)
133 4
fi=(184)
795 4
cfn=(2228)
calls=4 234 
* 20
1071 4
234 4
-30 8
fi=(186)
+19 8
fi=(184)
420 8
229 4
fi=(185)
354 4
fe=(238)
134 16
cfi=(184)
cfn=(2288)
calls=4 634 
* 260
* 32
cfi=(188)
cfn=(2306)
calls=4 26 
* 1146
* 12
cfi=(184)
cfn=(2326)
calls=4 844 
* 180
fi=(184)
795 8
cfn=(2228)
calls=4 234 
* 20
* 8
cfn=(2228)
calls=4 234 
* 20
* 8
cfn=(2228)
calls=4 234 
* 20
fi=(210)
2740 8
fe=(238)
137 16
cfi=(184)
cfn=(2288)
calls=4 634 
* 252
* 16
cfi=(242)
cfn=(2394)
calls=4 29 
* 1034
* 4
fi=(184)
795 8
cfn=(2228)
calls=4 234 
* 20
fe=(238)
138 4
fi=(246)
11 4
fi=(247)
567 8
fi=(246)
11 20
fi=(210)
2740 8
fe=(238)
151 16
cfi=(184)
cfn=(2288)
calls=4 634 
* 252
* 16
cfi=(242)
cfn=(2394)
calls=4 29 
* 1124
fi=(184)
795 4
fe=(238)
151 4
fi=(184)
795 4
cfn=(2228)
calls=4 234 
* 20
fe=(238)
152 16
cfi=(208)
cfn=(2620)
calls=4 596 
* 416
* 12
cfi=(184)
cfn=(2288)
calls=4 634 
* 252
* 20
cfi=(188)
cfn=(2408)
calls=4 -94 
* 4282
fi=(184)
795 8
cfn=(2228)
calls=4 234 
* 20
fi=(208)
-62 8
cfn=(2442)
calls=4 367 
* 408
988 12
fe=(238)
153 8
+1 4
fi=(208)
785 8
fe=(238)
154 16
fi=(208)
785 4
fe=(238)
154 4
fi=(208)
785 4
cfi=(204)
cfn=(2534)
calls=4 309 
* 184
fe=(238)
156 16
cfi=(184)
cfn=(2288)
calls=4 634 
* 244
* 16
cfi=(242)
cfn=(2386)
calls=4 29 
* 819
* 4
fi=(184)
795 8
cfn=(2228)
calls=4 234 
* 20
fi=(210)
2740 8
fi=(208)
988 16
fe=(238)
199 8
fi=(247)
567 4
fi=(205)
2087 4
fi=(247)
567 4
fi=(205)
2087 8
fi=(247)
567 8
fi=(205)
2092 8
fe=(238)
199 4
-1 4
fi=(247)
567 8
fe=(238)
198 8
+1 12
fi=(208)
988 16
fe=(238)
199 8
fi=(244)
395 4
fi=(247)
567 8
fe=(238)
201 28
fi=(244)
395 4
fi=(216)
1107 4
fi=(247)
567 8
fe=(238)
201 28
fi=(210)
2740 8
fe=(238)
206 16
cfi=(184)
cfn=(2288)
calls=4 634 
* 460
* 16
cfi=(242)
cfn=(2376)
calls=4 29 
* 1005
* 4
fi=(184)
795 8
cfn=(2228)
calls=4 234 
* 412
fe=(238)
207 16
cfi=(184)
cfn=(2288)
calls=4 634 
* 460
* 16
cfi=(242)
cfn=(2394)
calls=4 29 
* 997
* 4
fi=(184)
795 8
cfn=(2228)
calls=4 234 
* 412
fi=(208)
-62 8
cfn=(2442)
calls=4 367 
* 492
* 8
cfn=(2442)
calls=4 367 
* 492
fe=(238)
208 32
fi=(185)
425 8
fi=(210)
2740 4
fi=(212)
745 4
1004 4
1336 8
fi=(184)
487 4
fi=(212)
1004 4
fi=(184)
487 20
fi=(185)
372 28
+13 42
cob=(3)
cfi=(175)
cfn=(1260)
calls=14 80 
* 293
* 14
fi=(186)
896 28
fi=(185)
+94 8
fi=(212)
783 4
1340 4
-4 8
fi=(218)
59 28
fi=(205)
235 28
fi=(185)
990 30
fi=(212)
792 10
1336 20
-30 24
fi=(235)
608 24
cfi=(184)
cfn=(2352)
calls=4 3627 
* 284
fi=(212)
1306 16
fi=(184)
487 4
fi=(212)
1336 4
fi=(184)
487 20
fi=(185)
372 20
+13 30
cob=(3)
cfi=(175)
cfn=(1260)
calls=10 80 
* 224
* 10
fi=(186)
896 20
fi=(185)
+94 4
fi=(212)
783 2
1340 2
-4 4
fi=(218)
59 32
fi=(205)
235 32
fi=(185)
385 18
cob=(3)
cfi=(175)
cfn=(1260)
calls=6 80 
* 125
* 6
fi=(186)
896 12
fi=(185)
+94 42
fi=(212)
792 14
1336 28
-30 24
fi=(235)
608 8
cfi=(184)
cfn=(2352)
calls=2 3627 
* 140
fi=(212)
1306 4
fi=(184)
487 20
fi=(185)
372 32
+13 48
cob=(3)
cfi=(175)
cfn=(1260)
calls=16 80 
* 349
* 16
fi=(186)
896 32
fi=(185)
+94 4
fi=(212)
783 4
1340 4
-4 8
fi=(218)
59 32
fi=(205)
235 32
fi=(185)
990 40
fi=(212)
792 12
1336 24
-30 24
fi=(235)
608 12
cfi=(184)
cfn=(2352)
calls=2 3627 
* 140
fi=(212)
1306 8
fi=(184)
487 4
fi=(185)
385 4
fi=(184)
487 24
fi=(185)
372 32
+13 48
cob=(3)
cfi=(175)
cfn=(1260)
calls=16 80 
* 345
* 16
fi=(186)
896 32
fi=(185)
+94 4
fi=(212)
783 2
1340 2
-4 4
fi=(218)
59 32
fi=(205)
235 32
fi=(185)
990 42
fi=(212)
792 14
1336 28
-30 28
fi=(235)
608 10
cfi=(184)
cfn=(2352)
calls=2 3627 
* 140
fi=(212)
1306 6
fi=(184)
487 4
fi=(212)
1336 4
fi=(184)
487 20
fi=(185)
372 24
+13 36
cob=(3)
cfi=(175)
cfn=(1260)
calls=12 80 
* 275
* 12
fi=(186)
896 24
fi=(185)
+94 4
fi=(212)
783 10
1340 10
-4 20
fi=(218)
59 32
fi=(205)
235 32
fi=(185)
385 12
cob=(3)
cfi=(175)
cfn=(1260)
calls=4 80 
* 91
* 4
fi=(186)
896 8
fi=(185)
+94 34
fi=(212)
792 6
1336 12
-30 20
fi=(235)
608 20
cfi=(184)
cfn=(2352)
calls=4 3627 
* 292
fi=(212)
1306 38
+34 2
-4 4
fi=(235)
608 72
cfi=(184)
cfn=(2352)
calls=18 3627 
* 1258
fi=(212)
784 18
+8 18
1337 36
+6 16
-7 32
-30 16
fi=(235)
608 8
cfi=(184)
cfn=(2352)
calls=2 3627 
* 148
fi=(212)
1306 4
fe=(238)
193 6
cfi=(210)
cfn=(2636) nlohmann::json_abi_v3_11_3::basic_json<std::map, std::vector, std::__cxx11::basic_string<char, std::char_traits<char>, std::allocator<char> >, bool, long, unsigned long, double, std::allocator, nlohmann::json_abi_v3_11_3::adl_serializer, std::vector<unsigned char, std::allocator<unsigned char> >, void> const& nlohmann::json_abi_v3_11_3::basic_json<std::map, std::vector, std::__cxx11::basic_string<char, std::char_traits<char>, std::allocator<char> >, bool, long, unsigned long, double, std::allocator, nlohmann::json_abi_v3_11_3::adl_serializer, std::vector<unsigned char, std::allocator<unsigned char> >, void>::at<char const (&) [6], 0>(char const (&) [6]) const
calls=2 2042 
* 696
+1 2
-1 2
+1 2
+1 4
cfi=(210)
cfn=(2152)
calls=2 1148 
* 6990
fi=(210)
1216 2
fe=(238)
195 4
fi=(210)
1222 2
+1 2
-7 2
fe=(238)
195 2
cfn=(2846)
calls=2 -79 
* 6616
fi=(239)
-5 2
fi=(208)
-75 2
fi=(239)
+75 2
fi=(208)
-73 2
-2 2
fi=(239)
+75 2
fi=(208)
-73 2
fi=(239)
+73 4
fi=(208)
-75 2
+2 4
fi=(239)
+73 2
fi=(208)
-75 4
386 4
-19 2
fi=(206)
158 2
cob=(7)
cfi=(152)
cfn=(1866)
calls=2 0 
* 230
* 2
fi=(208)
733 4
cfn=(2442)
calls=2 367 
* 8
fi=(210)
4216 6
cfn=(1842)
calls=2 554 
* 12028
554 2
2740 4
fi=(212)
745 4
1004 4
1336 40
+4 8
-4 16
fi=(235)
608 48
cfi=(184)
cfn=(2352)
calls=12 3627 
* 807
fi=(212)
784 12
+8 12
1337 24
+6 4
-7 8
-30 16
fi=(235)
608 16
cfi=(184)
cfn=(2352)
calls=4 3627 
* 280
fi=(212)
1306 8
fe=(238)
140 12
cfi=(210)
cfn=(2636)
calls=4 2042 
* 983
* 12
cfi=(210)
cfn=(2152)
calls=4 1148 
* 25116
fi=(210)
1216 4
fe=(238)
140 8
fi=(210)
1222 4
+1 4
-7 4
fe=(238)
140 4
cfi=(250)
cfn=(2650)
calls=4 6 
* 9960
fi=(246)
15 12
cfi=(184)
cfn=(2326)
calls=4 844 
* 186
fi=(184)
795 4
fi=(246)
15 24
fi=(184)
795 4
cfn=(2228)
calls=4 234 
* 20
fi=(210)
4216 12
cfn=(1842)
calls=4 554 
* 28734
2740 12
fi=(212)
745 4
1004 4
1336 8
fi=(184)
487 20
fi=(185)
372 20
+13 30
cob=(3)
cfi=(175)
cfn=(1260)
calls=10 80 
* 209
* 10
fi=(186)
896 20
fi=(185)
+94 8
fi=(212)
783 6
1340 6
-4 12
fi=(218)
59 32
fi=(205)
235 32
fi=(185)
385 18
cob=(3)
cfi=(175)
cfn=(1260)
calls=6 80 
* 126
* 6
fi=(186)
896 12
fi=(185)
+94 34
fi=(212)
792 10
1336 20
-30 24
fi=(235)
608 16
cfi=(184)
cfn=(2352)
calls=4 3627 
* 284
fi=(212)
1306 8
fi=(184)
487 20
fi=(185)
372 28
+13 42
cob=(3)
cfi=(175)
cfn=(1260)
calls=14 80 
* 289
* 14
fi=(186)
896 28
fi=(185)
+94 8
fi=(212)
783 10
1340 10
-4 20
fi=(218)
59 32
fi=(205)
235 32
fi=(185)
385 6
cob=(3)
cfi=(175)
cfn=(1260)
calls=2 80 
* 41
* 2
fi=(186)
896 4
fi=(185)
+94 30
fi=(212)
792 6
1336 12
-30 16
fi=(235)
608 20
cfi=(184)
cfn=(2352)
calls=4 3627 
* 280
fi=(212)
1306 8
fe=(238)
150 12
cfi=(210)
cfn=(2672) nlohmann::json_abi_v3_11_3::basic_json<std::map, std::vector, std::__cxx11::basic_string<char, std::char_traits<char>, std::allocator<char> >, bool, long, unsigned long, double, std::allocator, nlohmann::json_abi_v3_11_3::adl_serializer, std::vector<unsigned char, std::allocator<unsigned char> >, void> const& nlohmann::json_abi_v3_11_3::basic_json<std::map, std::vector, std::__cxx11::basic_string<char, std::char_traits<char>, std::allocator<char> >, bool, long, unsigned long, double, std::allocator, nlohmann::json_abi_v3_11_3::adl_serializer, std::vector<unsigned char, std::allocator<unsigned char> >, void>::at<char const (&) [11], 0>(char const (&) [11]) const
calls=4 2042 
* 980
* 12
cfi=(210)
cfn=(2152)
calls=4 1148 
* 7958
fi=(210)
1216 4
fe=(238)
150 8
fi=(210)
1222 4
+1 4
-7 4
fe=(238)
150 4
cfi=(245) /workspace/src/config/parsing/LightingConfig.cpp
cfn=(2686) config::ReflectionConfig::ReflectionConfig(config::Config const&)
calls=4 50 
* 9946
fi=(240)
-78 4
fi=(208)
+45 8
-2 8
fi=(240)
-43 4
fi=(208)
+43 4
+2 4
-2 4
+2 4
-2 4
386 8
-19 4
fi=(206)
158 4
cob=(7)
cfi=(152)
cfn=(1866)
calls=4 0 
* 439
* 4
fi=(208)
733 8
cfn=(2442)
calls=4 367 
* 16
fi=(210)
4216 12
cfn=(1842)
calls=4 554 
* 15431
554 4
2740 4
fi=(212)
745 4
1004 4
1336 8
1004 26
1340 6
-4 12
fi=(235)
608 56
cfi=(184)
cfn=(2352)
calls=14 3627 
* 1060
fi=(212)
784 14
+8 14
1337 28
+6 8
-7 16
-30 16
fi=(235)
608 16
cfi=(184)
cfn=(2352)
calls=4 3627 
* 320
fi=(212)
1306 8
fe=(238)
135 8
fi=(210)
2740 4
fi=(212)
745 4
1004 4
1336 8
fi=(184)
487 4
fi=(212)
1004 4
fi=(184)
487 16
fi=(185)
372 28
+13 42
cob=(3)
cfi=(175)
cfn=(1260)
calls=14 80 
* 334
* 14
fi=(186)
896 28
fi=(185)
+94 4
fi=(212)
783 16
1340 16
-4 32
fi=(218)
59 32
fi=(205)
235 32
fi=(185)
385 6
cob=(3)
cfi=(175)
cfn=(1260)
calls=2 80 
* 42
* 2
fi=(186)
896 4
fi=(185)
+94 28
fi=(212)
1306 16
fi=(235)
608 20
cfi=(184)
cfn=(2352)
calls=4 3627 
* 288
fi=(212)
1306 8
fe=(238)
205 6
cfi=(210)
cfn=(2672)
calls=2 2042 
* 604
* 6
cfi=(210)
cfn=(2152)
calls=2 1148 
* 18675
fi=(210)
1216 2
fe=(238)
205 4
fi=(210)
1222 2
+1 2
-7 2
fe=(238)
205 2
cfi=(253)
cfn=(2868)
calls=2 6 
* 23445
* 2
fi=(210)
4216 4
fe=(238)
205 22
fi=(210)
4216 2
cfn=(1842)
calls=2 554 
* 25546
554 2
fe=(238)
158 12
cfi=(210)
cfn=(2716) nlohmann::json_abi_v3_11_3::basic_json<std::map, std::vector, std::__cxx11::basic_string<char, std::char_traits<char>, std::allocator<char> >, bool, long, unsigned long, double, std::allocator, nlohmann::json_abi_v3_11_3::adl_serializer, std::vector<unsigned char, std::allocator<unsigned char> >, void> const& nlohmann::json_abi_v3_11_3::basic_json<std::map, std::vector, std::__cxx11::basic_string<char, std::char_traits<char>, std::allocator<char> >, bool, long, unsigned long, double, std::allocator, nlohmann::json_abi_v3_11_3::adl_serializer, std::vector<unsigned char, std::allocator<unsigned char> >, void>::at<char const (&) [14], 0>(char const (&) [14]) const
calls=4 2042 
* 1063
* 4
fi=(210)
1366 4
fe=(238)
159 8
fi=(210)
2945 4
fi=(208)
988 8
fe=(238)
159 12
+3 32
+1 18
cfi=(210)
cfn=(2596)
calls=6 2106 
* 96
* 12
+3 18
cfi=(210)
cfn=(2596)
calls=6 2106 
* 96
* 18
cfi=(210)
cfn=(2152)
calls=6 1148 
* 26543
fi=(210)
1216 6
fi=(204)
114 6
fi=(210)
1222 6
+1 6
-7 6
fi=(204)
114 12
fi=(210)
4216 12
fe=(238)
162 6
fi=(210)
4216 6
cfn=(1842)
calls=6 554 
* 40075
2947 56
fi=(208)
988 40
fe=(238)
178 6
cfi=(210)
cfn=(2784) nlohmann::json_abi_v3_11_3::basic_json<std::map, std::vector, std::__cxx11::basic_string<char, std::char_traits<char>, std::allocator<char> >, bool, long, unsigned long, double, std::allocator, nlohmann::json_abi_v3_11_3::adl_serializer, std::vector<unsigned char, std::allocator<unsigned char> >, void> const& nlohmann::json_abi_v3_11_3::basic_json<std::map, std::vector, std::__cxx11::basic_string<char, std::char_traits<char>, std::allocator<char> >, bool, long, unsigned long, double, std::allocator, nlohmann::json_abi_v3_11_3::adl_serializer, std::vector<unsigned char, std::allocator<unsigned char> >, void>::at<char const (&) [18], 0>(char const (&) [18]) const
calls=2 2042 
* 570
+1 2
-1 2
+1 2
+1 4
cfi=(210)
cfn=(2152)
calls=2 1148 
* 11993
fi=(210)
1216 2
fe=(238)
180 4
fi=(210)
1222 2
+1 2
-7 2
fe=(238)
180 2
cfn=(2798)
calls=2 -84 
* 8064
* 2
fi=(210)
4216 4
fe=(238)
180 18
fi=(210)
4216 2
cfn=(1842)
calls=2 554 
* 18432
2740 6
fi=(212)
745 2
1004 2
1336 4
fe=(238)
183 6
cfi=(210)
cfn=(2806) nlohmann::json_abi_v3_11_3::basic_json<std::map, std::vector, std::__cxx11::basic_string<char, std::char_traits<char>, std::allocator<char> >, bool, long, unsigned long, double, std::allocator, nlohmann::json_abi_v3_11_3::adl_serializer, std::vector<unsigned char, std::allocator<unsigned char> >, void> const& nlohmann::json_abi_v3_11_3::basic_json<std::map, std::vector, std::__cxx11::basic_string<char, std::char_traits<char>, std::allocator<char> >, bool, long, unsigned long, double, std::allocator, nlohmann::json_abi_v3_11_3::adl_serializer, std::vector<unsigned char, std::allocator<unsigned char> >, void>::at<char const (&) [17], 0>(char const (&) [17]) const
calls=2 2042 
* 493
+1 2
-1 2
+1 2
+1 4
cfi=(210)
cfn=(2152)
calls=2 1148 
* 3626
fi=(210)
1216 2
fe=(238)
185 4
fi=(210)
1222 2
+1 2
-7 2
fe=(238)
185 2
cfn=(2820)
calls=2 -75 
* 1850
* 2
fi=(210)
4216 4
fe=(238)
185 2
fi=(210)
4216 2
cfn=(1842)
calls=2 554 
* 6046
2740 6
fi=(212)
745 2
1004 2
1336 4
fe=(238)
188 6
cfi=(210)
cfn=(2826) nlohmann::json_abi_v3_11_3::basic_json<std::map, std::vector, std::__cxx11::basic_string<char, std::char_traits<char>, std::allocator<char> >, bool, long, unsigned long, double, std::allocator, nlohmann::json_abi_v3_11_3::adl_serializer, std::vector<unsigned char, std::allocator<unsigned char> >, void> const& nlohmann::json_abi_v3_11_3::basic_json<std::map, std::vector, std::__cxx11::basic_string<char, std::char_traits<char>, std::allocator<char> >, bool, long, unsigned long, double, std::allocator, nlohmann::json_abi_v3_11_3::adl_serializer, std::vector<unsigned char, std::allocator<unsigned char> >, void>::at<char const (&) [8], 0>(char const (&) [8]) const
calls=2 2042 
* 594
+1 2
-1 2
+1 2
+1 4
cfi=(210)
cfn=(2152)
calls=2 1148 
* 2964
fi=(210)
1216 2
fe=(238)
190 4
fi=(210)
1222 2
+1 2
-7 2
fe=(238)
190 2
cfi=(251) /workspace/src/config/parsing/FoliageConfig.cpp
cfn=(2840) config::FoliageConfig::FoliageConfig(config::Config const&)
calls=2 6 
* 4376
* 2
fi=(210)
4216 4
fe=(238)
190 14
fi=(210)
4216 2
cfn=(1842)
calls=2 554 
* 4886
2740 6
fi=(212)
745 2
1004 2
1336 6
fe=(238)
171 6
cfi=(210)
cfn=(2760) nlohmann::json_abi_v3_11_3::basic_json<std::map, std::vector, std::__cxx11::basic_string<char, std::char_traits<char>, std::allocator<char> >, bool, long, unsigned long, double, std::allocator, nlohmann::json_abi_v3_11_3::adl_serializer, std::vector<unsigned char, std::allocator<unsigned char> >, void> const& nlohmann::json_abi_v3_11_3::basic_json<std::map, std::vector, std::__cxx11::basic_string<char, std::char_traits<char>, std::allocator<char> >, bool, long, unsigned long, double, std::allocator, nlohmann::json_abi_v3_11_3::adl_serializer, std::vector<unsigned char, std::allocator<unsigned char> >, void>::at<char const (&) [12], 0>(char const (&) [12]) const
calls=2 2042 
* 490
+1 2
-1 2
+1 2
+3 4
cfi=(210)
cfn=(2152)
calls=2 1148 
* 17212
fi=(210)
1216 2
fe=(238)
175 4
fi=(210)
1222 2
+1 2
-7 2
fe=(238)
175 2
cfn=(2774)
calls=2 -97 
* 12038
* 2
fi=(210)
4216 4
fe=(238)
175 18
fi=(210)
4216 2
cfn=(1842)
calls=2 554 
* 22657
2740 6
fi=(212)
745 2
1004 2
1336 8
fe=(238)
148 12
cfi=(210)
cfn=(2230)
calls=4 2042 
* 985
* 12
cfi=(210)
cfn=(2152)
calls=4 1148 
* 8984
fi=(210)
1216 4
fe=(238)
148 8
fi=(210)
1222 4
+1 4
-7 4
fe=(238)
148 4
cfi=(250)
cfn=(2666)
calls=4 18 
* 3058
* 4
fi=(210)
4216 8
fe=(238)
148 12
fi=(210)
4216 4
cfn=(1842)
calls=4 554 
* 13928
2740 12
fi=(212)
745 4
1004 4
1336 8
fi=(247)
567 4
fi=(205)
2097 4
fi=(247)
567 4
fi=(205)
2097 8
fi=(204)
123 12
fe=(238)
+44 6
fi=(204)
-44 12
cfi=(208)
cfn=(2732) void std::vector<config::PlanetConfig::SurfaceNoiseFunction, std::allocator<config::PlanetConfig::SurfaceNoiseFunction> >::_M_realloc_insert<config::Config, int&>(__gnu_cxx::__normal_iterator<config::PlanetConfig::SurfaceNoiseFunction*, std::vector<config::PlanetConfig::SurfaceNoiseFunction, std::allocator<config::PlanetConfig::SurfaceNoiseFunction> > >, config::Config&&, int&)
calls=6 988 
* 16607
* 6
fi=(210)
2740 12
fi=(212)
745 4
1004 4
1336 8
fi=(244)
395 4
fi=(216)
1107 4
fi=(247)
567 8
fe=(238)
201 36

fn=(2286)
265 22
cfi=(184)
cfn=(2288)
calls=2 634 
* 130
* 10
cfi=(184)
cfn=(2288)
calls=2 634 
* 132
* 2
fi=(239)
27 6
fe=(238)
265 2
fi=(239)
27 2
cfi=(184)
cfn=(2288)
calls=2 634 
* 132
* 26
cfi=(208)
cfn=(2294)
calls=2 1904 
* 292
* 16
cfi=(208)
cfn=(2294)
calls=2 1904 
* 196
+14 24
cfi=(208)
cfn=(2294)
calls=2 1904 
* 394
* 14
cfi=(208)
cfn=(2294)
calls=2 1904 
* 330
fi=(240)
+18 6
fi=(239)
246 2
fi=(240)
16 2
+43 2
-21 2
+21 2
-43 2
+22 4
-22 2
fi=(239)
+52 2
fi=(240)
-30 4
fi=(239)
+30 2
fe=(238)
265 2
fi=(240)
38 4
-22 2
+22 6
fi=(208)
+62 2
fi=(239)
246 2
fe=(238)
+19 2
fi=(239)
-19 2
fi=(240)
38 2
fi=(208)
+62 2
fi=(239)
246 2
fi=(208)
100 2
fi=(239)
246 4
cfi=(184)
cfn=(2288)
calls=2 634 
* 364
* 2
fi=(184)
1071 2
fi=(239)
246 4
fi=(259)
120 2
fi=(239)
246 4
fi=(184)
-12 2
fi=(239)
+12 2
fi=(184)
-42 2
fi=(259)
-84 4
fi=(184)
+84 4
fi=(239)
+42 2
fi=(186)
-23 4
fi=(184)
420 4
229 2
fe=(238)
+37 2
fi=(185)
+88 2
fe=(238)
-88 8
cfi=(184)
cfn=(2288)
calls=2 634 
* 126
* 16
cfi=(188)
cfn=(2306)
calls=2 26 
* 613
* 6
cfi=(184)
cfn=(2326)
calls=2 844 
* 86
fi=(184)
795 4
cfn=(2228)
calls=2 234 
* 10
* 4
cfn=(2228)
calls=2 234 
* 10
* 4
cfn=(2228)
calls=2 234 
* 10
204 2
1071 2
234 2
-30 2
fi=(186)
+19 4
fi=(184)
420 4
fi=(185)
+5 4
fi=(184)
229 2
fe=(238)
+38 4
fi=(185)
+87 2
fe=(238)
-87 4
cfi=(184)
cfn=(2288)
calls=2 634 
* 140
* 12
cfi=(188)
cfn=(2306)
calls=2 26 
* 464
* 6
cfi=(184)
cfn=(2326)
calls=2 844 
* 96
fi=(184)
795 4
cfn=(2228)
calls=2 234 
* 10
* 4
cfn=(2228)
calls=2 234 
* 10
* 4
cfn=(2228)
calls=2 234 
* 10
3599 4
+2 8
cfi=(186)
cfn=(2330) std::__cxx11::basic_string<char, std::char_traits<char>, std::allocator<char> >::compare(char const*) const [clone .isra.0]
calls=2 888 
* 134
fe=(238)
268 4
+6 12
cfi=(242)
cfn=(2336)
calls=2 29 
* 588
fi=(241)
104 2
fi=(242)
-75 2
fi=(241)
+71 2
fi=(212)
270 2
fi=(216)
1069 2
fi=(242)
29 2
fi=(241)
+75 4
507 6
cfn=(2364)
calls=2 -35 
* 20
fe=(238)
275 4
fi=(210)
1359 2
fe=(238)
281 2
fi=(210)
1359 2
fe=(238)
281 4
fi=(210)
2740 4
fi=(241)
507 8
cfn=(2364)
calls=2 -35 
* 20
fe=(238)
286 4
fi=(208)
1124 4
fe=(238)
293 6
+1 4
-2 6
+1 12
+1 8
-2 12
+4 12
cfi=(242)
cfn=(2336)
calls=2 29 
* 514
fi=(241)
104 2
fi=(242)
-75 2
fi=(241)
+71 2
fi=(212)
270 2
fi=(216)
1069 2
fi=(242)
29 2
fi=(241)
+75 4
507 6
cfn=(2364)
calls=2 -35 
* 20
fe=(238)
297 4
+1 4
cfi=(241)
cfn=(2318)
calls=2 +30 
* 14
* 4
+2 4
cfi=(241)
cfn=(2368)
calls=2 -20 
* 36
* 6
cfi=(210)
cfn=(2152)
calls=2 1148 
* 5504
fi=(210)
1216 2
fe=(238)
300 2
fi=(210)
1222 2
fe=(238)
300 2
fi=(210)
1223 2
-7 2
fe=(238)
300 2
cfn=(2552)
calls=2 44 
* 4096
* 2
fi=(210)
4216 4
fe=(238)
300 14
fi=(210)
4216 2
cfn=(1842)
calls=2 554 
* 9956
fi=(242)
29 2
fi=(241)
+71 2
fi=(212)
270 2
fi=(216)
1069 2
fi=(241)
100 2
+4 2
fi=(242)
-75 2
fi=(241)
+75 4
507 8
cfn=(2364)
calls=2 -35 
* 20
fe=(238)
305 8
cfi=(241)
cfn=(2318)
calls=2 +23 
* 14
* 4
fi=(208)
988 2
fe=(238)
322 4
fi=(374) /usr/include/c++/12/bits/charconv.h
95 2
-33 2
fe=(238)
322 4
fi=(208)
988 4
fe=(238)
322 4
fi=(208)
988 4
fe=(238)
322 4
fi=(208)
988 12
fe=(238)
322 8
+1 8
fi=(185)
425 4
fi=(184)
234 4
fe=(238)
+90 6
cfi=(239)
cfn=(2934)
calls=2 -59 
* 11039
fi=(208)
+43 2
+19 4
-19 4
fi=(206)
158 2
cob=(7)
cfi=(152)
cfn=(1866)
calls=2 0 
* 188
* 2
fi=(216)
1073 4
fe=(238)
326 4
fi=(258)
72 4
fi=(216)
1073 4
fe=(238)
327 2
fi=(239)
166 2
fe=(238)
328 4
fi=(216)
1073 4
fe=(238)
327 2
fi=(239)
166 2
fe=(238)
328 8
+1 4
fi=(216)
1107 4
fe=(238)
328 8
+1 2
fi=(216)
1107 2
fe=(238)
328 4
fi=(239)
166 12
fe=(238)
330 2
+1 2
fi=(247)
567 2
fe=(238)
331 4
-1 2
+1 2
fi=(247)
567 2
fe=(238)
331 8
+1 4
fi=(205)
230 4
+5 8
fi=(185)
372 8
+13 20
cob=(3)
cfi=(175)
cfn=(1260)
calls=4 80 
* 72
* 4
fi=(186)
896 20
fi=(239)
261 8
fe=(238)
+71 4
-1 8
+4 8
fi=(258)
72 4
fe=(238)
335 4
fi=(216)
1107 4
fe=(238)
326 8
fi=(242)
29 2
fi=(241)
+71 2
fi=(212)
270 2
fi=(216)
1069 2
fi=(241)
100 2
+4 2
fi=(242)
-75 2
fi=(241)
+75 4
507 6
cfn=(2364)
calls=2 -35 
* 20
fe=(238)
341 4
+21 16
fi=(258)
72 6
fi=(239)
+94 6
fi=(185)
431 6
cob=(3)
cfi=(187)
cfn=(1644)
calls=2 264 
* 28
* 2
fi=(184)
234 2
fi=(185)
431 8
cob=(3)
cfi=(187)
cfn=(1644)
calls=2 264 
* 34
* 2
fi=(184)
234 2
fi=(185)
431 2
fi=(241)
249 2
fi=(185)
385 2
fi=(184)
485 2
fi=(241)
249 2
fi=(212)
745 2
1004 2
fi=(241)
249 2
fi=(212)
754 2
1336 8
fi=(185)
372 4
+13 6
cob=(3)
cfi=(175)
cfn=(1260)
calls=2 80 
* 44
* 2
fi=(186)
896 4
fi=(185)
+94 4
fi=(212)
783 4
1340 4
-4 8
fi=(218)
59 16
fi=(205)
235 16
fi=(185)
385 18
cob=(3)
cfi=(175)
cfn=(1260)
calls=6 80 
* 133
* 6
fi=(186)
896 12
fi=(185)
+94 12
fi=(212)
792 4
1336 8
-30 6
fi=(235)
608 8
cfi=(184)
cfn=(2352)
calls=2 3627 
* 148
fi=(212)
1306 4
fi=(241)
100 2
fi=(210)
2703 2
fi=(216)
1069 2
fi=(241)
100 2
fi=(242)
-71 4
fi=(241)
249 2
+1 2
fi=(210)
2740 4
fi=(212)
745 2
1004 2
1336 4
fi=(184)
487 2
fi=(212)
1004 2
fi=(184)
487 8
fi=(185)
372 4
+13 6
cob=(3)
cfi=(175)
cfn=(1260)
calls=2 80 
* 36
* 2
fi=(186)
896 4
fi=(185)
+94 4
fi=(212)
783 6
1340 6
-4 12
fi=(218)
59 16
fi=(205)
235 16
fi=(185)
385 18
cob=(3)
cfi=(175)
cfn=(1260)
calls=6 80 
* 126
* 6
fi=(186)
896 12
fi=(185)
+94 12
fi=(212)
792 2
1336 4
-30 10
fi=(235)
608 12
cfi=(184)
cfn=(2352)
calls=2 3627 
* 140
fi=(212)
1306 6
745 2
1004 2
fi=(241)
249 2
fi=(212)
754 2
1336 14
+4 2
-4 4
fi=(235)
608 32
cfi=(184)
cfn=(2352)
calls=8 3627 
* 530
fi=(212)
784 8
+8 8
1337 16
+6 6
-7 12
-30 8
fi=(235)
608 10
cfi=(184)
cfn=(2352)
calls=2 3627 
* 140
fi=(212)
1306 6
fi=(241)
100 2
fi=(210)
2703 2
fi=(216)
1069 2
fi=(241)
100 2
fi=(242)
-71 4
fi=(241)
249 2
+1 2
fi=(212)
1004 8
fi=(241)
249 2
+1 2
fi=(212)
1004 8
fi=(241)
249 2
+1 2
fe=(238)
+26 4
cfi=(241)
cfn=(2318)
calls=2 +52 
* 14
* 4
+2 4
cfi=(241)
cfn=(2368)
calls=2 +2 
* 36
* 6
cfi=(210)
cfn=(2152)
calls=2 1148 
* 11589
fi=(210)
1216 2
fe=(238)
278 2
fi=(210)
1222 2
fe=(238)
278 2
fi=(210)
1223 2
-7 2
fe=(238)
278 2
cfn=(2372)
calls=2 32 
* 11665
fi=(239)
31 2
fi=(208)
+84 4
fi=(239)
-84 2
fi=(208)
+86 2
fi=(239)
-86 8
fi=(208)
+84 2
fi=(239)
-84 4
fi=(208)
+86 2
-2 2
+2 4
-2 2
386 4
-19 2
fi=(206)
158 2
cob=(7)
cfi=(152)
cfn=(1866)
calls=2 0 
* 209
* 2
fi=(208)
-43 2
+2 2
-2 2
+2 2
-2 2
+2 2
-2 2
+2 2
-2 2
386 4
-19 2
fi=(206)
158 2
cob=(7)
cfi=(152)
cfn=(1866)
calls=2 0 
* 228
* 2
fi=(208)
733 4
cfn=(2442)
calls=2 367 
* 8
* 4
cfn=(2442)
calls=2 367 
* 8
fi=(210)
4216 6
cfn=(1842)
calls=2 554 
* 16973
554 2
fe=(238)
286 4
cfi=(241)
cfn=(2318)
calls=2 +42 
* 14
* 4
+2 4
cfi=(241)
cfn=(2368)
calls=2 -8 
* 36
* 8
cfi=(210)
cfn=(2152)
calls=2 1148 
* 9180
fi=(210)
1216 2
fe=(238)
289 4
fi=(210)
1216 2
fe=(238)
289 2
cfn=(2508)
calls=2 6 
* 10590
fi=(239)
19 4
fi=(208)
766 4
fi=(239)
19 2
cfi=(184)
cfn=(2326)
calls=2 844 
* 96
fi=(208)
766 4
fi=(239)
19 4
fi=(208)
766 2
cfn=(2544) std::vector<double, std::allocator<double> >::_M_move_assign(std::vector<double, std::allocator<double> >&&, std::integral_constant<bool, true>) [clone .isra.0]
calls=2 115 
* 241
* 4
fi=(239)
19 4
fi=(208)
766 2
cfn=(2544)
calls=2 115 
* 260
-33 4
cfn=(2442)
calls=2 367 
* 8
* 4
cfn=(2442)
calls=2 367 
* 8
fi=(184)
+62 4
cfn=(2228)
calls=2 234 
* 10
fi=(210)
4216 6
cfn=(1842)
calls=2 554 
* 15280
fe=(238)
292 2
fi=(241)
-43 6
fi=(212)
745 2
1004 2
fi=(241)
249 2
fi=(212)
754 2
1336 6
+4 2
-4 4
fi=(235)
608 32
cfi=(184)
cfn=(2352)
calls=8 3627 
* 530
fi=(212)
784 8
+8 8
1337 16
+6 6
-7 12
-30 4
fi=(235)
608 8
cfi=(184)
cfn=(2352)
calls=2 3627 
* 140
fi=(212)
1306 4
fi=(241)
100 2
fi=(210)
2703 2
fi=(216)
1069 2
fi=(241)
100 2
fi=(242)
-71 4
fi=(241)
249 2
+1 2
fe=(238)
+33 6
cfi=(210)
cfn=(2230)
calls=2 2042 
* 488
* 6
cfi=(210)
cfn=(2152)
calls=2 1148 
* 22920
fi=(210)
1216 2
fe=(238)
283 2
fi=(210)
1222 2
fe=(238)
283 4
fi=(210)
1223 2
-7 2
fe=(238)
283 2
cfi=(245)
cfn=(2450) config::LightingConfig::LightingConfig(config::Config const&, double)
calls=2 34 
* 44888
* 2
fi=(210)
4216 4
fe=(238)
283 22
fi=(210)
4216 2
cfn=(1842)
calls=2 554 
* 30325
fi=(241)
104 2
fi=(212)
270 2
fi=(216)
1069 2
fi=(241)
104 2
-4 2
fi=(242)
-71 4
fi=(241)
+75 10
fe=(238)
342 4
cfi=(241)
cfn=(2318)
calls=2 -14 
* 14
* 4
+3 4
cfi=(241)
cfn=(2368)
calls=2 -65 
* 36
* 8
cfi=(210)
cfn=(2152)
calls=2 1148 
* 4952
fi=(210)
1216 2
fe=(238)
346 4
fi=(210)
1216 2
fe=(238)
346 2
cfn=(3020)
calls=2 210 
* 10149
fi=(239)
233 12
cfi=(184)
cfn=(2326)
calls=2 844 
* 58
* 2
fi=(184)
795 2
fi=(239)
233 34
fi=(184)
795 2
cfn=(2228)
calls=2 234 
* 206
3601 8
cfi=(186)
cfn=(2330)
calls=2 888 
* 140
fe=(238)
357 4
-9 2
-1 4
fi=(208)
988 2
fe=(238)
349 2
fi=(208)
988 8
fe=(238)
348 4
+2 2
fi=(247)
567 2
fe=(238)
349 2
fi=(247)
567 4
fe=(238)
349 4
+1 6
+1 4
fi=(247)
567 4
fe=(238)
351 4
+2 2
fi=(247)
567 4
fe=(238)
352 4
+1 6
+1 2
fi=(247)
567 4
fe=(238)
353 4
+1 6
+1 4
+1 2
fi=(247)
567 2
fe=(238)
355 4
+1 4
+1 4
fi=(210)
4216 6
cfn=(1842)
calls=2 554 
* 9546
* 2
fi=(241)
740 4
cfn=(2368)
calls=2 280 
* 36
100 2
740 2
104 2
fi=(242)
-75 2
fi=(212)
270 2
fi=(216)
1069 2
fi=(242)
29 2
fi=(241)
+75 8
fi=(216)
1073 2
fi=(241)
211 2
100 2
fi=(212)
270 2
fi=(241)
-59 2
fi=(242)
29 2
fi=(241)
+85 2
fi=(210)
2812 4
cfi=(241)
cfn=(2608)
calls=2 245 
* 20
fe=(238)
310 4
fi=(241)
507 6
cfn=(2364)
calls=2 -35 
* 24
* 12
cfn=(2364)
calls=4 -35 
* 48
fe=(238)
307 20
cfi=(241)
cfn=(2368)
calls=4 -27 
* 56
+2 4
-2 4
+2 8
cfi=(210)
cfn=(2152)
calls=4 1148 
* 197676
fi=(210)
1216 4
fe=(238)
310 8
fi=(210)
1216 4
fe=(238)
310 4
cfn=(2612)
calls=4 127 
* 460573
fi=(204)
114 12
fe=(238)
310 8
cfi=(239)
cfn=(2928)
calls=4 72 
* 136
fi=(210)
4216 12
cfn=(1842)
calls=4 554 
* 231910
fi=(241)
381 20
fi=(216)
1107 4
fi=(375) /usr/include/c++/12/bits/stl_iterator_base_funcs.h
195 4
fi=(204)
439 4
fi=(208)
988 8
1893 4
988 16
1893 8
fi=(205)
259 20
fi=(208)
378 8
fi=(207)
97 4
fi=(204)
462 8
fi=(207)
97 4
cfi=(239)
cfn=(2918)
calls=4 -25 
* 716
fi=(213)
1091 14
-1 12
fi=(207)
97 6
cfi=(239)
cfn=(2918)
calls=2 -25 
* 358
fi=(208)
367 2
+19 4
730 4
fi=(207)
162 4
fi=(208)
386 4
-19 2
+19 4
-19 2
+19 4
fi=(184)
234 2
+51 6
-51 2
+51 6
fi=(208)
+82 2
+19 4
fi=(213)
1091 8
fi=(204)
477 10
fi=(208)
-91 8
fi=(204)
514 2
fi=(206)
158 4
fi=(204)
514 2
fi=(206)
158 2
cob=(7)
cfi=(152)
cfn=(1866)
calls=2 0 
* 188
* 2
* 4
fi=(204)
515 2
+2 2
-1 2
+1 4
-2 2
+2 2
-1 2
+1 4
fi=(184)
234 4
fi=(206)
-97 8
cob=(7)
cfi=(152)
cfn=(1638)
calls=4 0 
* 102364
* 4
fi=(204)
517 4
-40 4
+40 8
fi=(208)
1897 12
fi=(206)
137 8
fe=(238)

fn=(2554)
45 28
fi=(210)
2740 4
fe=(238)
45 8
fi=(210)
2740 4
fe=(238)
56 32
fi=(210)
2740 4
fi=(212)
1003 4
745 4
1004 8
1336 8
fi=(185)
395 4
fi=(235)
608 4
fi=(184)
485 4
fi=(185)
-90 4
cob=(3)
cfi=(174)
cfn=(1256)
calls=4 65 
* 52
* 4
* 8
-10 20
cob=(3)
cfi=(175)
cfn=(1260)
calls=10 80 
* 215
* 10
fi=(186)
896 20
fi=(185)
+94 12
fi=(212)
783 4
1340 4
-4 8
fi=(218)
59 10
fi=(185)
395 40
-23 20
fi=(184)
483 8
+2 8
+2 12
+3 4
fi=(185)
990 8
fi=(212)
792 6
1336 12
-30 8
fi=(235)
608 16
cfi=(184)
cfn=(2352)
calls=4 3627 
* 284
fi=(212)
1306 8
fe=(238)
47 12
cfi=(210)
cfn=(2570)
calls=4 2042 
* 929
+1 4
-1 4
+1 4
fi=(210)
2945 4
fi=(208)
988 20
fe=(238)
48 8
fi=(241)
255 4
100 4
fi=(242)
-71 8
fi=(212)
270 4
fi=(241)
151 4
fi=(242)
29 4
fi=(241)
255 4
fi=(205)
2050 32
fi=(243)
123 12
fi=(244)
395 12
fi=(241)
151 48
fi=(244)
395 12
cfi=(241)
cfn=(2368)
calls=12 280 
* 168
* 12
fi=(210)
1331 48
1609 12
fi=(243)
123 24
cfn=(2402)
calls=12 -72 
* 204
fi=(210)
1611 12
fe=(238)
50 12
fi=(247)
567 12
fe=(238)
50 24
fi=(241)
381 60
fi=(248)
+75 8
fi=(205)
2052 16
fi=(248)
456 4
cfi=(241)
cfn=(2364)
calls=4 +16 
* 48
fe=(238)
48 8
+1 4
+6 12
cfi=(210)
cfn=(2596)
calls=4 2106 
* 64
* 24
cfi=(210)
cfn=(2596)
calls=8 2106 
* 128
fi=(243)
+68 12
fi=(210)
1609 12
fe=(238)
55 12
fi=(243)
+68 12
cfn=(2402)
calls=12 -72 
* 204
fi=(210)
1611 12
fe=(238)
55 64
fi=(216)
1107 12
fi=(241)
469 12
fe=(238)

fl=(186)
fn=(2330)
888 8
fi=(185)
395 4
fe=(186)
888 24
fi=(185)
395 4
cob=(3)
cfi=(174)
cfn=(1256)
calls=4 65 
* 52
* 4
* 16
-23 8
+13 12
cob=(3)
cfi=(175)
cfn=(1260)
calls=4 80 
* 78
* 4
fe=(186)
896 8
fi=(184)
483 4
+3 4
-1 8
+5 12
fe=(186)
899 24

fl=(188)
fn=(2408)
58 66
fi=(242)
-29 22
fe=(188)
+29 154
fi=(241)
+46 22
-4 22
fi=(212)
270 22
fi=(216)
1069 22
fi=(242)
29 22
fi=(241)
+75 44
507 110
cfn=(2364)
calls=22 -35 
* 220
fe=(188)
60 44
fi=(208)
+47 4
-1 4
+2 12
-1 4
-1 4
fe=(188)
-35 198
fi=(210)
2671 22
fi=(214)
1218 44
fi=(212)
1004 22
fi=(214)
1218 22
cfi=(212)
cfn=(2310)
calls=22 2528 
* 4320
fi=(241)
100 22
fi=(210)
2671 22
fi=(216)
1069 22
fi=(242)
29 22
fi=(212)
1004 22
fi=(241)
250 22
740 36
cfn=(2368)
calls=18 280 
* 324
fe=(188)
62 36
fi=(241)
740 36
cfn=(2368)
calls=18 280 
* 324
100 18
740 18
104 18
fi=(242)
-75 18
fi=(212)
270 18
fi=(216)
1069 18
fi=(242)
29 18
fi=(241)
+75 72
211 18
100 18
fi=(212)
270 18
fi=(241)
-59 18
+44 18
fi=(242)
29 18
fi=(241)
211 18
+44 18
fe=(188)
63 90
fi=(241)
507 54
cfn=(2364)
calls=18 -35 
* 216
* 162
cfn=(2364)
calls=54 -35 
* 648
fe=(188)
64 252
cfi=(241)
cfn=(2368)
calls=54 280 
* 756
* 54
fi=(243)
+59 54
fi=(210)
1609 54
fi=(243)
123 54
cfn=(2402)
calls=54 -72 
* 930
fi=(210)
1611 108
fi=(204)
114 108
fi=(241)
381 270
fi=(216)
1107 54
fi=(375)
195 54
fi=(208)
988 162
1893 54
988 108
1893 108
fi=(205)
259 270
fi=(208)
378 108
fi=(207)
97 108
fi=(204)
477 54
fi=(207)
97 54
fi=(213)
1105 108
fi=(208)
386 36
fi=(204)
515 54
+2 108
fi=(208)
106 36
+1 18
-1 36
fi=(213)
1117 144
cob=(3)
cfi=(187)
cfn=(1644)
calls=36 264 
* 396
* 36
* 72
fi=(204)
514 180
fi=(206)
158 36
cob=(7)
cfi=(152)
cfn=(1866)
calls=36 0 
* 3615
* 36
* 108
fi=(208)
1897 162
fi=(206)
137 162
cob=(7)
cfi=(152)
cfn=(1638)
calls=54 0 
* 4850
* 54
* 54
fi=(204)
517 108
fe=(188)

fn=(1646)
6 1
fi=(376) /usr/include/c++/12/bits/basic_ios.h
462 1
fe=(188)
6 7
fi=(376)
462 1
fe=(188)
6 1
fi=(376)
462 3
cob=(7)
cfi=(152)
cfn=(1464) std::ios_base::ios_base()
calls=1 0 
* 84
cob=(1)
cfi=(141)
cfn=(520)
calls=1 76 
* 765
* 5
fi=(189) /usr/include/c++/12/istream
607 1
fi=(376)
461 1
fi=(189)
608 1
fi=(376)
462 1
-1 1
fi=(189)
607 1
fi=(376)
462 2
fi=(189)
607 1
fi=(376)
462 1
-1 1
fi=(189)
607 3
+1 3
cob=(7)
cfi=(152)
cfn=(1470) std::basic_ios<char, std::char_traits<char> >::init(std::basic_streambuf<char, std::char_traits<char> >*)
calls=1 0 
* 924
cob=(1)
cfi=(141)
cfn=(520)
calls=1 76 
* 1173
* 5
fi=(190) /usr/include/c++/12/fstream
-39 7
cob=(7)
cfi=(152)
cfn=(1664) std::basic_filebuf<char, std::char_traits<char> >::basic_filebuf()
calls=1 0 
* 3028
cob=(1)
cfi=(141)
cfn=(520)
calls=1 76 
* 1000
* 5
+2 3
cob=(7)
cfi=(152)
cfn=(1470)
calls=1 0 
* 924
* 1
337 4
cob=(7)
cfi=(152)
cfn=(1688) std::basic_filebuf<char, std::char_traits<char> >::open(char const*, std::_Ios_Openmode)
calls=1 0 
* 4917
cob=(1)
cfi=(141)
cfn=(520)
calls=1 76 
* 1140
* 5
705 3
-1 2
+5 2
cob=(7)
cfi=(152)
cfn=(1760) std::basic_ios<char, std::char_traits<char> >::clear(std::_Ios_Iostate)
calls=1 0 
* 7
cob=(1)
cfi=(141)
cfn=(520)
calls=1 76 
* 1079
* 5
271 4
cob=(7)
cfi=(152)
cfn=(1694) std::__basic_file<char>::is_open() const
calls=1 0 
* 4
cob=(1)
cfi=(141)
cfn=(520)
calls=1 76 
* 888
* 5
fe=(188)
8 2
fi=(198)
+92 1
fi=(231) /usr/include/c++/12/bits/std_function.h
376 1
fi=(210)
4197 1
fi=(184)
204 1
fi=(231)
376 1
fi=(210)
507 1
fi=(231)
376 1
fi=(376)
-54 1
fi=(231)
+83 1
fi=(376)
-83 1
fi=(231)
+65 1
fi=(200)
127 1
fi=(231)
376 1
fi=(198)
109 1
fi=(200)
+18 1
fi=(231)
405 2
-18 2
fi=(209) /workspace/build/_deps/nlohmann_json-src/include/nlohmann/detail/input/parser.hpp
77 1
fi=(198)
+32 1
fi=(200)
+17 1
+1 3
fi=(208)
-27 1
fi=(184)
204 1
+25 1
fi=(185)
354 1
fi=(200)
127 5
fi=(208)
-27 1
fi=(200)
+46 1
cob=(3)
cfi=(199)
cfn=(1772)
calls=1 28 
* 106
cob=(1)
cfi=(141)
cfn=(520)
calls=1 -70 
* 834
* 5
+2 3
-21 2
fi=(209)
475 2
77 1
475 2
cfi=(200)
cfn=(1776)
calls=1 1510 
* 3536
* 1
fi=(231)
243 3
fi=(210)
4145 6
cfi=(209)
cfn=(1828) nlohmann::json_abi_v3_11_3::detail::parser<nlohmann::json_abi_v3_11_3::basic_json<std::map, std::vector, std::__cxx11::basic_string<char, std::char_traits<char>, std::allocator<char> >, bool, long, unsigned long, double, std::allocator, nlohmann::json_abi_v3_11_3::adl_serializer, std::vector<unsigned char, std::allocator<unsigned char> >, void>, nlohmann::json_abi_v3_11_3::detail::input_stream_adapter>::parse(bool, nlohmann::json_abi_v3_11_3::basic_json<std::map, std::vector, std::__cxx11::basic_string<char, std::char_traits<char>, std::allocator<char> >, bool, long, unsigned long, double, std::allocator, nlohmann::json_abi_v3_11_3::adl_serializer, std::vector<unsigned char, std::allocator<unsigned char> >, void>&)
calls=1 93 
* 2667242
fi=(184)
234 1
+51 2
+7 2
fi=(206)
158 1
cob=(7)
cfi=(152)
cfn=(1866)
calls=1 0 
* 94
* 1
fi=(208)
367 1
+19 2
-19 2
fi=(206)
158 1
cob=(7)
cfi=(152)
cfn=(1866)
calls=1 0 
* 94
* 1
fi=(198)
-65 3
+2 2
fi=(373)
+72 2
fi=(198)
-72 1
cob=(7)
cfi=(152)
cfn=(1760)
calls=1 -95 
* 7
* 1
fi=(231)
243 6
fi=(210)
1216 2
fi=(190)
254 1
fi=(210)
1216 1
fi=(190)
605 4
257 2
-3 1
cob=(7)
cfi=(152)
cfn=(2070) std::basic_filebuf<char, std::char_traits<char> >::close()
calls=1 0 
* 4183
cob=(1)
cfi=(141)
cfn=(520)
calls=1 76 
* 1044
* 5
+3 2
cob=(7)
cfi=(152)
cfn=(2126) std::__basic_file<char>::~__basic_file()
calls=1 0 
* 17
cob=(1)
cfi=(141)
cfn=(520)
calls=1 76 
* 828
* 5
fi=(201)
-54 4
cob=(7)
cfi=(152)
cfn=(1488) std::locale::~locale()
calls=1 0 
* 8
cob=(1)
cfi=(141)
cfn=(520)
calls=1 76 
* 808
* 5
fi=(189)
-99 1
fi=(376)
282 1
fi=(189)
104 3
fi=(376)
282 1
fi=(189)
104 1
fi=(376)
282 1
cob=(7)
cfi=(152)
cfn=(2138) std::ios_base::~ios_base()
calls=1 0 
* 1678
cob=(1)
cfi=(141)
cfn=(520)
calls=1 76 
* 773
* 5
fe=(188)
15 9

fn=(2306)
26 88
fi=(184)
241 22
fe=(188)
26 110
fi=(241)
+78 22
-4 22
fi=(242)
-71 22
fi=(212)
270 22
fi=(216)
1069 22
fi=(242)
29 22
fi=(241)
+75 44
fi=(210)
2671 22
fi=(214)
1218 44
fi=(212)
1004 22
fi=(214)
1218 22
cfi=(212)
cfn=(2310)
calls=22 2528 
* 4412
fi=(210)
2671 22
fe=(188)
28 44
+1 44
cfi=(241)
cfn=(2318)
calls=22 328 
* 154
fi=(185)
354 22
fi=(243)
96 22
fi=(184)
204 22
fe=(188)
29 22
fi=(184)
229 22
fi=(243)
96 22
fi=(210)
1448 22
fi=(186)
276 44
fi=(184)
1071 22
fi=(186)
281 44
+9 40
fi=(184)
-56 20
420 40
fe=(188)
32 176
fi=(186)
139 4
+6 4
fi=(206)
-8 2
cob=(7)
cfi=(152)
cfn=(1638)
calls=2 0 
* 108
* 2
* 2
fi=(186)
285 4
cfi=(184)
cfn=(2228)
calls=2 -51 
* 10
fi=(184)
-61 2
+37 2
-27 2
fi=(185)
431 6
cob=(3)
cfi=(187)
cfn=(1644)
calls=2 264 
* 20
* 2
* 60
cob=(3)
cfi=(187)
cfn=(1644)
calls=20 264 
* 282
* 20
fi=(184)
234 22
-5 22
fi=(185)
354 44
fi=(186)
147 2
+8 4
fe=(188)

fl=(240)
fn=(2708) config::ReflectionConfig::validate() const
81 4
fi=(247)
567 4
fe=(240)
82 4
fi=(247)
567 8
fe=(240)
82 8
-1 20
fi=(208)
988 16
fe=(240)
81 8
fi=(244)
395 4
fi=(247)
567 8
fe=(240)
83 28
fi=(244)
395 4
fi=(216)
1107 4
fi=(247)
567 8
fe=(240)
83 24
fi=(244)
395 4
fi=(216)
1107 4
fi=(247)
567 4
fe=(240)
83 28

fl=(161)
fn=(1062)
0 11
cob=(3)
cfi=(162)
cfn=(1064)
calls=1 242 
0 7472249178

fn=(1070)
0 12

fn=(4154)
0 9
cob=(2)
cfi=(52)
cfn=(4160) 0x000000000010c630
calls=1 0 
0 134
0 1
cfn=(4170) 0x00000000000096f0
calls=1 0 
0 5
0 3

fn=(4170)
0 5

fl=(251)
fn=(2840)
6 2
+1 2
-1 18
fi=(184)
200 4
fi=(185)
431 2
fe=(251)
6 4
+1 2
-1 8
+1 2
fi=(184)
200 2
fi=(185)
431 2
fi=(184)
229 2
fi=(185)
354 2
fe=(251)
7 2
cfi=(242)
cfn=(2376)
calls=2 +22 
* 477
fi=(184)
234 2
fe=(251)
7 2
fi=(184)
285 4
fe=(251)
8 6
fi=(184)
200 2
fi=(185)
431 2
-77 2
+77 6
fi=(184)
229 2
fe=(251)
8 2
cfi=(242)
cfn=(2394)
calls=2 +21 
* 410
fi=(184)
234 2
fe=(251)
8 2
fi=(184)
285 4
fe=(251)
9 6
fi=(184)
200 2
fi=(185)
431 2
-77 2
+77 2
fi=(184)
229 2
fe=(251)
9 2
cfi=(242)
cfn=(2394)
calls=2 +20 
* 556
fi=(184)
234 2
fe=(251)
9 2
fi=(184)
285 4
fe=(251)
10 6
fi=(184)
200 2
fi=(185)
431 2
fi=(184)
229 2
fi=(185)
431 2
-77 2
fe=(251)
10 2
cfi=(242)
cfn=(2394)
calls=2 +19 
* 552
fi=(184)
234 2
fe=(251)
10 2
fi=(184)
285 4
fe=(251)
11 6
fi=(184)
200 2
fi=(185)
431 2
-77 2
+77 6
fi=(184)
229 2
fe=(251)
11 2
cfi=(242)
cfn=(2394)
calls=2 +18 
* 477
fi=(184)
234 2
fe=(251)
11 2
fi=(184)
285 4
fe=(251)
12 6
fi=(184)
200 2
fi=(185)
431 2
-77 2
+77 6
fi=(184)
229 2
fe=(251)
12 2
cfi=(242)
cfn=(2394)
calls=2 +17 
* 476
fi=(184)
234 2
fe=(251)
12 2
fi=(184)
285 4
fe=(251)
13 6
fi=(184)
200 2
fi=(185)
431 2
-77 2
+77 6
fi=(184)
229 2
fe=(251)
13 2
cfi=(242)
cfn=(2386)
calls=2 +16 
* 524
fi=(184)
234 2
fe=(251)
13 2
fi=(184)
285 4
fe=(251)
14 6
fi=(184)
200 2
fi=(185)
431 2
fi=(184)
229 2
fi=(185)
354 2
fe=(251)
14 2
cfi=(242)
cfn=(2386)
calls=2 +15 
* 524
fi=(184)
234 2
fe=(251)
14 2
fi=(184)
285 4
fi=(252)
20 2
fi=(247)
567 2
fi=(252)
25 2
fi=(247)
567 4
fi=(252)
25 4
-5 10
+1 2
fi=(247)
567 4
fi=(252)
20 4
+1 10
+1 2
fi=(247)
567 4
fi=(252)
21 4
+1 10
+1 2
fi=(247)
567 4
fi=(252)
22 4
+1 10
+1 2
fi=(247)
567 2
fi=(252)
23 4
+1 10
+1 8
fe=(251)
-9 12

fl=(214)
fn=(1900) std::map<std::__cxx11::basic_string<char, std::char_traits<char>, std::allocator<char> >, nlohmann::json_abi_v3_11_3::basic_json<std::map, std::vector, std::__cxx11::basic_string<char, std::char_traits<char>, std::allocator<char> >, bool, long, unsigned long, double, std::allocator, nlohmann::json_abi_v3_11_3::adl_serializer, std::vector<unsigned char, std::allocator<unsigned char> >, void>, std::less<void>, std::allocator<std::pair<std::__cxx11::basic_string<char, std::char_traits<char>, std::allocator<char> > const, nlohmann::json_abi_v3_11_3::basic_json<std::map, std::vector, std::__cxx11::basic_string<char, std::char_traits<char>, std::allocator<char> >, bool, long, unsigned long, double, std::allocator, nlohmann::json_abi_v3_11_3::adl_serializer, std::vector<unsigned char, std::allocator<unsigned char> >, void> > > >::operator[](std::__cxx11::basic_string<char, std::char_traits<char>, std::allocator<char> > const&)
502 2430
fi=(212)
750 405
fe=(214)
502 405
fi=(212)
735 405
fe=(214)
502 810
fi=(212)
750 405
1950 1512
fi=(184)
485 702
fi=(185)
385 1794
cob=(3)
cfi=(175)
cfn=(1260)
calls=897 80 
* 19577
cob=(1)
cfi=(141)
cfn=(520)
calls=1 76 
* 780
* 901
fi=(184)
3149 1794
fi=(185)
990 1794
fi=(212)
779 337
1952 337
-2 674
fi=(218)
59 897
fi=(184)
3142 3588
fi=(185)
372 1794
fi=(212)
788 560
1950 1120
fe=(214)
509 702
fi=(218)
59 212
fi=(184)
3142 848
fi=(185)
372 424
+13 424
cob=(3)
cfi=(175)
cfn=(1260)
calls=212 80 
* 4648
* 212
fi=(184)
3149 424
fe=(214)
518 405
-1 405
+1 2835
fi=(185)
990 424
fi=(206)
137 1215
cob=(7)
cfi=(152)
cfn=(1638)
calls=405 0 
* 76140
* 405
fi=(184)
241 405
fi=(206)
137 405
fi=(301) /usr/include/c++/12/tuple
1817 405
fi=(184)
204 405
+30 405
1071 405
234 405
fi=(186)
-11 810
fi=(184)
420 570
fi=(185)
+5 570
fi=(184)
229 405
fi=(212)
2462 1215
fi=(185)
354 405
fi=(210)
4198 405
507 405
fi=(212)
2462 405
cfn=(1910) std::_Rb_tree<std::__cxx11::basic_string<char, std::char_traits<char>, std::allocator<char> >, std::pair<std::__cxx11::basic_string<char, std::char_traits<char>, std::allocator<char> > const, nlohmann::json_abi_v3_11_3::basic_json<std::map, std::vector, std::__cxx11::basic_string<char, std::char_traits<char>, std::allocator<char> >, bool, long, unsigned long, double, std::allocator, nlohmann::json_abi_v3_11_3::adl_serializer, std::vector<unsigned char, std::allocator<unsigned char> >, void> >, std::_Select1st<std::pair<std::__cxx11::basic_string<char, std::char_traits<char>, std::allocator<char> > const, nlohmann::json_abi_v3_11_3::basic_json<std::map, std::vector, std::__cxx11::basic_string<char, std::char_traits<char>, std::allocator<char> >, bool, long, unsigned long, double, std::allocator, nlohmann::json_abi_v3_11_3::adl_serializer, std::vector<unsigned char, std::allocator<unsigned char> >, void> > >, std::less<void>, std::allocator<std::pair<std::__cxx11::basic_string<char, std::char_traits<char>, std::allocator<char> > const, nlohmann::json_abi_v3_11_3::basic_json<std::map, std::vector, std::__cxx11::basic_string<char, std::char_traits<char>, std::allocator<char> >, bool, long, unsigned long, double, std::allocator, nlohmann::json_abi_v3_11_3::adl_serializer, std::vector<unsigned char, std::allocator<unsigned char> >, void> > > >::_M_get_insert_hint_unique_pos(std::_Rb_tree_const_iterator<std::pair<std::__cxx11::basic_string<char, std::char_traits<char>, std::allocator<char> > const, nlohmann::json_abi_v3_11_3::basic_json<std::map, std::vector, std::__cxx11::basic_string<char, std::char_traits<char>, std::allocator<char> >, bool, long, unsigned long, double, std::allocator, nlohmann::json_abi_v3_11_3::adl_serializer, std::vector<unsigned char, std::allocator<unsigned char> >, void> > >, std::__cxx11::basic_string<char, std::char_traits<char>, std::allocator<char> > const&)
calls=405 2209 
* 34927
* 810
+1 810
-83 1536
+4 768
cob=(7)
cfi=(152)
cfn=(1920) std::_Rb_tree_insert_and_rebalance(bool, std::_Rb_tree_node_base*, std::_Rb_tree_node_base*, std::_Rb_tree_node_base&)
calls=192 0 
* 6733
cob=(1)
cfi=(141)
cfn=(520)
calls=1 76 
* 1146
* 196
* 852
cob=(7)
cfi=(152)
cfn=(1920)
calls=213 0 
* 9358
* 213
+2 810
1639 405
fi=(186)
139 240
fi=(206)
-19 360
+17 120
cob=(7)
cfi=(152)
cfn=(1638)
calls=120 0 
* 20818
* 120
fi=(184)
+87 120
fi=(206)
-87 120
fi=(184)
261 120
fi=(185)
431 360
cob=(3)
cfi=(187)
cfn=(1644)
calls=120 264 
* 1201
* 120
* 855
cob=(3)
cfi=(187)
cfn=(1644)
calls=285 264 
* 3655
* 285
fi=(184)
234 405
fi=(185)
431 405
fi=(212)
750 108
fi=(218)
59 426
fi=(184)
3142 639
fi=(185)
372 426
+13 639
cob=(3)
cfi=(175)
cfn=(1260)
calls=213 80 
* 4507
* 213
* 213
fi=(184)
3149 426
fi=(185)
990 426
fi=(184)
234 570
fe=(214)

fl=(265)
fn=(3138)
18 180
cob=(4)
cfi=(266)
cfn=(3144)
calls=18 +19 
* 1430
cob=(1)
cfi=(141)
cfn=(520)
calls=1 +58 
* 669
* 22
fi=(267)
712 18
-1 18
+2 126
fi=(272)
53 18
fi=(267)
713 36
fi=(272)
53 18
fi=(268)
+83 54
+2 36
fe=(265)
30 18
fi=(269)
868 18
fe=(265)
46 18
fi=(268)
+92 18
fe=(265)
25 18
fi=(268)
138 18
fe=(265)
29 18
fi=(267)
695 18
-18 54
+18 72
fe=(265)
30 18
+4 18
-5 18
+3 18
+1 18
-1 18
-4 18
+1 18
-1 18
+8 18
-7 18
+4 18
+1 18
-2 18
+5 18
-9 18
+8 18
-6 18
-1 18
+9 18
fi=(269)
868 54
fe=(265)
33 36
fi=(269)
868 18
fe=(265)
34 18
fi=(269)
-3 18
fe=(265)
+6 54
fi=(269)
-6 18
fe=(265)
-1 18
fi=(269)
868 36
31 18
fe=(265)
+7 18
fi=(269)
868 36
31 108
-18 18
+18 36
-18 36
+18 36
fe=(265)
+10 18
fi=(269)
-28 18
+18 54
fe=(265)
+10 18
fi=(269)
-10 126
-18 18
+18 36
-18 18
+18 18
-18 18
+18 36
-18 36
fe=(265)
+31 18
fi=(269)
-31 36
fe=(265)
+31 18
fi=(269)
-31 18
fe=(265)
+29 18
+2 18
-2 18
+1 36
+1 18
+2 90

fl=(208)
fn=(2294)
1904 24
673 24
100 24
673 48
fi=(377) /usr/include/c++/12/initializer_list
79 24
fe=(208)
673 72
100 48
1904 48
378 48
fi=(206)
137 72
cob=(7)
cfi=(152)
cfn=(1638)
calls=24 0 
* 2989
* 24
fe=(208)
1688 24
-1 24
fi=(205)
431 48
fe=(208)
1688 24
fi=(206)
137 24
fi=(205)
431 24
cob=(3)
cfi=(187)
cfn=(1644)
calls=24 264 
* 240
* 24
fe=(208)
1689 24
679 144

fn=(3496) std::vector<glm::vec<3, double, (glm::qualifier)0>, std::allocator<glm::vec<3, double, (glm::qualifier)0> > >::push_back(glm::vec<3, double, (glm::qualifier)0> const&)
1276 3200
+2 1200
fi=(207)
97 400
fe=(208)
1283 400
fi=(207)
97 1200
fe=(208)
1283 400
+5 3200

fn=(2732)
988 6
fi=(204)
439 54
fe=(208)
1893 6
fi=(204)
439 12
fe=(208)
987 6
+1 24
1893 12
fi=(205)
259 12
fi=(216)
1333 12
fi=(205)
259 18
fi=(216)
1333 12
fe=(208)
1897 12
378 12
fi=(207)
97 6
fi=(204)
462 12
fi=(207)
97 6
cfi=(238)
cfn=(2742)
calls=6 -31 
* 15031
fi=(213)
1091 18
fi=(184)
229 2
fi=(239)
73 2
fi=(213)
1091 4
fi=(239)
73 14
fi=(213)
1091 4
fi=(184)
241 2
+11 2
-48 2
+30 2
673 4
fi=(185)
425 12
+6 2
cob=(3)
cfi=(187)
cfn=(1644)
calls=2 264 
* 24
* 2
fi=(184)
1071 2
fi=(185)
431 2
fi=(184)
1071 2
fi=(185)
431 2
fi=(213)
1091 20
fi=(204)
477 2
fi=(213)
1091 4
fi=(204)
477 4
fi=(213)
1091 8
fe=(208)
386 12
fi=(204)
514 2
fi=(206)
158 4
fi=(204)
514 2
fi=(206)
158 2
cob=(7)
cfi=(152)
cfn=(1866)
calls=2 0 
* 188
* 2
* 2
fi=(204)
517 2
-2 2
+2 2
-1 2
+1 4
+1 16
-1 4
-2 4
+2 4
-1 4
+1 8
+1 50
fi=(206)
137 6
cob=(7)
cfi=(152)
cfn=(1638)
calls=6 0 
* 810
* 6
* 30
fi=(213)
1091 8
fe=(208)
1897 18
fi=(206)
137 18
fe=(208)

fn=(3850)
1276 15631488
+2 5861808
fi=(207)
97 1953936
fe=(208)
1283 1953936
fi=(207)
97 9769680
fe=(208)
1283 1953936
+5 15631488

fn=(3624) std::vector<rendering::TerrainSurface::GridSample, std::allocator<rendering::TerrainSurface::GridSample> >::push_back(rendering::TerrainSurface::GridSample const&)
1276 98880
+2 37080
fi=(207)
97 10605
fe=(208)
1283 10605
fi=(207)
97 95445
fe=(208)
1283 10605
+5 84840
988 12285
1893 5265
fi=(205)
259 8775
fe=(208)
378 3510
fi=(207)
97 3510
fi=(204)
477 1755
fi=(207)
97 14040
fi=(213)
1105 3510
fe=(208)
386 640
fi=(204)
515 1755
+1 1755
+1 1755
fe=(208)
1288 14040
fi=(213)
1117 5740
cob=(3)
cfi=(187)
cfn=(1644)
calls=1435 264 
* 98100
* 1435
fi=(204)
514 2870
fi=(206)
158 2870
cob=(7)
cfi=(152)
cfn=(1866)
calls=1435 0 
* 142498
* 1435
* 1435
fe=(208)
1897 5265
fi=(206)
137 8775
cob=(7)
cfi=(152)
cfn=(1638)
calls=1755 0 
* 151856
* 1755
* 3510
fi=(204)
517 3510
fe=(208)

fn=(2046)
1893 5
fi=(204)
439 40
fe=(208)
987 5
+1 15
1893 10
fi=(205)
259 15
-5 5
+5 15
fi=(216)
1333 10
fe=(208)
1897 10
378 10
fi=(204)
+84 5
fi=(207)
97 5
fi=(204)
462 5
fi=(210)
4198 25
cfn=(1836)
calls=5 453 
* 1070
fi=(213)
1091 20
fi=(210)
1216 2
fi=(213)
1091 4
fi=(210)
1216 2
fi=(213)
1091 6
fi=(204)
477 2
fi=(213)
1091 4
fi=(204)
477 3
fi=(213)
1091 6
fe=(208)
386 10
fi=(204)
514 2
fi=(206)
158 4
fi=(204)
514 2
fi=(206)
158 2
cob=(7)
cfi=(152)
cfn=(1866)
calls=2 0 
* 188
* 2
* 2
fi=(204)
517 2
-2 2
+2 2
-1 2
+1 2
+1 16
-1 3
-2 3
+2 3
-1 3
+1 3
+1 24
fe=(208)
1897 10
fi=(206)
137 5
cob=(7)
cfi=(152)
cfn=(1638)
calls=5 0 
* 940
* 5
* 20
fi=(213)
1091 6
fe=(208)
1897 15
fi=(206)
137 15
fe=(208)

fn=(2620)
596 8
100 8
596 32
988 16
100 16
378 8
fi=(206)
120 24
+17 16
cob=(7)
cfi=(152)
cfn=(1638)
calls=8 0 
* 566
* 8
* 8
fe=(208)
395 8
+2 8
-2 8
+2 8
-2 8
fi=(216)
1073 16
fi=(205)
429 16
+1 16
+1 24
cob=(3)
cfi=(187)
cfn=(1644)
calls=8 264 
* 80
* 8
* 8
+1 16
fe=(208)
604 32

fn=(2434)
988 4
fi=(239)
46 4
fe=(208)
988 4
fi=(239)
46 8
+4 4
fi=(244)
395 4
fi=(247)
567 4
fi=(239)
48 4
fi=(247)
567 8
fi=(239)
48 32
fi=(244)
395 4
fi=(216)
1107 4
fi=(247)
567 8
fi=(239)
48 24
fi=(244)
395 4
fi=(216)
1107 4
fi=(247)
567 4
fi=(239)
48 28
fe=(208)

fn=(2442)
367 38
+19 76
-19 20
fi=(206)
158 20
fe=(208)
367 20
fi=(206)
158 20
cob=(7)
cfi=(152)
cfn=(1866)
calls=20 0 
* 2048
* 20
fe=(208)
368 18

fn=(2544)
115 12
+2 4
-2 4
+2 12
-2 4
386 8
-19 4
fi=(206)
158 4
fe=(208)
367 4
fi=(206)
158 4
cob=(7)
cfi=(152)
cfn=(1866)
calls=4 0 
* 437
* 4
fe=(208)

fn=(3232) std::vector<config::PlanetConfig::SurfaceNoiseFunction, std::allocator<config::PlanetConfig::SurfaceNoiseFunction> >::vector(std::vector<config::PlanetConfig::SurfaceNoiseFunction, std::allocator<config::PlanetConfig::SurfaceNoiseFunction> > const&)
596 2
100 2
596 16
988 4
100 4
378 2
fi=(206)
120 6
+17 4
cob=(7)
cfi=(152)
cfn=(1638)
calls=2 0 
* 108
* 2
* 2
fe=(208)
395 4
+2 2
-2 2
+2 2
-2 2
fi=(216)
1073 4
fi=(213)
119 4
-3 4
fi=(184)
420 6
fi=(185)
+5 6
fi=(184)
229 3
fi=(213)
119 6
fi=(185)
354 3
fi=(239)
73 24
fi=(213)
+46 6
fi=(184)
1071 3
241 3
-37 3
+30 3
fi=(186)
-11 6
fi=(185)
431 9
cob=(3)
cfi=(187)
cfn=(1644)
calls=3 264 
* 36
* 3
fi=(184)
234 3
fi=(185)
431 3
fe=(208)
600 2
+4 16

fl=(249)
fn=(2908)
25 6
+2 2
fi=(247)
567 2
fe=(249)
26 2
fi=(247)
567 4
fe=(249)
26 14
+1 2
fi=(247)
567 4
fe=(249)
26 16
+2 2
fi=(247)
567 4
fe=(249)
26 14
+2 2
fi=(247)
567 4
fe=(249)
26 16
+3 2
fi=(247)
567 4
fe=(249)
26 14
+6 12
-1 2
+1 2
-6 2
+6 6
fi=(247)
567 4
fe=(249)
26 4
+6 10
fi=(247)
567 20
fe=(249)
26 68
+6 12
+2 12
-2 24
+4 4
+1 8

fl=(209)
fn=(1830) bool nlohmann::json_abi_v3_11_3::detail::parser<nlohmann::json_abi_v3_11_3::basic_json<std::map, std::vector, std::__cxx11::basic_string<char, std::char_traits<char>, std::allocator<char> >, bool, long, unsigned long, double, std::allocator, nlohmann::json_abi_v3_11_3::adl_serializer, std::vector<unsigned char, std::allocator<unsigned char> >, void>, nlohmann::json_abi_v3_11_3::detail::input_stream_adapter>::sax_parse_internal<nlohmann::json_abi_v3_11_3::detail::json_sax_dom_parser<nlohmann::json_abi_v3_11_3::basic_json<std::map, std::vector, std::__cxx11::basic_string<char, std::char_traits<char>, std::allocator<char> >, bool, long, unsigned long, double, std::allocator, nlohmann::json_abi_v3_11_3::adl_serializer, std::vector<unsigned char, std::allocator<unsigned char> >, void> > >(nlohmann::json_abi_v3_11_3::detail::json_sax_dom_parser<nlohmann::json_abi_v3_11_3::basic_json<std::map, std::vector, std::__cxx11::basic_string<char, std::char_traits<char>, std::allocator<char> >, bool, long, unsigned long, double, std::allocator, nlohmann::json_abi_v3_11_3::adl_serializer, std::vector<unsigned char, std::allocator<unsigned char> >, void> >*)
180 1
475 1
184 1
-4 8
+4 1
475 1
184 2
+9 3171
fi=(215)
647 2
+2 1
+1 1
-1 1
fi=(206)
158 1
cob=(7)
cfi=(152)
cfn=(1866)
calls=1 0 
* 94
* 1
fe=(209)
470 9
fi=(211)
194 36
cfn=(1992)
calls=9 309 
* 531
* 9
fi=(215)
389 18
950 9
212 54
389 888
950 444
212 2664
-14 452
+1 2260
+1 2712
+1 904
+87 904
96 452
fe=(209)
475 452
-91 452
+91 47
cfi=(200)
cfn=(1776)
calls=47 1510 
* 9303
* 47
-88 94
+8 34
fi=(208)
1320 71
fi=(215)
187 142
fi=(216)
1073 191
fi=(200)
1433 191
fi=(211)
311 382
+8 573
+8 382
cfi=(210)
cfn=(1934) nlohmann::json_abi_v3_11_3::basic_json<std::map, std::vector, std::__cxx11::basic_string<char, std::char_traits<char>, std::allocator<char> >, bool, long, unsigned long, double, std::allocator, nlohmann::json_abi_v3_11_3::adl_serializer, std::vector<unsigned char, std::allocator<unsigned char> >, void>::basic_json<std::__cxx11::basic_string<char, std::char_traits<char>, std::allocator<char> >&, std::__cxx11::basic_string<char, std::char_traits<char>, std::allocator<char> >, 0>(std::__cxx11::basic_string<char, std::char_traits<char>, std::allocator<char> >&)
calls=191 835 
* 86372
* 191
fi=(237)
205 191
fi=(210)
4216 191
fi=(237)
205 191
-1 191
+1 191
-1 191
+2 191
-1 191
+1 191
fi=(210)
4216 191
cfn=(1842)
calls=191 554 
* 4775
fi=(211)
328 191
fi=(200)
1421 36
fi=(216)
1073 36
fi=(211)
311 72
+8 108
+8 33
fi=(217)
133 33
fi=(210)
4216 33
fi=(237)
205 33
-1 66
+1 33
+1 33
-1 33
+1 33
fi=(210)
4216 33
cfn=(1842)
calls=33 554 
* 825
fi=(211)
328 33
fi=(200)
1427 146
fe=(209)
268 146
fi=(247)
567 292
fi=(200)
1427 146
fe=(209)
268 292
fi=(216)
1073 146
fi=(211)
311 292
+8 438
+8 107
fi=(217)
120 107
fi=(210)
4216 107
fi=(217)
120 107
fi=(237)
+84 214
+1 214
+1 107
-1 107
+1 107
fi=(210)
4216 107
cfn=(1842)
calls=107 554 
* 2675
fi=(211)
328 107
fe=(209)
-86 51
cfi=(211)
cfn=(2026)
calls=17 +18 
* 4192
* 51
475 34
cfi=(200)
cfn=(1776)
calls=17 1510 
* 25782
* 17
248 34
-51 162
cfi=(211)
cfn=(1832)
calls=54 +31 
* 18067
* 162
475 162
cfi=(200)
cfn=(1776)
calls=54 1510 
* 81623
* 54
203 108
+10 108
fi=(211)
+33 54
fi=(200)
1433 54
fi=(211)
246 162
cfi=(214)
cfn=(1900)
calls=54 502 
* 21982
* 54
fe=(209)
475 108
cfi=(200)
cfn=(1776)
calls=54 1510 
* 4158
* 54
225 108
+8 162
cfi=(215)
cfn=(1922)
calls=54 1106 
* 1193
475 108
cfi=(200)
cfn=(1776)
calls=54 1510 
* 194468
* 108
-30 54
+30 381
-30 381
+30 405
cfi=(200)
cfn=(1776)
calls=405 1510 
* 51041
* 405
-55 810
+29 108
fi=(215)
187 213
fe=(209)
475 702
cfi=(200)
cfn=(1776)
calls=351 1510 
* 563586
* 351
-52 702
fi=(211)
246 351
fi=(200)
1433 351
fi=(211)
246 1053
cfi=(214)
cfn=(1900)
calls=351 502 
* 215248
* 351
fe=(209)
475 702
cfi=(200)
cfn=(1776)
calls=351 1510 
* 27027
* 351
-39 702
+39 762
cfi=(200)
cfn=(1776)
calls=381 1510 
* 1305404
* 381
fi=(211)
321 3
fi=(204)
114 12
fe=(209)
258 51
cfi=(215)
cfn=(1922)
calls=17 1106 
* 340
* 17
fi=(211)
+63 39
fi=(204)
114 156
515 3
+1 3
+1 6
fi=(208)
1893 6
988 12
1893 6
fi=(205)
259 15
fi=(208)
378 6
fi=(204)
+84 6
fi=(217)
132 3
+1 3
fi=(213)
1091 8
-1 2
fi=(210)
1216 2
fi=(213)
1091 4
fi=(210)
1216 2
fi=(213)
1091 4
fi=(210)
1216 1
fi=(213)
1091 2
fi=(210)
1216 1
fi=(213)
1091 2
fi=(204)
477 4
fi=(208)
-91 6
fi=(204)
514 2
fi=(206)
158 4
fi=(204)
514 6
fi=(206)
158 2
cob=(7)
cfi=(152)
cfn=(1866)
calls=2 0 
* 188
* 2
* 8
fi=(204)
439 39
fi=(208)
988 39
1893 39
988 117
1893 78
fi=(205)
259 195
fi=(208)
378 78
fi=(217)
120 39
fi=(204)
462 39
fi=(217)
119 39
+1 39
fi=(213)
1091 130
-1 78
fi=(210)
1216 26
fi=(213)
1091 52
fi=(210)
1216 26
fi=(213)
1091 52
fi=(210)
1216 13
fi=(213)
1091 26
fi=(210)
1216 13
fi=(213)
1091 26
fi=(204)
477 26
fi=(208)
-91 78
fi=(204)
514 26
fi=(206)
158 130
cob=(7)
cfi=(152)
cfn=(1866)
calls=26 0 
* 2444
* 26
* 78
fi=(204)
515 26
+1 26
+1 52
-2 13
+1 13
+1 26
fi=(208)
1897 117
fi=(206)
137 156
cob=(7)
cfi=(152)
cfn=(1638)
calls=39 0 
* 6796
* 39
fi=(204)
517 39
fi=(206)
137 39
fi=(204)
514 39
+3 39
-40 78
fi=(206)
137 6
cob=(7)
cfi=(152)
cfn=(1638)
calls=3 0 
* 564
* 3
fi=(204)
517 3
-3 3
fi=(206)
137 3
fi=(204)
477 3
+40 6
fi=(208)
1897 9
fi=(206)
137 9
fe=(209)

fn=(1828)
93 10
fi=(231)
247 1
fe=(209)
97 1
-2 2
+31 1
fi=(211)
+50 1
fi=(208)
-76 3
fi=(211)
+76 3
fe=(209)
-50 1
cfn=(1830)
calls=1 +54 
* 2667107
+3 2
+8 2
fi=(208)
367 2
+19 2
fe=(209)
145 1
fi=(208)
367 1
fe=(209)
145 6
fi=(206)
+13 1
cob=(7)
cfi=(152)
cfn=(1866)
calls=1 0 
* 94
* 1
fe=(209)

fl=(210)
fn=(2152)
1148 53
-2 53
+2 53
+4 106
-7 53
+7 53
-7 265
+7 159
fi=(206)
137 53
fe=(210)
1156 53
fi=(206)
137 53
cob=(7)
cfi=(152)
cfn=(1638)
calls=53 0 
* 4074
* 53
fi=(212)
+71 53
715 53
209 53
fi=(206)
-72 53
fi=(212)
+38 53
+34 53
+1 53
+1 53
938 106
-48 53
cfn=(2160) std::_Rb_tree_node<std::pair<std::__cxx11::basic_string<char, std::char_traits<char>, std::allocator<char> > const, nlohmann::json_abi_v3_11_3::basic_json<std::map, std::vector, std::__cxx11::basic_string<char, std::char_traits<char>, std::allocator<char> >, bool, long, unsigned long, double, std::allocator, nlohmann::json_abi_v3_11_3::adl_serializer, std::vector<unsigned char, std::allocator<unsigned char> >, void> > >* std::_Rb_tree<std::__cxx11::basic_string<char, std::char_traits<char>, std::allocator<char> >, std::pair<std::__cxx11::basic_string<char, std::char_traits<char>, std::allocator<char> > const, nlohmann::json_abi_v3_11_3::basic_json<std::map, std::vector, std::__cxx11::basic_string<char, std::char_traits<char>, std::allocator<char> >, bool, long, unsigned long, double, std::allocator, nlohmann::json_abi_v3_11_3::adl_serializer, std::vector<unsigned char, std::allocator<unsigned char> >, void> >, std::_Select1st<std::pair<std::__cxx11::basic_string<char, std::char_traits<char>, std::allocator<char> > const, nlohmann::json_abi_v3_11_3::basic_json<std::map, std::vector, std::__cxx11::basic_string<char, std::char_traits<char>, std::allocator<char> >, bool, long, unsigned long, double, std::allocator, nlohmann::json_abi_v3_11_3::adl_serializer, std::vector<unsigned char, std::allocator<unsigned char> >, void> > >, std::less<void>, std::allocator<std::pair<std::__cxx11::basic_string<char, std::char_traits<char>, std::allocator<char> > const, nlohmann::json_abi_v3_11_3::basic_json<std::map, std::vector, std::__cxx11::basic_string<char, std::char_traits<char>, std::allocator<char> >, bool, long, unsigned long, double, std::allocator, nlohmann::json_abi_v3_11_3::adl_serializer, std::vector<unsigned char, std::allocator<unsigned char> >, void> > > >::_M_copy<false, std::_Rb_tree<std::__cxx11::basic_string<char, std::char_traits<char>, std::allocator<char> >, std::pair<std::__cxx11::basic_string<char, std::char_traits<char>, std::allocator<char> > const, nlohmann::json_abi_v3_11_3::basic_json<std::map, std::vector, std::__cxx11::basic_string<char, std::char_traits<char>, std::allocator<char> >, bool, long, unsigned long, double, std::allocator, nlohmann::json_abi_v3_11_3::adl_serializer, std::vector<unsigned char, std::allocator<unsigned char> >, void> >, std::_Select1st<std::pair<std::__cxx11::basic_string<char, std::char_traits<char>, std::allocator<char> > const, nlohmann::json_abi_v3_11_3::basic_json<std::map, std::vector, std::__cxx11::basic_string<char, std::char_traits<char>, std::allocator<char> >, bool, long, unsigned long, double, std::allocator, nlohmann::json_abi_v3_11_3::adl_serializer, std::vector<unsigned char, std::allocator<unsigned char> >, void> > >, std::less<void>, std::allocator<std::pair<std::__cxx11::basic_string<char, std::char_traits<char>, std::allocator<char> > const, nlohmann::json_abi_v3_11_3::basic_json<std::map, std::vector, std::__cxx11::basic_string<char, std::char_traits<char>, std::allocator<char> >, bool, long, unsigned long, double, std::allocator, nlohmann::json_abi_v3_11_3::adl_serializer, std::vector<unsigned char, std::allocator<unsigned char> >, void> > > >::_Alloc_node>(std::_Rb_tree_node<std::pair<std::__cxx11::basic_string<char, std::char_traits<char>, std::allocator<char> > const, nlohmann::json_abi_v3_11_3::basic_json<std::map, std::vector, std::__cxx11::basic_string<char, std::char_traits<char>, std::allocator<char> >, bool, long, unsigned long, double, std::allocator, nlohmann::json_abi_v3_11_3::adl_serializer, std::vector<unsigned char, std::allocator<unsigned char> >, void> > >*, std::_Rb_tree_node_base*, std::_Rb_tree<std::__cxx11::basic_string<char, std::char_traits<char>, std::allocator<char> >, std::pair<std::__cxx11::basic_string<char, std::char_traits<char>, std::allocator<char> > const, nlohmann::json_abi_v3_11_3::basic_json<std::map, std::vector, std::__cxx11::basic_string<char, std::char_traits<char>, std::allocator<char> >, bool, long, unsigned long, double, std::allocator, nlohmann::json_abi_v3_11_3::adl_serializer, std::vector<unsigned char, std::allocator<unsigned char> >, void> >, std::_Select1st<std::pair<std::__cxx11::basic_string<char, std::char_traits<char>, std::allocator<char> > const, nlohmann::json_abi_v3_11_3::basic_json<std::map, std::vector, std::__cxx11::basic_string<char, std::char_traits<char>, std::allocator<char> >, bool, long, unsigned long, double, std::allocator, nlohmann::json_abi_v3_11_3::adl_serializer, std::vector<unsigned char, std::allocator<unsigned char> >, void> > >, std::less<void>, std::allocator<std::pair<std::__cxx11::basic_string<char, std::char_traits<char>, std::allocator<char> > const, nlohmann::json_abi_v3_11_3::basic_json<std::map, std::vector, std::__cxx11::basic_string<char, std::char_traits<char>, std::allocator<char> >, bool, long, unsigned long, double, std::allocator, nlohmann::json_abi_v3_11_3::adl_serializer, std::vector<unsigned char, std::allocator<unsigned char> >, void> > > >::_Alloc_node&) [clone .isra.0]
calls=53 1891 
* 1063681
* 106
114 632
891 159
128 648
893 53
-1 53
+47 53
-46 53
fe=(210)
1198 53
+12 318

fn=(2153) nlohmann::json_abi_v3_11_3::basic_json<std::map, std::vector, std::__cxx11::basic_string<char, std::char_traits<char>, std::allocator<char> >, bool, long, unsigned long, double, std::allocator, nlohmann::json_abi_v3_11_3::adl_serializer, std::vector<unsigned char, std::allocator<unsigned char> >, void>::basic_json(nlohmann::json_abi_v3_11_3::basic_json<std::map, std::vector, std::__cxx11::basic_string<char, std::char_traits<char>, std::allocator<char> >, bool, long, unsigned long, double, std::allocator, nlohmann::json_abi_v3_11_3::adl_serializer, std::vector<unsigned char, std::allocator<unsigned char> >, void> const&)'2
1148 2871
-2 2871
+2 2871
+4 5742
-7 2871
+7 2871
-7 14355
+7 8613
+34 386
+24 8976
-18 1786
+18 5358
fi=(206)
137 320
fe=(210)
1156 320
fi=(206)
137 320
cob=(7)
cfi=(152)
cfn=(1638)
calls=320 0 
* 40157
* 320
fi=(212)
+71 320
715 320
209 320
fi=(206)
-72 320
fi=(212)
+38 320
+34 320
+1 320
+1 320
938 640
-48 320
cfn=(2161) std::_Rb_tree_node<std::pair<std::__cxx11::basic_string<char, std::char_traits<char>, std::allocator<char> > const, nlohmann::json_abi_v3_11_3::basic_json<std::map, std::vector, std::__cxx11::basic_string<char, std::char_traits<char>, std::allocator<char> >, bool, long, unsigned long, double, std::allocator, nlohmann::json_abi_v3_11_3::adl_serializer, std::vector<unsigned char, std::allocator<unsigned char> >, void> > >* std::_Rb_tree<std::__cxx11::basic_string<char, std::char_traits<char>, std::allocator<char> >, std::pair<std::__cxx11::basic_string<char, std::char_traits<char>, std::allocator<char> > const, nlohmann::json_abi_v3_11_3::basic_json<std::map, std::vector, std::__cxx11::basic_string<char, std::char_traits<char>, std::allocator<char> >, bool, long, unsigned long, double, std::allocator, nlohmann::json_abi_v3_11_3::adl_serializer, std::vector<unsigned char, std::allocator<unsigned char> >, void> >, std::_Select1st<std::pair<std::__cxx11::basic_string<char, std::char_traits<char>, std::allocator<char> > const, nlohmann::json_abi_v3_11_3::basic_json<std::map, std::vector, std::__cxx11::basic_string<char, std::char_traits<char>, std::allocator<char> >, bool, long, unsigned long, double, std::allocator, nlohmann::json_abi_v3_11_3::adl_serializer, std::vector<unsigned char, std::allocator<unsigned char> >, void> > >, std::less<void>, std::allocator<std::pair<std::__cxx11::basic_string<char, std::char_traits<char>, std::allocator<char> > const, nlohmann::json_abi_v3_11_3::basic_json<std::map, std::vector, std::__cxx11::basic_string<char, std::char_traits<char>, std::allocator<char> >, bool, long, unsigned long, double, std::allocator, nlohmann::json_abi_v3_11_3::adl_serializer, std::vector<unsigned char, std::allocator<unsigned char> >, void> > > >::_M_copy<false, std::_Rb_tree<std::__cxx11::basic_string<char, std::char_traits<char>, std::allocator<char> >, std::pair<std::__cxx11::basic_string<char, std::char_traits<char>, std::allocator<char> > const, nlohmann::json_abi_v3_11_3::basic_json<std::map, std::vector, std::__cxx11::basic_string<char, std::char_traits<char>, std::allocator<char> >, bool, long, unsigned long, double, std::allocator, nlohmann::json_abi_v3_11_3::adl_serializer, std::vector<unsigned char, std::allocator<unsigned char> >, void> >, std::_Select1st<std::pair<std::__cxx11::basic_string<char, std::char_traits<char>, std::allocator<char> > const, nlohmann::json_abi_v3_11_3::basic_json<std::map, std::vector, std::__cxx11::basic_string<char, std::char_traits<char>, std::allocator<char> >, bool, long, unsigned long, double, std::allocator, nlohmann::json_abi_v3_11_3::adl_serializer, std::vector<unsigned char, std::allocator<unsigned char> >, void> > >, std::less<void>, std::allocator<std::pair<std::__cxx11::basic_string<char, std::char_traits<char>, std::allocator<char> > const, nlohmann::json_abi_v3_11_3::basic_json<std::map, std::vector, std::__cxx11::basic_string<char, std::char_traits<char>, std::allocator<char> >, bool, long, unsigned long, double, std::allocator, nlohmann::json_abi_v3_11_3::adl_serializer, std::vector<unsigned char, std::allocator<unsigned char> >, void> > > >::_Alloc_node>(std::_Rb_tree_node<std::pair<std::__cxx11::basic_string<char, std::char_traits<char>, std::allocator<char> > const, nlohmann::json_abi_v3_11_3::basic_json<std::map, std::vector, std::__cxx11::basic_string<char, std::char_traits<char>, std::allocator<char> >, bool, long, unsigned long, double, std::allocator, nlohmann::json_abi_v3_11_3::adl_serializer, std::vector<unsigned char, std::allocator<unsigned char> >, void> > >*, std::_Rb_tree_node_base*, std::_Rb_tree<std::__cxx11::basic_string<char, std::char_traits<char>, std::allocator<char> >, std::pair<std::__cxx11::basic_string<char, std::char_traits<char>, std::allocator<char> > const, nlohmann::json_abi_v3_11_3::basic_json<std::map, std::vector, std::__cxx11::basic_string<char, std::char_traits<char>, std::allocator<char> >, bool, long, unsigned long, double, std::allocator, nlohmann::json_abi_v3_11_3::adl_serializer, std::vector<unsigned char, std::allocator<unsigned char> >, void> >, std::_Select1st<std::pair<std::__cxx11::basic_string<char, std::char_traits<char>, std::allocator<char> > const, nlohmann::json_abi_v3_11_3::basic_json<std::map, std::vector, std::__cxx11::basic_string<char, std::char_traits<char>, std::allocator<char> >, bool, long, unsigned long, double, std::allocator, nlohmann::json_abi_v3_11_3::adl_serializer, std::vector<unsigned char, std::allocator<unsigned char> >, void> > >, std::less<void>, std::allocator<std::pair<std::__cxx11::basic_string<char, std::char_traits<char>, std::allocator<char> > const, nlohmann::json_abi_v3_11_3::basic_json<std::map, std::vector, std::__cxx11::basic_string<char, std::char_traits<char>, std::allocator<char> >, bool, long, unsigned long, double, std::allocator, nlohmann::json_abi_v3_11_3::adl_serializer, std::vector<unsigned char, std::allocator<unsigned char> >, void> > > >::_Alloc_node&) [clone .isra.0]'2
calls=320 1891 
* 1984773
* 640
114 3612
891 960
128 3464
893 320
-1 320
+47 320
-46 320
fe=(210)
1198 320
+12 1920
-48 303
cfn=(2175) nlohmann::json_abi_v3_11_3::basic_json<std::map, std::vector, std::__cxx11::basic_string<char, std::char_traits<char>, std::allocator<char> >, bool, long, unsigned long, double, std::allocator, nlohmann::json_abi_v3_11_3::adl_serializer, std::vector<unsigned char, std::allocator<unsigned char> >, void>::json_value::json_value(std::vector<nlohmann::json_abi_v3_11_3::basic_json<std::map, std::vector, std::__cxx11::basic_string<char, std::char_traits<char>, std::allocator<char> >, bool, long, unsigned long, double, std::allocator, nlohmann::json_abi_v3_11_3::adl_serializer, std::vector<unsigned char, std::allocator<unsigned char> >, void>, std::allocator<nlohmann::json_abi_v3_11_3::basic_json<std::map, std::vector, std::__cxx11::basic_string<char, std::char_traits<char>, std::allocator<char> >, bool, long, unsigned long, double, std::allocator, nlohmann::json_abi_v3_11_3::adl_serializer, std::vector<unsigned char, std::allocator<unsigned char> >, void> > > const&)'2
calls=28 537 
* 89491
cfn=(2174) nlohmann::json_abi_v3_11_3::basic_json<std::map, std::vector, std::__cxx11::basic_string<char, std::char_traits<char>, std::allocator<char> >, bool, long, unsigned long, double, std::allocator, nlohmann::json_abi_v3_11_3::adl_serializer, std::vector<unsigned char, std::allocator<unsigned char> >, void>::json_value::json_value(std::vector<nlohmann::json_abi_v3_11_3::basic_json<std::map, std::vector, std::__cxx11::basic_string<char, std::char_traits<char>, std::allocator<char> >, bool, long, unsigned long, double, std::allocator, nlohmann::json_abi_v3_11_3::adl_serializer, std::vector<unsigned char, std::allocator<unsigned char> >, void>, std::allocator<nlohmann::json_abi_v3_11_3::basic_json<std::map, std::vector, std::__cxx11::basic_string<char, std::char_traits<char>, std::allocator<char> >, bool, long, unsigned long, double, std::allocator, nlohmann::json_abi_v3_11_3::adl_serializer, std::vector<unsigned char, std::allocator<unsigned char> >, void> > > const&)
calls=73 537 
* 509613
* 202
+48 606
fi=(206)
137 1303
fe=(210)
1168 1303
fi=(206)
137 1303
cob=(7)
cfi=(152)
cfn=(1638)
calls=1303 0 
* 152908
* 1303
fi=(184)
241 1303
fi=(206)
137 1303
fi=(184)
+67 1303
+30 1303
1071 1303
fi=(186)
223 2606
fi=(184)
420 134
fi=(185)
+5 134
fi=(184)
229 1303
fi=(185)
354 1303
fe=(210)
1168 1303
+1 1303
+5 122
+36 366
fi=(186)
139 2472
fi=(206)
-19 3708
+17 1236
cob=(7)
cfi=(152)
cfn=(1638)
calls=1236 0 
* 136456
* 1236
fi=(184)
+87 1236
fi=(206)
-87 1236
fi=(184)
261 1236
fi=(185)
431 3708
cob=(3)
cfi=(187)
cfn=(1644)
calls=1236 264 
* 23909
* 1236
* 201
cob=(3)
cfi=(187)
cfn=(1644)
calls=67 264 
* 936
* 67
fi=(184)
234 1303
fi=(185)
431 1303
fe=(210)

fn=(2570)
2042 64
+3 8
-3 8
+3 8
+5 8
fi=(212)
745 8
+9 16
1336 16
fi=(235)
608 8
fi=(184)
485 8
fi=(235)
608 8
fi=(185)
395 16
cob=(3)
cfi=(174)
cfn=(1256)
calls=8 65 
* 104
* 8
* 16
-10 48
cob=(3)
cfi=(175)
cfn=(1260)
calls=24 80 
* 522
* 24
fi=(186)
896 48
fi=(185)
+94 32
fi=(212)
783 10
1340 10
-4 20
fi=(218)
59 24
fi=(185)
395 96
-23 48
fi=(184)
483 16
+2 16
+2 24
+3 8
fi=(185)
990 16
fi=(212)
792 14
1336 28
-30 24
fi=(235)
608 32
cfi=(184)
cfn=(2352)
calls=8 3627 
* 572
fi=(212)
1306 16
fe=(210)
2056 8
-1 8
+1 56

fn=(1934)
835 382
fi=(217)
63 191
fe=(210)
835 382
fi=(217)
63 191
fe=(210)
835 764
+3 382
fi=(217)
63 382
cfi=(210)
cfn=(1842)
calls=191 554 
* 4775
+1 191
fi=(206)
+73 382
cob=(7)
cfi=(152)
cfn=(1638)
calls=191 0 
* 34300
* 191
* 191
fi=(184)
+97 191
1071 191
fi=(301)
193 191
fi=(184)
+48 191
fi=(301)
-48 191
+7 191
fi=(184)
+4 191
fi=(186)
+19 382
fi=(184)
420 22
229 191
fi=(217)
65 191
fi=(185)
354 191
fe=(210)
842 1337
fi=(185)
425 22
+6 33
cob=(3)
cfi=(187)
cfn=(1644)
calls=11 264 
* 155
* 11
fi=(184)
234 11
fi=(185)
431 11
fi=(186)
139 360
fi=(206)
-19 540
+17 180
cob=(7)
cfi=(152)
cfn=(1638)
calls=180 0 
* 33466
* 180
fi=(184)
+87 180
fi=(206)
-87 180
fi=(185)
431 360
fi=(184)
261 180
fi=(185)
431 180
cob=(3)
cfi=(187)
cfn=(1644)
calls=180 264 
* 3428
* 180
fi=(184)
234 360
fe=(210)

fn=(2272)
2119 8
1317 1
2119 1
+3 2
+8 2
+2 2
fi=(212)
735 1
+15 1
fe=(210)
2132 1
fi=(212)
750 1
1950 3
fi=(184)
485 4
fi=(185)
385 12
cob=(3)
cfi=(175)
cfn=(1260)
calls=4 80 
* 81
* 4
fi=(184)
3149 8
fi=(185)
990 6
fi=(212)
779 1
1952 1
-2 2
fi=(218)
59 4
fi=(184)
3142 12
fi=(185)
372 8
fi=(184)
483 2
+2 2
+2 3
+3 1
fi=(185)
990 2
fi=(212)
788 3
1950 6
fi=(214)
597 2
fi=(218)
59 1
fi=(184)
3142 3
fi=(185)
372 2
+13 3
cob=(3)
cfi=(175)
cfn=(1260)
calls=1 80 
* 18
* 1
fi=(184)
3149 2
483 2
+2 2
+2 2
+3 1
fi=(185)
990 2
fe=(210)
2137 1
-4 1
+4 7

fn=(2672)
2042 48
+3 12
+5 12
fi=(212)
745 6
+9 12
1336 12
fi=(185)
395 6
fi=(184)
+90 6
fi=(185)
-90 6
cob=(3)
cfi=(174)
cfn=(1256)
calls=6 65 
* 78
* 6
* 12
-10 78
cob=(3)
cfi=(175)
cfn=(1260)
calls=26 80 
* 566
* 26
fi=(186)
896 52
fi=(185)
+94 40
fi=(212)
783 20
1340 20
-4 40
fi=(218)
59 26
fi=(185)
395 78
-23 52
fi=(184)
483 6
+2 12
+2 18
+3 6
fi=(185)
990 12
fi=(212)
792 6
1336 12
-30 12
fi=(235)
607 6
fi=(186)
888 18
fi=(185)
372 12
+13 18
cob=(3)
cfi=(175)
cfn=(1260)
calls=6 80 
* 112
* 6
fi=(186)
896 12
fi=(184)
483 6
+2 12
+2 12
+3 6
fi=(185)
990 12
fe=(210)
2056 6
-1 6
+1 42

fn=(2258)
2163 455
fi=(184)
200 195
638 195
fi=(185)
395 195
cob=(3)
cfi=(174)
cfn=(1256)
calls=65 65 
* 845
* 65
* 65
fi=(186)
223 130
fi=(184)
420 86
fi=(185)
+5 86
fi=(184)
229 65
fi=(185)
354 65
fe=(210)
2144 130
+2 65
fi=(184)
234 65
fi=(212)
735 65
+15 130
1950 195
fi=(184)
485 130
fi=(185)
385 609
cob=(3)
cfi=(175)
cfn=(1260)
calls=203 80 
* 4102
* 203
fi=(184)
3149 406
fi=(185)
990 276
fi=(212)
788 98
1950 196
fi=(218)
59 203
fi=(184)
3142 609
fi=(185)
372 406
fi=(184)
483 130
+2 130
+2 195
+3 65
fi=(185)
990 130
fi=(212)
779 105
1952 105
-2 210
2534 130
fi=(218)
59 65
fi=(184)
3142 195
fi=(185)
372 130
+13 195
cob=(3)
cfi=(175)
cfn=(1260)
calls=65 80 
* 1202
* 65
fi=(184)
3149 130
285 65
fe=(210)
2148 65
fi=(184)
285 130
+7 22
fi=(206)
158 22
fi=(184)
292 22
fi=(206)
158 22
cob=(7)
cfi=(152)
cfn=(1866)
calls=22 0 
* 2068
* 22
fe=(210)
2166 585
fi=(184)
483 130
+2 130
+2 130
+3 65
fi=(185)
990 130
fi=(186)
155 22
fi=(206)
-18 22
cob=(7)
cfi=(152)
cfn=(1638)
calls=22 0 
* 1322
* 22
fi=(184)
261 22
-37 22
fi=(206)
-87 22
fi=(185)
431 66
cob=(3)
cfi=(187)
cfn=(1644)
calls=22 264 
* 220
* 22
* 129
cob=(3)
cfi=(187)
cfn=(1644)
calls=43 264 
* 560
* 43
fi=(184)
234 65
fi=(185)
431 65
fi=(184)
234 86
fe=(210)

fn=(2636)
2042 48
+3 12
+5 12
fi=(212)
745 6
+9 12
1336 12
fi=(185)
395 6
fi=(184)
+90 6
fi=(185)
-90 6
cob=(3)
cfi=(174)
cfn=(1256)
calls=6 65 
* 78
* 6
* 12
-10 44
cob=(3)
cfi=(175)
cfn=(1260)
calls=22 80 
* 501
* 22
fi=(186)
896 44
fi=(185)
+94 32
fi=(212)
783 10
1340 10
-4 20
fi=(218)
59 22
fi=(185)
395 88
-23 44
fi=(184)
483 6
+2 12
+2 18
+3 6
fi=(185)
990 12
fi=(212)
792 12
1336 24
-30 18
fi=(235)
608 24
cfi=(184)
cfn=(2352)
calls=6 3627 
* 428
fi=(212)
1306 12
fe=(210)
2056 6
-1 6
+1 42

fn=(2596)
2106 240
+3 96
fi=(208)
1124 192
fe=(210)
2115 240

fn=(2806)
2042 16
+3 4
+5 4
fi=(212)
745 2
+9 4
1336 4
fi=(185)
395 2
fi=(184)
+90 2
fi=(185)
-90 2
cob=(3)
cfi=(174)
cfn=(1256)
calls=2 65 
* 26
* 2
* 4
-10 24
cob=(3)
cfi=(175)
cfn=(1260)
calls=8 80 
* 171
* 8
fi=(186)
896 16
fi=(185)
+94 12
fi=(212)
783 2
1340 2
-4 4
fi=(218)
59 8
fi=(185)
395 24
-23 16
fi=(184)
483 2
+2 4
+2 6
+3 2
fi=(185)
990 4
fi=(212)
792 6
1336 12
-30 4
fi=(235)
607 2
fi=(186)
888 6
fi=(185)
372 4
+13 6
cob=(3)
cfi=(175)
cfn=(1260)
calls=2 80 
* 36
* 2
fi=(186)
896 4
fi=(184)
483 2
+2 4
+2 4
+3 2
fi=(185)
990 4
fe=(210)
2056 2
-1 2
+1 14

fn=(2174)
537 146
fi=(206)
137 73
fe=(210)
537 511
fi=(206)
137 73
cob=(7)
cfi=(152)
cfn=(1638)
calls=73 0 
* 6947
* 73
fi=(208)
988 73
100 73
fi=(206)
+37 73
fi=(208)
988 73
378 73
100 146
378 146
fi=(206)
120 219
+17 146
cob=(7)
cfi=(152)
cfn=(1638)
calls=73 0 
* 7655
* 73
* 73
fi=(216)
1073 146
fi=(208)
395 73
+2 73
-2 73
+2 73
-2 73
fi=(213)
119 219
-3 146
fi=(207)
+3 219
cfi=(210)
cfn=(2153)
calls=73 1148 
* 360836
* 408
cfi=(210)
cfn=(2153)
calls=136 1148 
* 129062
* 836
fi=(208)
600 73
fe=(210)
-63 657

fn=(2175)
537 56
fi=(206)
137 28
fe=(210)
537 196
fi=(206)
137 28
cob=(7)
cfi=(152)
cfn=(1638)
calls=28 0 
* 3331
* 28
fi=(208)
988 28
100 28
fi=(206)
+37 28
fi=(208)
988 28
378 28
100 56
378 56
fi=(206)
120 84
+17 56
cob=(7)
cfi=(152)
cfn=(1638)
calls=28 0 
* 4117
* 28
* 28
fi=(216)
1073 56
fi=(208)
395 28
+2 28
-2 28
+2 28
-2 28
fi=(213)
119 84
-3 56
fi=(207)
+3 84
cfi=(210)
cfn=(2153)
calls=28 1148 
* 52883
* 132
cfi=(210)
cfn=(2153)
calls=44 1148 
* 27256
* 288
fi=(208)
600 28
fe=(210)
-63 252

fn=(2230)
2042 56
+3 14
+5 14
fi=(212)
745 7
+9 14
1336 14
fi=(185)
395 7
fi=(184)
+90 7
fi=(185)
-90 7
cob=(3)
cfi=(174)
cfn=(1256)
calls=7 65 
* 91
* 7
* 14
-10 81
cob=(3)
cfi=(175)
cfn=(1260)
calls=27 80 
* 557
* 27
fi=(186)
896 54
fi=(185)
+94 40
fi=(212)
783 14
1340 14
-4 28
fi=(218)
59 27
fi=(185)
395 81
-23 54
fi=(184)
483 7
+2 14
+2 21
+3 7
fi=(185)
990 14
fi=(212)
792 13
1336 26
-30 14
fi=(235)
607 7
fi=(186)
888 21
fi=(185)
372 14
+13 21
cob=(3)
cfi=(175)
cfn=(1260)
calls=7 80 
* 130
* 7
fi=(186)
896 14
fi=(184)
483 7
+2 14
+2 14
+3 7
fi=(185)
990 14
fe=(210)
2056 7
-1 7
+1 49

fn=(1836)
453 284
+2 497
+67 284
fi=(206)
137 108
cob=(7)
cfi=(152)
cfn=(1638)
calls=54 0 
* 10152
* 54
fi=(212)
+72 54
-34 54
+33 54
+1 54
+1 54
+1 54
fe=(210)
459 54
+1 54
fi=(206)
137 34
cob=(7)
cfi=(152)
cfn=(1638)
calls=17 0 
* 2526
* 17
fi=(208)
-37 51
fe=(210)
465 17
+1 17

fn=(2716)
2042 32
+3 8
+5 8
fi=(212)
745 4
+9 8
1336 8
fi=(185)
395 4
fi=(184)
+90 4
fi=(185)
-90 4
cob=(3)
cfi=(174)
cfn=(1256)
calls=4 65 
* 52
* 4
* 8
-10 28
cob=(3)
cfi=(175)
cfn=(1260)
calls=14 80 
* 293
* 14
fi=(186)
896 28
fi=(185)
+94 20
fi=(212)
783 4
1340 4
-4 8
fi=(218)
59 14
fi=(185)
395 56
-23 28
fi=(184)
483 4
+2 8
+2 12
+3 4
fi=(185)
990 8
fi=(212)
792 10
1336 20
-30 12
fi=(235)
608 16
cfi=(184)
cfn=(2352)
calls=4 3627 
* 284
fi=(212)
1306 8
fe=(210)
2056 4
-1 4
+1 28

fn=(2760)
2042 16
+3 4
+5 4
fi=(212)
745 2
+9 4
1336 4
fi=(185)
395 2
fi=(184)
+90 2
fi=(185)
-90 2
cob=(3)
cfi=(174)
cfn=(1256)
calls=2 65 
* 26
* 2
* 4
-10 24
cob=(3)
cfi=(175)
cfn=(1260)
calls=8 80 
* 168
* 8
fi=(186)
896 16
fi=(185)
+94 12
fi=(212)
783 2
1340 2
-4 4
fi=(218)
59 8
fi=(185)
395 24
-23 16
fi=(184)
483 2
+2 4
+2 6
+3 2
fi=(185)
990 4
fi=(212)
792 6
1336 12
-30 4
fi=(235)
607 2
fi=(186)
888 6
fi=(185)
372 4
+13 6
cob=(3)
cfi=(175)
cfn=(1260)
calls=2 80 
* 36
* 2
fi=(186)
896 4
fi=(184)
483 2
+2 4
+2 4
+3 2
fi=(185)
990 4
fe=(210)
2056 2
-1 2
+1 14

fn=(2826)
2042 16
+3 4
+5 4
fi=(212)
745 2
+9 4
1336 4
fi=(185)
395 2
fi=(184)
+90 2
fi=(185)
-90 2
cob=(3)
cfi=(174)
cfn=(1256)
calls=2 65 
* 26
* 2
* 4
-10 30
cob=(3)
cfi=(175)
cfn=(1260)
calls=10 80 
* 226
* 10
fi=(186)
896 20
fi=(185)
+94 16
fi=(212)
783 6
1340 6
-4 12
fi=(218)
59 10
fi=(185)
395 30
-23 20
fi=(184)
483 2
+2 4
+2 6
+3 2
fi=(185)
990 4
fi=(212)
792 4
1336 8
-30 4
fi=(235)
607 2
fi=(186)
888 6
fi=(185)
372 4
+13 6
cob=(3)
cfi=(175)
cfn=(1260)
calls=2 80 
* 44
* 2
fi=(186)
896 4
fi=(184)
483 2
+2 4
+2 4
+3 2
fi=(185)
990 4
fe=(210)
2056 2
-1 2
+1 14

fn=(3040)
2042 16
+3 4
+5 4
fi=(212)
745 2
+9 4
1336 4
fi=(185)
395 2
fi=(184)
+90 2
fi=(185)
-90 2
cob=(3)
cfi=(174)
cfn=(1256)
calls=2 65 
* 26
* 2
* 4
-10 24
cob=(3)
cfi=(175)
cfn=(1260)
calls=8 80 
* 159
* 8
fi=(186)
896 16
fi=(185)
+94 12
fi=(212)
783 2
1340 2
-4 4
fi=(218)
59 8
fi=(185)
395 24
-23 16
fi=(184)
483 2
+2 4
+2 6
+3 2
fi=(185)
990 4
fi=(212)
792 6
1336 12
-30 4
fi=(235)
607 2
fi=(186)
888 6
fi=(185)
372 4
+13 6
cob=(3)
cfi=(175)
cfn=(1260)
calls=2 80 
* 36
* 2
fi=(186)
896 4
fi=(184)
483 2
+2 4
+2 4
+3 2
fi=(185)
990 4
fe=(210)
2056 2
-1 2
+1 14

fn=(1842)
554 5868
+2 1304
+1 1196
+29 270
4216 9969
cfn=(1843) nlohmann::json_abi_v3_11_3::basic_json<std::map, std::vector, std::__cxx11::basic_string<char, std::char_traits<char>, std::allocator<char> >, bool, long, unsigned long, double, std::allocator, nlohmann::json_abi_v3_11_3::adl_serializer, std::vector<unsigned char, std::allocator<unsigned char> >, void>::json_value::destroy(nlohmann::json_abi_v3_11_3::detail::value_t)'2
calls=3323 554 
* 515569
fi=(216)
1073 6646
fe=(210)
586 6646
1216 3323
+6 3323
fi=(208)
+98 3323
fe=(210)
4216 3323
1223 3323
4216 3323
fi=(208)
1320 3323
fe=(210)
1216 3323
4216 3323
cfn=(1843)
calls=3323 554 
* 83075
1366 3323
594 6646
+6 6410
+2 373
fi=(212)
996 373
+8 373
fe=(210)
602 1119
1216 2515
+6 2515
fi=(212)
287 2515
fi=(204)
119 2515
fe=(210)
1223 2515
-7 2515
fi=(204)
119 2515
fi=(212)
287 2515
cob=(7)
cfi=(152)
cfn=(2200)
calls=2515 0 
* 34416
* 2515
* 2515
fe=(210)
602 5030
fi=(204)
114 10248
439 47
fi=(208)
988 47
1893 47
988 141
1893 94
fi=(205)
259 235
fi=(208)
378 94
fe=(210)
1216 94
+6 47
+1 47
-7 47
fi=(213)
1091 141
-1 94
fe=(210)
1216 47
fi=(213)
1091 94
fe=(210)
1216 47
fi=(213)
1091 94
fe=(210)
1216 416
fi=(213)
1091 832
fe=(210)
1216 416
fi=(213)
1091 832
fi=(204)
477 94
fi=(208)
-91 94
fi=(204)
514 47
fi=(206)
158 235
cob=(7)
cfi=(152)
cfn=(1866)
calls=47 0 
* 4418
* 47
* 141
fi=(212)
287 47
fi=(204)
515 47
+1 47
+1 47
fi=(212)
287 47
cob=(7)
cfi=(152)
cfn=(2200)
calls=47 0 
* 642
* 47
* 47
fe=(210)
602 102
fi=(212)
1254 24
cfn=(2206) std::_Rb_tree<std::__cxx11::basic_string<char, std::char_traits<char>, std::allocator<char> >, std::pair<std::__cxx11::basic_string<char, std::char_traits<char>, std::allocator<char> > const, nlohmann::json_abi_v3_11_3::basic_json<std::map, std::vector, std::__cxx11::basic_string<char, std::char_traits<char>, std::allocator<char> >, bool, long, unsigned long, double, std::allocator, nlohmann::json_abi_v3_11_3::adl_serializer, std::vector<unsigned char, std::allocator<unsigned char> >, void> >, std::_Select1st<std::pair<std::__cxx11::basic_string<char, std::char_traits<char>, std::allocator<char> > const, nlohmann::json_abi_v3_11_3::basic_json<std::map, std::vector, std::__cxx11::basic_string<char, std::char_traits<char>, std::allocator<char> >, bool, long, unsigned long, double, std::allocator, nlohmann::json_abi_v3_11_3::adl_serializer, std::vector<unsigned char, std::allocator<unsigned char> >, void> > >, std::less<void>, std::allocator<std::pair<std::__cxx11::basic_string<char, std::char_traits<char>, std::allocator<char> > const, nlohmann::json_abi_v3_11_3::basic_json<std::map, std::vector, std::__cxx11::basic_string<char, std::char_traits<char>, std::allocator<char> >, bool, long, unsigned long, double, std::allocator, nlohmann::json_abi_v3_11_3::adl_serializer, std::vector<unsigned char, std::allocator<unsigned char> >, void> > > >::_M_erase(std::_Rb_tree_node<std::pair<std::__cxx11::basic_string<char, std::char_traits<char>, std::allocator<char> > const, nlohmann::json_abi_v3_11_3::basic_json<std::map, std::vector, std::__cxx11::basic_string<char, std::char_traits<char>, std::allocator<char> >, bool, long, unsigned long, double, std::allocator, nlohmann::json_abi_v3_11_3::adl_serializer, std::vector<unsigned char, std::allocator<unsigned char> >, void> > >*) [clone .isra.0]
calls=8 1933 
* 5015
* 1095
cfn=(2206)
calls=365 1933 
* 500940
208 373
+1 373
+1 373
+1 373
1256 373
fe=(210)
558 1196
+1 1196
660 378
fi=(206)
158 54
cob=(7)
cfi=(152)
cfn=(1866)
calls=54 0 
* 5389
* 54
fe=(210)
660 4784
557 162
fi=(212)
1032 54
fe=(210)
569 162
fi=(204)
70 162
+2 108
fe=(210)
580 108
1216 433
fi=(204)
119 433
fe=(210)
1222 433
+1 433
-7 433
fi=(204)
119 433
fi=(212)
287 866
cob=(7)
cfi=(152)
cfn=(2200)
calls=433 0 
* 5984
cob=(1)
cfi=(141)
cfn=(520)
calls=1 76 
* 1020
* 437
* 433
fe=(210)
580 866
fi=(204)
114 1245
fi=(206)
+23 162
cob=(7)
cfi=(152)
cfn=(1638)
calls=54 0 
* 3574
* 54
fi=(204)
-57 162
fi=(206)
+57 108
fi=(213)
1091 108
fi=(208)
386 108
fe=(210)
580 54
fi=(204)
98 54
-2 54
+2 54
fe=(210)
580 54
fi=(212)
996 54
+8 54
fe=(210)
580 108
fi=(208)
367 54
+19 108
-19 54
fi=(206)
158 54
cob=(7)
cfi=(152)
cfn=(1866)
calls=54 0 
* 5208
* 54
* 54
fe=(210)
615 324
fi=(212)
735 108
984 108
cfn=(2206)
calls=54 1933 
* 84500
fi=(206)
158 162
fe=(210)
596 236
fi=(216)
1072 236
fe=(210)
596 118
cfi=(205)
cfn=(2216)
calls=118 +48 
* 8678
fi=(208)
1601 118
1930 590
fe=(210)
4216 236
fi=(207)
162 118
fe=(210)
4216 118
cfn=(1843)
calls=118 554 
* 2950
* 420
fi=(207)
162 210
fe=(210)
4216 210
cfn=(1843)
calls=210 554 
* 5250
fi=(207)
162 656
fi=(208)
1934 236
-37 141
fi=(206)
137 188
cob=(7)
cfi=(152)
cfn=(1638)
calls=47 0 
* 4294
* 47
fi=(204)
517 47
fi=(206)
137 47
fi=(204)
514 47
+3 47
-40 94
fe=(210)

fn=(1843)
554 89721
+2 19938
+1 19192
+1 472
+11 354
fi=(208)
988 236
fi=(204)
70 118
fi=(208)
988 236
fi=(204)
70 236
+2 236
fi=(216)
709 118
fe=(210)
575 118
cfi=(205)
cfn=(2216)
calls=118 +69 
* 2596
fi=(208)
730 236
fe=(210)
586 236
-28 18956
+1 15968
660 13895
fi=(206)
158 1985
cob=(7)
cfi=(152)
cfn=(1866)
calls=1985 0 
* 222991
* 1985
fe=(210)
660 63872
557 1119
fi=(212)
1032 373
fe=(210)
569 1119
fi=(204)
70 1119
+2 746
fi=(212)
996 373
+8 373
fe=(210)
580 746
-21 5976
fi=(184)
234 1494
+18 1494
+33 2988
+7 2832
fi=(206)
158 1416
cob=(7)
cfi=(152)
cfn=(1866)
calls=1416 0 
* 156688
* 1416
* 5976
fi=(208)
386 236
fe=(210)
615 2474
fi=(212)
735 746
984 746
cfn=(2206)
calls=373 1933 
* 1119
fi=(206)
158 1119
fe=(210)
628 236
fi=(208)
730 236
fi=(207)
162 236
fi=(208)
386 236
-19 118
fi=(206)
158 118
fi=(208)
367 118
fi=(206)
158 118
cob=(7)
cfi=(152)
cfn=(1866)
calls=118 0 
* 12976
* 118
* 472
fi=(208)
367 354
fe=(210)

fn=(2784)
2042 16
+3 4
+5 4
fi=(212)
745 2
+9 4
1336 4
fi=(185)
395 2
fi=(184)
+90 2
fi=(185)
-90 2
cob=(3)
cfi=(174)
cfn=(1256)
calls=2 65 
* 26
* 2
* 4
-10 16
cob=(3)
cfi=(175)
cfn=(1260)
calls=8 80 
* 168
* 8
fi=(186)
896 16
fi=(185)
+94 12
fi=(212)
783 4
1340 4
-4 8
fi=(218)
59 8
fi=(185)
395 32
-23 16
fi=(184)
483 2
+2 4
+2 6
+3 2
fi=(185)
990 4
fi=(212)
792 4
1336 8
-30 6
fi=(235)
608 8
cfi=(184)
cfn=(2352)
calls=2 3627 
* 140
fi=(212)
1306 4
fe=(210)
2056 2
-1 2
+1 14

fl=(306) /workspace/src/rendering/geometry/TerrainShoreline.cpp
fn=(3646) rendering::TerrainSurface::refineShoreline(rendering::TerrainGeometry&, glm::vec<3, double, (glm::qualifier)0> const&) const
8 9
+1 1
-1 2
+1 3
-1 1
+1 1
cfi=(179)
cfn=(3446)
calls=1 +43 
* 13
fi=(208)
988 3
fe=(306)
10 2
fi=(208)
988 3
fe=(306)
10 1
fi=(289)
+16 1
fi=(208)
988 3
fi=(289)
26 1
fe=(306)
-10 1
fi=(289)
+10 2
fe=(306)
-10 3
fi=(289)
+10 5
fi=(208)
988 15
fi=(289)
26 5
fe=(306)
-10 5
fi=(289)
+10 10
fe=(306)
-10 15
fi=(212)
209 5
-34 5
+33 5
+1 5
+1 5
+1 5
fe=(306)
33 30
fi=(208)
1143 15
fe=(306)
26 5
+2 5
fi=(208)
1143 5
fe=(306)
28 10
fi=(267)
+30 10
713 5
fe=(306)
31 5
fi=(267)
+25 20
713 10
fe=(306)
31 20
fi=(267)
713 5
fi=(272)
53 20
fi=(208)
1143 1197309
fe=(306)
26 399103
+2 399103
fi=(208)
1143 399103
fe=(306)
28 798206
fi=(267)
+30 798206
713 399103
fe=(306)
31 399103
fi=(267)
+25 1596412
713 798206
fe=(306)
31 1596412
fi=(267)
713 399103
fi=(272)
53 1596412
-41 399108
fe=(306)
+17 798216
fi=(267)
+27 399108
fe=(306)
-25 798216
fi=(267)
+25 399108
fe=(306)
-27 399108
+2 399108
-2 399108
fi=(267)
+29 399108
fe=(306)
-27 399108
fi=(267)
+26 399108
fe=(306)
-28 399108
+2 399108
fi=(267)
+26 399108
fe=(306)
-26 399108
fi=(267)
+25 399108
fe=(306)
-25 1197324
fi=(267)
+27 798216
fe=(306)
-27 1197324
-5 399108
+2 399108
fi=(208)
1143 399108
fe=(306)
28 798216
fi=(267)
+30 798216
713 399108
fe=(306)
31 399108
fi=(267)
+25 1596432
713 798216
fe=(306)
31 399108
fi=(267)
+8 399108
fe=(306)
-8 399108
fi=(267)
713 798216
fi=(272)
53 1596432
-41 399108
fe=(306)
+17 399108
+2 399108
fi=(267)
+25 399108
fe=(306)
-25 798216
fi=(267)
+25 399108
+1 399108
fe=(306)
-26 399108
-2 399108
+2 399108
fi=(267)
+26 399108
+1 399108
fe=(306)
-29 399108
+2 399108
fi=(267)
+27 798216
-2 399108
fe=(306)
-25 2394648
-5 399108
+2 399108
fi=(208)
1143 399108
fe=(306)
28 798216
fi=(267)
+30 798216
713 399108
fe=(306)
31 399108
fi=(267)
+25 1596432
fe=(306)
-25 1596432
fi=(267)
713 798216
fi=(272)
53 1995540
-41 399108
fe=(306)
+17 399108
+2 399108
fi=(267)
+25 399108
fe=(306)
-25 798216
fi=(267)
+25 399108
623 399108
57 399108
668 399108
fe=(306)
29 399108
fi=(267)
+29 399108
fe=(306)
-27 399108
fi=(267)
+27 399108
668 399108
-45 798216
57 399108
fe=(306)
-26 798216
-2 798216
+2 399108
fi=(267)
+27 399108
fe=(306)
-27 399108
fi=(267)
623 798216
56 399108
fe=(306)
-25 399108
fi=(267)
623 399108
+99 798216
-54 399108
fe=(306)
31 399108
fi=(267)
623 399108
+94 399108
fe=(306)
31 1197324
fi=(267)
623 399108
+45 399108
fe=(306)
31 798216
fi=(267)
623 399108
+90 1197324
-90 399108
+99 399108
-54 399108
+45 399108
fi=(272)
53 1995540
-41 399108
fi=(267)
668 1596432
+45 1197324
fi=(272)
53 1596432
-41 399108
fi=(267)
668 1596432
+45 1197324
fi=(272)
53 1596432
-41 399108
fi=(248)
5666 399108
fi=(267)
668 2394648
fi=(248)
5666 399108
fi=(267)
668 798216
+45 1197324
fi=(272)
53 1596432
-41 399108
fe=(306)
+27 1197324
fi=(248)
5602 399108
fi=(244)
45 399108
fi=(248)
5602 399108
+64 399108
fe=(306)
40 399108
-1 399108
fi=(244)
+6 798216
fi=(248)
5666 399108
fe=(306)
40 399108
+2 399108
fi=(244)
+3 399108
fi=(248)
5666 399108
fe=(306)
42 399108
+4 364796
+1 2553572
+1 1094388
+1 364796
-1 1823980
+1 364796
-1 1459184
+1 364796
-1 2553572
+1 364796
cfi=(279)
cfn=(3546) rendering::TerrainSurface::edgeKey(glm::vec<3, double, (glm::qualifier)0> const&, glm::vec<3, double, (glm::qualifier)0> const&)
calls=364796 376 
* 83589252
-2 240184
+1 102936
+1 34312
-1 171560
+1 34312
-1 137248
+1 34312
-1 240184
+1 34312
cfi=(279)
cfn=(3546)
calls=34312 376 
* 7874492
-1 2394648
+1 798216
-1 3991080
+1 798216
-1 3192864
+1 798216
-1 5587512
+1 798216
cfi=(279)
cfn=(3546)
calls=798216 376 
* 182968714
fi=(212)
735 1197324
1950 2394648
fi=(218)
1220 9578552
fi=(212)
780 19491598
1950 19491598
fi=(218)
1220 122363982
fi=(212)
788 10847752
1950 21695504
fi=(214)
529 2394638
fi=(218)
1220 4394249
fi=(206)
137 1197324
cob=(7)
cfi=(152)
cfn=(1638)
calls=598662 0 
* 110370560
* 598662
fi=(301)
1817 598662
fi=(206)
137 598662
fi=(301)
1818 1197324
fi=(235)
1183 598662
fi=(301)
1817 2993310
+1 12571902
fi=(212)
2217 1197324
fi=(218)
1220 5583594
fi=(212)
2229 1195734
302 1790796
cob=(7)
cfi=(152)
cfn=(2024) std::_Rb_tree_decrement(std::_Rb_tree_node_base*)
calls=596932 0 
* 10995898
* 596932
fi=(218)
1220 1193864
fi=(212)
302 596932
fi=(218)
1220 3603650
fi=(212)
2233 1193864
749 552486
2384 1104972
cob=(7)
cfi=(152)
cfn=(1920)
calls=276243 0 
* 16532243
* 276243
* 1289676
cob=(7)
cfi=(152)
cfn=(1920)
calls=322419 0 
* 18630355
* 322419
+2 1197324
1639 598662
fe=(306)
50 4789296
+1 598662
-1 598662
+1 598662
-1 4789296
+1 598662
-1 598662
+1 598662
-4 3591972
fi=(208)
988 399108
fe=(306)
33 399108
fi=(208)
988 1995540
fe=(306)
33 798216
fi=(212)
996 5
fe=(306)
59 10
-1 20
fi=(212)
287 1153706
cob=(7)
cfi=(152)
cfn=(2200)
calls=576853 0 
* 8823190
* 576853
* 576853
fe=(306)
59 1153706
fi=(204)
514 1795986
fe=(306)
59 598662
fi=(204)
514 598662
fe=(306)
59 598662
fi=(300)
830 21874
fi=(204)
114 43748
fi=(207)
-17 21809
fi=(212)
287 21809
fi=(204)
119 21809
fi=(212)
287 21809
cob=(7)
cfi=(152)
cfn=(2200)
calls=21809 0 
* 308995
* 21809
* 21809
fe=(306)
59 43618
fi=(248)
4991 15
fi=(216)
1333 20
fi=(248)
4996 25
fi=(307) /usr/include/c++/12/bits/stl_tempbuf.h
108 15
+2 20
cob=(7)
cfi=(152)
cfn=(3690) operator new(unsigned long, std::nothrow_t const&)
calls=5 0 
* 1687
cob=(1)
cfi=(141)
cfn=(520)
calls=1 -34 
* 802
* 9
+2 10
fi=(248)
5001 30
cfn=(3692) void std::__stable_sort_adaptive<__gnu_cxx::__normal_iterator<rendering::TerrainSurface::refineShoreline(rendering::TerrainGeometry&, glm::vec<3, double, (glm::qualifier)0> const&) const::Edge**, std::vector<rendering::TerrainSurface::refineShoreline(rendering::TerrainGeometry&, glm::vec<3, double, (glm::qualifier)0> const&) const::Edge*, std::allocator<rendering::TerrainSurface::refineShoreline(rendering::TerrainGeometry&, glm::vec<3, double, (glm::qualifier)0> const&) const::Edge*> > >, rendering::TerrainSurface::refineShoreline(rendering::TerrainGeometry&, glm::vec<3, double, (glm::qualifier)0> const&) const::Edge**, long, __gnu_cxx::__ops::_Iter_comp_iter<rendering::TerrainSurface::refineShoreline(rendering::TerrainGeometry&, glm::vec<3, double, (glm::qualifier)0> const&) const::{lambda(rendering::TerrainSurface::refineShoreline(rendering::TerrainGeometry&, glm::vec<3, double, (glm::qualifier)0> const&) const::Edge const*, rendering::TerrainSurface::refineShoreline(rendering::TerrainGeometry&, glm::vec<3, double, (glm::qualifier)0> const&) const::Edge const*)#2}> >(__gnu_cxx::__normal_iterator<rendering::TerrainSurface::refineShoreline(rendering::TerrainGeometry&, glm::vec<3, double, (glm::qualifier)0> const&) const::Edge**, std::vector<rendering::TerrainSurface::refineShoreline(rendering::TerrainGeometry&, glm::vec<3, double, (glm::qualifier)0> const&) const::Edge*, std::allocator<rendering::TerrainSurface::refineShoreline(rendering::TerrainGeometry&, glm::vec<3, double, (glm::qualifier)0> const&) const::Edge*> > >, __gnu_cxx::__normal_iterator<rendering::TerrainSurface::refineShoreline(rendering::TerrainGeometry&, glm::vec<3, double, (glm::qualifier)0> const&) const::Edge**, std::vector<rendering::TerrainSurface::refineShoreline(rendering::TerrainGeometry&, glm::vec<3, double, (glm::qualifier)0> const&) const::Edge*, std::allocator<rendering::TerrainSurface::refineShoreline(rendering::TerrainGeometry&, glm::vec<3, double, (glm::qualifier)0> const&) const::Edge*> > >, rendering::TerrainSurface::refineShoreline(rendering::TerrainGeometry&, glm::vec<3, double, (glm::qualifier)0> const&) const::Edge**, long, __gnu_cxx::__ops::_Iter_comp_iter<rendering::TerrainSurface::refineShoreline(rendering::TerrainGeometry&, glm::vec<3, double, (glm::qualifier)0> const&) const::{lambda(rendering::TerrainSurface::refineShoreline(rendering::TerrainGeometry&, glm::vec<3, double, (glm::qualifier)0> const&) const::Edge const*, rendering::TerrainSurface::refineShoreline(rendering::TerrainGeometry&, glm::vec<3, double, (glm::qualifier)0> const&) const::Edge const*)#2}>) [clone .isra.0]
calls=5 2709 
* 3430748
* 5
fi=(307)
74 15
cob=(7)
cfi=(152)
cfn=(1866)
calls=5 -74 
* 809
* 5
fi=(208)
988 10
fe=(306)
64 5
fi=(208)
988 10
fi=(289)
26 5
fi=(208)
988 5
fi=(289)
26 5
fe=(306)
+37 10
fi=(289)
-37 5
fe=(306)
+37 5
+2 10
+1 15
-1 21869
+1 65607
fi=(267)
623 42030
fe=(306)
67 14010
fi=(267)
623 28020
fe=(306)
67 14010
fi=(267)
623 14010
fe=(306)
67 42030
fi=(267)
713 28020
39 14010
713 14010
fi=(272)
53 14010
fi=(267)
713 28020
fi=(272)
53 14010
fi=(268)
+83 28020
+2 28020
fe=(306)
-69 28020
fi=(268)
+69 14010
fi=(267)
677 56040
40 28020
fe=(306)
+29 14010
cfi=(279)
cfn=(3348)
calls=14010 -58 
* 81991236
* 56040
cfi=(279)
cfn=(3582) rendering::TerrainSurface::makeGridSample(glm::vec<3, double, (glm::qualifier)0> const&, double) const
calls=14010 522 
* 175027015
* 140100
-4 65622
+6 15
+1 85
fi=(208)
988 15
fi=(289)
26 5
fi=(208)
988 5
fi=(289)
26 15
fe=(306)
+47 20
fi=(204)
-3 15
+2 10
fe=(306)
+3 5
fi=(208)
988 10
fe=(306)
75 15
fi=(208)
1121 5
+22 10
fe=(306)
26 5
fi=(208)
1143 5
fe=(306)
28 5
fi=(208)
1143 5
fe=(306)
28 10
fi=(267)
+30 10
713 5
fe=(306)
31 5
fi=(267)
+25 20
713 10
fe=(306)
31 20
fi=(267)
713 5
fi=(272)
53 20
fi=(208)
1121 399103
+22 798206
fe=(306)
26 399103
fi=(208)
1143 399103
fe=(306)
28 399103
fi=(208)
1143 399103
fe=(306)
28 798206
fi=(267)
+30 798206
713 399103
fe=(306)
31 399103
fi=(267)
+25 1596412
713 798206
fe=(306)
31 1596412
fi=(267)
713 399103
fi=(272)
53 1596412
-41 399108
fe=(306)
+17 798216
fi=(267)
+27 399108
fe=(306)
-25 399108
fi=(267)
+25 399108
fe=(306)
-25 399108
-2 399108
+2 1197324
fi=(267)
+27 399108
fe=(306)
-29 399108
fi=(267)
+28 399108
+1 798216
fe=(306)
-27 798216
fi=(267)
+26 798216
fe=(306)
-26 1197324
fi=(267)
+25 798216
fe=(306)
-25 798216
-5 399108
+2 399108
fi=(208)
1143 399108
fe=(306)
28 798216
fi=(267)
+30 798216
713 399108
fe=(306)
31 399108
fi=(267)
+25 1596432
713 798216
fe=(306)
31 399108
fi=(267)
+8 399108
fe=(306)
-8 399108
fi=(267)
713 399108
fi=(272)
53 1596432
-41 399108
fe=(306)
+17 399108
fi=(267)
+27 399108
fe=(306)
-25 798216
fi=(267)
+25 399108
fe=(306)
-25 1197324
-2 399108
fi=(267)
+29 399108
-1 399108
+1 798216
fe=(306)
-27 798216
fi=(267)
+26 798216
fe=(306)
-26 1197324
fi=(267)
+25 798216
fe=(306)
-25 798216
-5 399108
+2 399108
fi=(208)
1143 399108
fe=(306)
28 798216
fi=(267)
+30 798216
713 399108
fe=(306)
31 399108
fi=(267)
+25 1596432
fe=(306)
-25 399108
fi=(267)
713 1197324
fe=(306)
31 399108
fi=(267)
713 399108
fi=(272)
53 1995540
-41 399108
fe=(306)
+17 399108
+2 399108
+48 399108
-48 798216
+48 399108
-48 798216
-2 399108
fi=(267)
+27 399108
+2 399108
-2 399108
+1 399108
+1 1197324
fe=(306)
+21 399108
-48 798216
fi=(267)
+26 798216
fe=(306)
-26 798216
fi=(267)
+25 798216
fe=(306)
-25 798216
+50 7183944
cfi=(279)
cfn=(3546)
calls=399108 376 
* 91463744
* 14367888
cfi=(279)
cfn=(3546)
calls=798216 376 
* 182968714
fi=(212)
735 1197324
1950 3591972
fi=(218)
1220 131340252
fi=(212)
788 10586410
1950 21771418
fi=(214)
550 3591972
fi=(218)
1220 45404877
fi=(267)
667 102936
-1 102936
+1 102936
-1 102936
+2 823488
+45 308808
fi=(272)
53 514680
-41 102936
fe=(306)
+39 411744
fi=(267)
668 128697
fi=(205)
259 42899
fi=(267)
668 42899
fe=(306)
52 42899
fi=(267)
667 42899
-1 42899
+2 42899
+45 85798
-45 171596
+45 85798
fi=(272)
53 42899
fi=(267)
668 85798
+45 42899
fi=(272)
53 42899
fi=(267)
713 85798
fi=(272)
53 42899
fi=(267)
713 85798
fi=(272)
53 85798
fi=(205)
259 85798
-24 43720
fi=(267)
695 2334
-72 3112
+45 2334
+45 2334
fi=(272)
53 3890
fi=(267)
623 168484
+45 126363
+45 126363
fi=(272)
53 210605
-41 42899
fe=(306)
+42 85798
fi=(218)
1220 1565648
fi=(212)
2220 2380
fi=(218)
1220 4740
fi=(212)
2255 20
cfn=(3658) std::_Rb_tree<std::pair<std::array<long, 3ul>, std::array<long, 3ul> >, std::pair<std::pair<std::array<long, 3ul>, std::array<long, 3ul> > const, rendering::TerrainSurface::refineShoreline(rendering::TerrainGeometry&, glm::vec<3, double, (glm::qualifier)0> const&) const::Edge>, std::_Select1st<std::pair<std::pair<std::array<long, 3ul>, std::array<long, 3ul> > const, rendering::TerrainSurface::refineShoreline(rendering::TerrainGeometry&, glm::vec<3, double, (glm::qualifier)0> const&) const::Edge> >, std::less<std::pair<std::array<long, 3ul>, std::array<long, 3ul> > >, std::allocator<std::pair<std::pair<std::array<long, 3ul>, std::array<long, 3ul> > const, rendering::TerrainSurface::refineShoreline(rendering::TerrainGeometry&, glm::vec<3, double, (glm::qualifier)0> const&) const::Edge> > >::_M_get_insert_unique_pos(std::pair<std::array<long, 3ul>, std::array<long, 3ul> > const&)
calls=5 2107 
* 90
* 10
2463 10
-82 10
-1 1289676
fi=(218)
1220 644828
fi=(267)
713 213665
fi=(272)
53 128199
fi=(268)
+83 85466
+2 85466
fe=(306)
-95 85466
fi=(268)
+95 42733
fe=(306)
-95 42733
fi=(267)
677 170932
40 85466
fe=(306)
+3 42733
cfi=(279)
cfn=(3348)
calls=42733 -32 
* 250120181
-3 85466
+3 42733
+3 42733
-6 42733
+1 42733
fi=(205)
236 85466
+24 85466
fe=(306)
46 308180
fi=(212)
1950 10
fi=(218)
1220 4320467
fi=(267)
695 728984
fi=(218)
1220 1361346
59 644828
1220 47375500
fi=(212)
780 2394648
1950 2394648
780 18217076
1950 18815802
fi=(218)
1220 3591972
fi=(214)
552 2394648
fe=(306)
82 1197324
fi=(214)
552 1197324
fe=(306)
82 1253364
-2 3591972
+5 798216
+1 26120
+4 31377
+7 243054
cfi=(279)
cfn=(3636) rendering::TerrainSurface::emitFace(rendering::TerrainSurface::GridSample const&, rendering::TerrainSurface::GridSample const&, rendering::TerrainSurface::GridSample const&, rendering::TerrainGeometry&) const
calls=13503 570 
* 6130362
-1 54012
+2 40509
cfi=(279)
cfn=(3636)
calls=4501 570 
* 2043454
fi=(208)
988 399108
fe=(306)
75 798216
fi=(208)
988 1995540
fe=(306)
75 798216
fi=(208)
+40 5
+2 5
-2 5
+2 5
-2 15
+2 10
-2 5
386 10
-19 5
fi=(206)
158 5
cob=(7)
cfi=(152)
cfn=(1866)
calls=5 0 
* 345
* 5
fi=(208)
-43 5
+2 5
-2 5
+2 5
-2 15
+2 10
-2 5
386 10
-19 5
fi=(206)
158 5
cob=(7)
cfi=(152)
cfn=(1866)
calls=5 0 
* 555
* 5
fi=(208)
367 5
+19 10
-19 5
+19 10
-19 5
+19 25
fi=(206)
158 15
cob=(7)
cfi=(152)
cfn=(1866)
calls=5 0 
* 997
* 5
fi=(212)
735 5
1933 10
+2 190
cfn=(3730) std::_Rb_tree<std::pair<std::array<long, 3ul>, std::array<long, 3ul> >, std::pair<std::pair<std::array<long, 3ul>, std::array<long, 3ul> > const, rendering::TerrainSurface::refineShoreline(rendering::TerrainGeometry&, glm::vec<3, double, (glm::qualifier)0> const&) const::Edge>, std::_Select1st<std::pair<std::pair<std::array<long, 3ul>, std::array<long, 3ul> > const, rendering::TerrainSurface::refineShoreline(rendering::TerrainGeometry&, glm::vec<3, double, (glm::qualifier)0> const&) const::Edge> >, std::less<std::pair<std::array<long, 3ul>, std::array<long, 3ul> > >, std::allocator<std::pair<std::pair<std::array<long, 3ul>, std::array<long, 3ul> > const, rendering::TerrainSurface::refineShoreline(rendering::TerrainGeometry&, glm::vec<3, double, (glm::qualifier)0> const&) const::Edge> > >::_M_erase(std::_Rb_tree_node<std::pair<std::pair<std::array<long, 3ul>, std::array<long, 3ul> > const, rendering::TerrainSurface::refineShoreline(rendering::TerrainGeometry&, glm::vec<3, double, (glm::qualifier)0> const&) const::Edge> >*) [clone .isra.0]
calls=95 -6 
* 108732788
779 95
+1 95
fi=(206)
158 190
cob=(7)
cfi=(152)
cfn=(1866)
calls=95 0 
* 16581
* 95
fi=(212)
1933 190
fe=(306)
15 5
fi=(208)
988 15
fe=(306)
15 5
fi=(208)
988 2
fi=(309)
37 1
fi=(208)
988 1
fi=(289)
26 1
fi=(208)
988 1
fi=(289)
26 1
fe=(306)
+78 1
fi=(289)
-78 1
fe=(306)
+78 2
fi=(309)
-67 1
cfi=(179)
cfn=(3734)
calls=1 +24 
* 3
fe=(306)
+68 8
fi=(218)
1220 19101144
fe=(306)
85 2316288
cfi=(279)
cfn=(3636)
calls=386048 570 
* 175265792
* 386048
+6 11916
+1 5958
-1 47664
+1 5958
-1 11916
+1 17874
-1 41706
+1 5958
-1 17874
+1 17874
fi=(305) /usr/include/c++/12/array
-31 11916
fe=(306)
+31 5958
fi=(305)
-31 5958
fe=(306)
+31 5958
cfi=(279)
cfn=(3636)
calls=5958 570 
* 2704932
fi=(305)
-31 11916
fe=(306)
+32 11916
fi=(305)
-32 11916
fe=(306)
+32 5958
fi=(305)
-32 11916
fe=(306)
+32 17874
cfi=(279)
cfn=(3636)
calls=5958 570 
* 2704932
+1 35748
cfi=(279)
cfn=(3636)
calls=5958 570 
* 2704932
* 5958
-7 5202
+1 5202
-1 33813
+1 2601
fi=(305)
-27 7803
fe=(306)
+27 5202
fi=(305)
-27 2601
fe=(306)
+27 2601
fi=(305)
-27 2601
fe=(306)
+27 2601
fi=(305)
-27 2601
fe=(306)
+27 7803
cfi=(279)
cfn=(3636)
calls=2601 570 
* 1180854
+1 10404
fi=(305)
-28 2601
fe=(306)
+28 2601
fi=(305)
-28 5202
fe=(306)
+28 2601
cfi=(279)
cfn=(3636)
calls=2601 570 
* 1180854
* 2601
fi=(218)
1220 1400
fi=(208)
1893 65
988 130
1893 130
fi=(205)
259 390
fi=(208)
378 130
fi=(207)
97 130
fi=(204)
477 65
fi=(213)
1105 130
fi=(208)
386 10
-8 65
fi=(204)
515 130
fi=(213)
1117 180
cob=(3)
cfi=(187)
cfn=(1644)
calls=60 264 
* 253075
* 60
* 60
fi=(206)
158 240
cob=(7)
cfi=(152)
cfn=(1866)
calls=60 0 
* 7029
* 60
* 60
fi=(320)
496 60
fi=(206)
137 15
cob=(7)
cfi=(152)
cfn=(1638)
calls=5 0 
* 1830
* 5
fi=(204)
-57 10
fi=(206)
+57 5
fi=(213)
1104 10
fi=(204)
94 5
fi=(213)
1104 10
+1 10
fi=(208)
386 10
988 5
fi=(204)
96 5
+2 10
fi=(208)
988 10
fi=(204)
96 5
fi=(289)
-70 5
fi=(208)
988 5
fi=(289)
26 5
fe=(306)
+48 5
fi=(289)
-48 5
fe=(306)
+48 15
fi=(204)
-4 15
fi=(208)
1075 20
fi=(204)
72 10
fi=(208)
988 5
fi=(206)
137 10
fi=(208)
988 5
fi=(206)
137 5
cob=(7)
cfi=(152)
cfn=(1638)
calls=5 0 
* 2408
* 5
fi=(204)
-57 5
fi=(213)
1104 5
fi=(206)
137 5
fi=(204)
-43 5
fi=(213)
1104 5
fi=(204)
94 5
fi=(213)
1105 10
fi=(208)
386 10
fi=(204)
97 5
-1 5
+2 5
-1 5
+1 10
fi=(208)
1897 195
fi=(206)
137 195
cob=(7)
cfi=(152)
cfn=(1638)
calls=65 0 
* 8493
* 65
* 65
fi=(204)
517 195
fe=(306)

fl=(280)
fn=(3258)
36 2
fi=(247)
567 2
fe=(280)
36 4
fi=(247)
567 2
fe=(280)
40 2
-2 8
fi=(247)
567 2
fe=(280)
38 2
+2 2
-2 20
+2 2
-1 6
fi=(247)
567 4
fe=(280)
39 4
fi=(247)
567 4
fe=(280)
40 4
fi=(247)
567 4
fe=(280)
40 4
fi=(281)
+84 2
+4 4
fe=(280)
-83 2
fi=(281)
+87 2
-7 2
fi=(270)
509 4
fi=(281)
129 2
fi=(270)
510 2
-1 2
fi=(281)
133 2
-7 2
fi=(270)
511 2
-2 2
fi=(281)
130 2
+4 2
fi=(270)
510 2
+1 2
-2 8
+1 12
+1 4
-1 2
+2 2
+1 4
-2 8
+2 4
-2 2
+4 2
+2 4
-4 8
+1 4
-1 2
+1 14
+2 2
+1 14
fe=(280)
47 2
fi=(247)
567 4
fe=(280)
47 4
fi=(247)
567 8
fe=(280)
47 8
+1 12
-1 16
fi=(247)
567 8
fe=(280)
47 8
+1 8
-1 12
fi=(247)
567 8
fe=(280)
47 8
+1 8
-1 8
-2 8
+2 8
+1 2
-1 2
fi=(258)
+25 2
fe=(280)
-25 4
fi=(247)
567 4
fe=(280)
47 4
+1 2
fi=(258)
+24 2
fe=(280)
-25 4
fi=(281)
258 8
+1 4
+1 4
-2 2
fe=(280)
50 2
fi=(281)
259 2
-1 2
+2 2
-1 2
+1 2
-1 2
+1 2
fe=(280)
50 4
+2 8
-4 2
fi=(258)
+24 2
fe=(280)
-25 4
fi=(247)
567 4
fe=(280)
47 4

fn=(3268)
54 15
+41 3
fi=(247)
567 3
fe=(280)
98 3
fi=(247)
567 6
fe=(280)
98 6
-2 3
fi=(247)
567 6
fe=(280)
95 6
+2 3
fi=(247)
567 3
fe=(280)
96 6
+1 9
+1 6
+1 3
-1 12
fi=(283) /workspace/build/_deps/glm-src/glm/detail/func_trigonometric.inl
-85 24
-4 3
cob=(4)
cfi=(266)
cfn=(3144)
calls=3 +28 
* 330
* 3
+4 27
-4 3
cob=(4)
cfi=(266)
cfn=(3144)
calls=3 +28 
* 369
* 3
fe=(280)
+50 6
+3 3
fi=(267)
695 6
fe=(280)
59 3
fi=(270)
473 3
fe=(280)
59 3
fi=(267)
695 9
fi=(270)
473 6
-2 3
+2 3
-2 3
+2 9
-2 3
+2 3
-2 3
fi=(267)
623 3
fi=(270)
471 6
fi=(267)
40 3
fi=(270)
471 12
+2 3
fi=(267)
621 3
+2 3
40 3
fe=(280)
+22 18

fn=(3282)
74 45
+21 9
fi=(247)
567 9
fe=(280)
98 9
fi=(247)
567 18
fe=(280)
98 18
-2 9
fi=(247)
567 18
fe=(280)
95 18
+2 9
fi=(247)
567 9
fe=(280)
96 18
+1 27
+1 18
+1 9
-1 36
fi=(283)
-85 63
-4 9
cob=(4)
cfi=(266)
cfn=(3144)
calls=9 +28 
* 990
* 9
+4 81
-4 9
cob=(4)
cfi=(266)
cfn=(3144)
calls=9 +28 
* 1107
* 9
fe=(280)
+71 9
fi=(270)
473 36
fe=(280)
85 9
-5 9
fi=(270)
473 9
-2 18
fe=(280)
80 9
fi=(270)
473 9
-2 9
fe=(280)
79 18
fi=(270)
471 9
fe=(280)
79 18
fi=(270)
473 9
-2 9
+2 9
-2 18
+2 9
-2 27
+2 27
-2 18
fe=(280)
83 9
fi=(270)
471 18
+2 9
-2 27
+2 9
fi=(267)
40 9
fe=(280)
+41 9
+1 9
-1 9
fi=(267)
-41 9
fi=(270)
471 9
+2 9
-2 45
+2 9
fi=(267)
40 9
fi=(270)
473 18
fe=(280)
82 9
fi=(270)
471 9
+1 9
-1 9
+1 9
+1 27
fi=(267)
40 9
fi=(270)
471 9
+1 9
-1 9
+1 9
+1 9
-2 18
+1 9
-1 9
+1 18
+1 45
fi=(267)
40 27
fe=(280)
+45 54

fl=(245)
fn=(2488) config::AutoExposureConfig::AutoExposureConfig(config::Config const&)
22 16
+1 2
-1 8
+1 2
fi=(210)
2740 6
fi=(212)
745 2
1004 2
1336 4
1004 4
fi=(185)
372 4
fi=(212)
792 2
1336 4
fi=(218)
59 12
fi=(205)
235 12
fi=(185)
385 12
cob=(3)
cfi=(175)
cfn=(1260)
calls=4 80 
* 98
* 4
fi=(186)
896 8
fi=(185)
+94 8
fi=(212)
783 2
1340 2
-4 8
-30 4
fi=(235)
607 4
fi=(205)
235 4
fi=(185)
372 6
+13 8
cob=(3)
cfi=(175)
cfn=(1260)
calls=2 80 
* 44
* 2
fi=(186)
896 4
fi=(185)
385 2
fi=(186)
896 2
fi=(184)
200 4
fe=(245)
26 2
fi=(185)
431 2
fe=(245)
26 2
fi=(184)
200 2
fi=(185)
431 2
fi=(184)
229 2
fi=(185)
354 2
fe=(245)
26 2
cfi=(242)
cfn=(2376)
calls=2 +3 
* 479
fi=(184)
234 2
fe=(245)
26 2
fi=(184)
285 4
fe=(245)
27 6
fi=(184)
200 2
fi=(185)
431 6
fi=(184)
229 2
fi=(185)
354 2
fe=(245)
27 2
cfi=(242)
cfn=(2394)
calls=2 +2 
* 477
fi=(184)
234 2
fe=(245)
27 2
fi=(184)
285 4
fe=(245)
28 6
fi=(184)
200 2
fi=(185)
431 6
fi=(184)
229 2
fi=(185)
354 2
fe=(245)
28 2
cfi=(242)
cfn=(2394)
calls=2 +1 
* 408
fi=(184)
234 2
fe=(245)
28 2
fi=(184)
285 4
fe=(245)
29 2
fi=(206)
137 2
fi=(184)
+63 2
fe=(245)
29 2
fi=(206)
137 2
cob=(7)
cfi=(152)
cfn=(1638)
calls=2 0 
* 108
* 2
fi=(185)
431 2
fe=(245)
29 4
fi=(185)
354 2
fe=(245)
29 2
fi=(185)
431 2
fi=(184)
224 2
+37 2
-32 2
fe=(245)
29 2
cfi=(242)
cfn=(2394)
calls=2 * 
* 475
fi=(184)
234 2
fe=(245)
29 2
fi=(184)
285 4
+7 4
fi=(206)
158 2
cob=(7)
cfi=(152)
cfn=(1866)
calls=2 0 
* 188
* 2
fe=(245)
30 6
fi=(184)
200 2
fi=(185)
431 2
-77 2
+77 6
fi=(184)
229 2
fe=(245)
30 2
cfi=(242)
cfn=(2394)
calls=2 -1 
* 551
fi=(184)
234 2
fe=(245)
30 2
fi=(184)
285 4
fi=(240)
41 2
fi=(247)
567 2
fi=(240)
44 2
fi=(247)
567 4
fi=(240)
44 4
-3 6
+1 2
fi=(247)
567 4
fi=(240)
41 4
+1 10
+1 2
fi=(247)
567 4
fi=(240)
42 4
+1 8
+1 2
fi=(247)
567 2
fi=(240)
43 4
+1 8
fe=(245)
-12 16
fi=(185)
385 6
cob=(3)
cfi=(175)
cfn=(1260)
calls=2 80 
* 44
* 2
fi=(186)
896 4
fi=(185)
+94 4
fi=(212)
783 2
1340 4
fe=(245)
24 4
cfi=(210)
cfn=(2258)
calls=2 2163 
* 496
* 4
+2 4

fn=(2470) config::TerrainShadowConfig::TerrainShadowConfig(config::Config const&)
6 16
+1 2
-1 6
+1 2
fi=(210)
2740 6
fi=(212)
745 2
1004 2
1336 4
1004 2
1334 4
fi=(185)
372 4
fi=(212)
792 4
1336 8
fi=(218)
59 12
fi=(205)
235 12
fi=(185)
385 12
cob=(3)
cfi=(175)
cfn=(1260)
calls=4 80 
* 105
* 4
fi=(186)
896 8
fi=(185)
+94 8
fi=(212)
1336 4
-30 6
fi=(235)
607 4
fi=(205)
235 4
fi=(185)
372 6
+13 8
cob=(3)
cfi=(175)
cfn=(1260)
calls=2 80 
* 44
* 2
fi=(186)
896 6
fi=(185)
+94 2
385 4
-13 8
+13 12
cob=(3)
cfi=(175)
cfn=(1260)
calls=4 80 
* 78
* 4
fi=(186)
896 8
fi=(185)
+94 4
fi=(212)
783 2
1340 2
-4 4
fi=(218)
59 12
fi=(205)
235 12
fi=(185)
385 6
cob=(3)
cfi=(175)
cfn=(1260)
calls=2 80 
* 42
* 2
fi=(186)
896 4
fi=(185)
+94 12
fi=(212)
792 4
1336 8
-30 6
fi=(235)
607 4
fi=(205)
235 4
fi=(185)
372 6
+13 8
cob=(3)
cfi=(175)
cfn=(1260)
calls=2 80 
* 36
* 2
fi=(186)
896 4
fi=(184)
200 2
fe=(245)
13 2
fi=(184)
200 2
fe=(245)
13 4
fi=(184)
200 2
fi=(185)
431 2
fi=(184)
229 2
fi=(185)
431 2
-77 2
fe=(245)
13 2
cfi=(242)
cfn=(2376)
calls=2 +16 
* 470
fi=(184)
234 2
fe=(245)
13 2
fi=(184)
285 4
fe=(245)
14 6
fi=(184)
200 2
fe=(245)
14 2
fi=(185)
354 2
+77 8
fi=(184)
229 2
fe=(245)
14 2
cfi=(242)
cfn=(2394)
calls=2 +15 
* 480
fi=(184)
234 2
+51 4
fe=(245)
15 10
+2 2
+1 6
fi=(184)
200 2
+29 2
fi=(185)
354 2
fe=(245)
17 2
fi=(185)
431 6
fe=(245)
18 2
cfi=(242)
cfn=(2394)
calls=2 +11 
* 402
fi=(184)
234 2
fe=(245)
18 2
fi=(184)
285 4
fi=(240)
20 4
+1 4
-1 6
+1 2
-1 2
fi=(247)
567 4
fi=(240)
20 4
+1 10
fe=(245)
-1 16
fi=(185)
385 6
cob=(3)
cfi=(175)
cfn=(1260)
calls=2 80 
* 44
* 2
fi=(186)
896 4
fi=(185)
+94 4
fi=(212)
783 2
1340 4
fe=(245)
11 6
cfi=(210)
cfn=(2258)
calls=2 2163 
* 490
fi=(210)
1338 4
fe=(245)
11 4
-2 4
cfi=(210)
cfn=(2258)
calls=2 2163 
* 494
* 4
fi=(210)
2740 6
fi=(212)
745 2
1004 2
1336 4
fe=(245)

fn=(2450)
34 14
+1 2
+1 2
-1 2
fi=(240)
+3 2
-22 2
fe=(245)
+19 4
fi=(240)
+3 4
fe=(245)
-3 2
fi=(240)
-19 6
+22 2
fe=(245)
-3 2
fi=(240)
+3 2
fe=(245)
-2 4
fi=(184)
200 4
fi=(185)
354 2
+77 2
fi=(184)
200 2
fe=(245)
37 4
fi=(185)
431 4
fi=(184)
200 2
fi=(185)
431 2
fi=(184)
229 2
fe=(245)
37 2
cfi=(242)
cfn=(2394)
calls=2 -8 
* 480
fi=(184)
234 2
fe=(245)
37 2
fi=(184)
285 4
fe=(245)
38 2
fi=(206)
+99 2
fi=(184)
+63 2
fe=(245)
38 2
fi=(206)
+99 2
cob=(7)
cfi=(152)
cfn=(1638)
calls=2 0 
* 108
* 2
fi=(185)
431 2
fe=(245)
38 4
fi=(185)
431 2
fe=(245)
38 2
fi=(185)
431 2
-77 2
+77 2
fi=(184)
224 2
+37 2
-32 2
fe=(245)
38 2
cfi=(242)
cfn=(2394)
calls=2 -9 
* 554
fi=(184)
234 2
fe=(245)
38 2
fi=(184)
285 4
+7 4
fi=(206)
158 2
cob=(7)
cfi=(152)
cfn=(1866)
calls=2 0 
* 188
* 2
fe=(245)
39 6
fi=(184)
200 2
fi=(185)
431 2
-77 2
+77 2
fi=(184)
229 2
fe=(245)
39 2
cfi=(242)
cfn=(2394)
calls=2 -10 
* 476
fi=(184)
234 2
fe=(245)
39 2
fi=(184)
285 4
fi=(210)
2740 4
fi=(206)
137 2
fe=(245)
-95 2
fi=(184)
200 2
fi=(206)
-63 2
cob=(7)
cfi=(152)
cfn=(1638)
calls=2 0 
* 108
* 2
fi=(185)
431 2
fe=(245)
42 4
fi=(185)
354 2
fe=(245)
42 2
fi=(185)
431 4
fi=(184)
224 2
+37 2
-32 2
fe=(245)
42 2
cfi=(242)
cfn=(2376)
calls=2 -13 
* 470
fi=(184)
234 2
fe=(245)
42 2
fi=(184)
285 4
+7 4
fi=(206)
158 2
cob=(7)
cfi=(152)
cfn=(1866)
calls=2 0 
* 188
* 2
fi=(210)
2740 4
fi=(240)
20 4
+1 4
-1 6
+1 2
fi=(247)
567 2
fi=(240)
20 2
fi=(247)
567 4
fi=(240)
20 4
+1 10
+20 2
fi=(247)
567 4
fi=(240)
44 4
-3 4
+1 2
fi=(247)
567 4
fi=(240)
41 4
+1 10
+1 2
fi=(247)
567 4
fi=(240)
42 4
+1 10
+1 2
fi=(247)
567 4
fi=(240)
43 4
+1 8
+21 2
fi=(247)
567 4
fi=(240)
67 4
-2 8
+1 2
fi=(247)
567 4
fi=(240)
65 4
+1 6
+1 2
fi=(247)
567 2
fi=(240)
66 4
+1 8
fe=(245)
-19 16
fi=(210)
2740 2
fi=(212)
745 2
1004 4
1336 4
1004 4
fi=(185)
372 12
fi=(212)
792 4
1336 8
fi=(218)
59 12
fi=(205)
235 12
fi=(185)
990 8
fi=(212)
1336 4
-30 8
fi=(235)
607 4
fi=(205)
235 4
fi=(185)
372 6
+13 8
cob=(3)
cfi=(175)
cfn=(1260)
calls=2 80 
* 36
* 2
fi=(186)
896 4
fe=(245)
40 6
cfi=(210)
cfn=(2258)
calls=2 2163 
* 792
* 4
fi=(185)
385 18
cob=(3)
cfi=(175)
cfn=(1260)
calls=6 80 
* 121
* 6
fi=(186)
896 12
fi=(185)
+94 4
fi=(212)
783 2
1340 4
fi=(210)
2740 2
fi=(212)
745 2
1004 2
1336 4
1004 2
1334 4
fi=(185)
372 4
+13 8
cob=(3)
cfi=(175)
cfn=(1260)
calls=2 80 
* 44
* 2
fi=(186)
896 6
fi=(185)
+94 4
fi=(212)
783 2
1340 2
-4 4
fi=(218)
59 12
fi=(205)
235 12
fi=(185)
385 16
cob=(3)
cfi=(175)
cfn=(1260)
calls=4 80 
* 84
* 4
fi=(186)
896 8
fi=(185)
+94 12
fi=(212)
792 4
1336 8
-30 6
fi=(235)
607 4
fi=(205)
235 4
fi=(185)
372 6
+13 8
cob=(3)
cfi=(175)
cfn=(1260)
calls=2 80 
* 44
* 2
fi=(186)
896 6
fe=(245)
44 4
cfi=(210)
cfn=(2258)
calls=2 2163 
* 510
* 6
cfi=(210)
cfn=(2152)
calls=2 1148 
* 6290
fi=(210)
1216 2
fe=(245)
44 4
fi=(210)
1222 2
+1 2
-7 2
fe=(245)
44 2
cfn=(2470)
calls=2 -38 
* 3199
* 2
fi=(210)
4216 4
fe=(245)
44 2
fi=(210)
4216 2
cfn=(1842)
calls=2 554 
* 7545
2740 6
fi=(212)
745 2
1004 2
1336 8
fi=(185)
372 12
+13 18
cob=(3)
cfi=(175)
cfn=(1260)
calls=6 80 
* 119
* 6
fi=(186)
896 12
fi=(185)
+94 4
fi=(212)
783 4
1340 4
-4 8
fi=(218)
59 12
fi=(205)
235 12
fi=(185)
990 10
fi=(212)
792 2
1336 4
-30 6
fi=(235)
607 4
fi=(205)
235 4
fi=(185)
372 6
+13 8
cob=(3)
cfi=(175)
cfn=(1260)
calls=2 80 
* 36
* 2
fi=(186)
896 4
fe=(245)
46 6
cfi=(210)
cfn=(2258)
calls=2 2163 
* 500
* 6
cfi=(210)
cfn=(2152)
calls=2 1148 
* 7555
fi=(210)
1216 2
fe=(245)
46 4
fi=(210)
1222 2
+1 2
-7 2
fe=(245)
46 2
cfn=(2488)
calls=2 -24 
* 3814
* 4
fi=(210)
4216 2
fe=(245)
46 2
fi=(210)
4216 2
fe=(245)
46 6
fi=(210)
4216 2
cfn=(1842)
calls=2 554 
* 10665
554 2
fe=(245)

fn=(2686)
50 4
fi=(208)
+50 4
fe=(245)
-50 36
fi=(208)
+50 8
fe=(245)
-50 8
fi=(206)
+87 4
fe=(245)
-87 4
fi=(206)
+87 4
cob=(7)
cfi=(152)
cfn=(1638)
calls=4 0 
* 216
* 4
fi=(205)
431 4
fi=(208)
1688 4
fe=(245)
51 4
fi=(208)
1687 4
fi=(205)
431 4
fi=(208)
1688 4
fi=(205)
431 4
fi=(208)
1689 4
fi=(205)
431 4
fe=(245)
51 4
fi=(184)
200 4
fi=(206)
-63 4
fe=(245)
-85 4
fi=(184)
200 4
fi=(206)
-63 4
cob=(7)
cfi=(152)
cfn=(1638)
calls=4 0 
* 216
* 4
fi=(185)
431 4
-77 4
fe=(245)
52 4
fi=(184)
224 4
fi=(185)
431 4
fe=(245)
52 16
fi=(184)
261 4
-32 4
fe=(245)
52 4
cfi=(242)
cfn=(2394)
calls=4 -23 
* 800
fi=(184)
234 4
fe=(245)
52 4
fi=(184)
285 8
+7 8
fi=(206)
158 4
cob=(7)
cfi=(152)
cfn=(1866)
calls=4 0 
* 376
* 4
fi=(210)
2740 8
fi=(208)
988 8
100 12
378 12
fi=(206)
120 12
+17 8
cob=(7)
cfi=(152)
cfn=(1638)
calls=4 0 
* 216
* 4
* 4
fi=(216)
1073 8
fi=(205)
429 12
fi=(208)
-34 4
+2 4
-2 4
+2 4
-2 4
fi=(205)
+35 8
+1 12
cob=(3)
cfi=(187)
cfn=(1644)
calls=4 264 
* 40
* 4
* 4
+1 4
fe=(245)
55 12
fi=(205)
432 4
fe=(245)
55 8
fi=(184)
200 4
fi=(185)
431 8
fi=(184)
229 4
fi=(185)
354 4
fe=(245)
55 4
cfi=(188)
cfn=(2408)
calls=4 +3 
* 5070
fi=(208)
+60 4
+2 4
-2 4
+2 4
-2 4
+2 4
-2 4
+2 4
-2 4
386 8
-19 4
fi=(206)
158 4
cob=(7)
cfi=(152)
cfn=(1866)
calls=4 0 
* 439
* 4
fi=(208)
367 12
+19 8
fi=(184)
234 4
+51 8
fi=(208)
+82 4
+19 8
-19 8
fi=(206)
158 4
cob=(7)
cfi=(152)
cfn=(1866)
calls=4 0 
* 439
* 4
fe=(245)
56 8
cfi=(240)
cfn=(2708)
calls=4 +25 
* 192
+1 32
fi=(210)
2740 4
fi=(212)
745 4
1004 8
1336 8
fi=(185)
372 8
fi=(218)
59 16
fi=(205)
235 16
fi=(185)
385 12
cob=(3)
cfi=(175)
cfn=(1260)
calls=4 80 
* 98
* 4
fi=(186)
896 8
fi=(185)
+94 8
fi=(212)
783 4
1340 4
-4 16
-30 8
fi=(235)
607 8
fi=(205)
235 8
fi=(185)
372 12
+13 16
cob=(3)
cfi=(175)
cfn=(1260)
calls=4 80 
* 96
* 4
fi=(186)
896 8
fe=(245)
53 12
cfi=(210)
cfn=(2258)
calls=4 2163 
* 840
* 8
fi=(185)
385 12
cob=(3)
cfi=(175)
cfn=(1260)
calls=4 80 
* 96
* 4
fi=(186)
896 8
fi=(185)
+94 8
fi=(212)
783 4
1340 8
fe=(245)

fl=(204)
fn=(3502) glm::vec<3, double, (glm::qualifier)0>& std::vector<glm::vec<3, double, (glm::qualifier)0>, std::allocator<glm::vec<3, double, (glm::qualifier)0> > >::emplace_back<glm::vec<3, double, (glm::qualifier)0> >(glm::vec<3, double, (glm::qualifier)0>&&) [clone .isra.0]
111 4800
+3 1800
fi=(207)
-17 600
fe=(204)
+22 600
fi=(207)
-22 1800
fe=(204)
+22 600
+8 4800

fn=(1924)
912 11
+3 1
fi=(215)
349 1
fe=(204)
915 2
fi=(215)
1481 1
257 1
+1 1
1481 2
fi=(205)
254 1
+5 2
fi=(206)
137 2
cob=(7)
cfi=(152)
cfn=(1638)
calls=1 0 
* 51
* 1
fi=(215)
945 2
fi=(206)
137 1
fi=(205)
430 2
fi=(215)
258 1
fi=(205)
432 1
-49 2
fi=(215)
103 8
257 1
+1 1
-1 1
+1 2
fi=(205)
383 4
fi=(215)
647 2
fe=(204)
934 1
-2 1
+1 2
+1 2
-2 2
+2 1
+2 8
-8 1
fi=(205)
383 1
fi=(215)
176 2
fe=(204)

fn=(2534)
309 12
fi=(375)
105 12
fe=(204)
309 12
fi=(375)
105 12
fe=(204)
309 72
fi=(208)
1075 36
fe=(204)
315 24
+29 72
fi=(208)
988 36
fe=(204)
329 24
fi=(205)
430 24
+1 24
cob=(3)
cfi=(187)
cfn=(1644)
calls=12 264 
* 120
* 12
fi=(208)
1930 12
fi=(205)
431 12
+1 12
fi=(208)
1930 24
fe=(204)

fn=(3616) rendering::TerrainSurface::GridSample& std::vector<rendering::TerrainSurface::GridSample, std::allocator<rendering::TerrainSurface::GridSample> >::emplace_back<rendering::TerrainSurface::GridSample>(rendering::TerrainSurface::GridSample&&) [clone .isra.0]
111 291760
+3 109410
fi=(207)
-17 36470
fe=(204)
+22 36470
fi=(207)
-22 328230
fe=(204)
+22 36470
+8 291760

fl=(279)
fn=(3466) rendering::TerrainSurface::collectBase(glm::vec<3, double, (glm::qualifier)0> const&, glm::vec<3, double, (glm::qualifier)0> const&, glm::vec<3, double, (glm::qualifier)0> const&, int, std::vector<rendering::TerrainSurface::BaseFace, std::allocator<rendering::TerrainSurface::BaseFace> >&)
413 200
fi=(267)
623 20
-2 20
+2 20
-2 20
+2 80
fe=(279)
414 40
fi=(267)
713 120
fi=(272)
53 20
fi=(267)
713 40
fi=(272)
53 20
fi=(268)
+83 60
+2 80
fi=(267)
677 80
-56 20
+2 20
40 20
623 20
40 60
623 20
+90 60
fi=(272)
53 20
fi=(267)
713 40
fi=(272)
53 20
fi=(268)
+83 60
+2 40
fi=(267)
623 40
fi=(268)
138 20
fi=(267)
-99 40
713 60
-36 80
40 40
713 60
fi=(272)
53 40
fi=(268)
+83 60
+2 40
fe=(279)
421 160
+1 20
fi=(267)
677 80
40 40
fe=(279)
421 20
cfn=(3467) rendering::TerrainSurface::collectBase(glm::vec<3, double, (glm::qualifier)0> const&, glm::vec<3, double, (glm::qualifier)0> const&, glm::vec<3, double, (glm::qualifier)0> const&, int, std::vector<rendering::TerrainSurface::BaseFace, std::allocator<rendering::TerrainSurface::BaseFace> >&)'2
calls=20 -8 
* 9820
+1 120
cfn=(3467)
calls=20 -9 
* 9820
+1 120
cfn=(3467)
calls=20 -10 
* 9820
+1 120
cfn=(3467)
calls=20 -11 
* 9820
+1 160

fn=(3467)
413 4000
fi=(267)
623 400
-2 400
+2 400
-2 400
+2 1600
fe=(279)
414 800
fi=(267)
713 480
fi=(272)
53 80
fi=(267)
713 160
fi=(272)
53 80
fi=(268)
+83 240
+2 320
fi=(267)
677 320
-56 80
+2 80
40 80
623 80
40 240
623 80
+90 240
fi=(272)
53 80
fi=(267)
713 160
fi=(272)
53 80
fi=(268)
+83 240
+2 160
fi=(267)
623 160
fi=(268)
138 80
fi=(267)
-99 160
713 240
-36 320
40 160
713 240
fi=(272)
53 160
fi=(268)
+83 240
+2 160
fe=(279)
421 640
+1 80
fi=(267)
677 320
40 160
fe=(279)
421 80
cfn=(3467)
calls=80 -8 
* 7280
+1 480
cfn=(3467)
calls=80 -9 
* 7280
+1 480
cfn=(3467)
calls=80 -10 
* 7280
+1 480
cfn=(3467)
calls=80 -11 
* 7280
+1 3200
fi=(267)
621 320
fe=(279)
415 320
fi=(267)
623 320
fe=(279)
415 320
fi=(267)
623 320
fe=(279)
415 3200
fi=(267)
713 640
fe=(279)
415 320
fi=(267)
39 320
fe=(279)
415 320
fi=(267)
713 320
fi=(272)
53 320
fi=(267)
713 640
fi=(272)
53 320
fi=(268)
+83 960
+2 640
fe=(279)
415 960
fi=(204)
114 320
fi=(268)
+24 320
fe=(279)
415 320
fi=(267)
677 1280
40 640
fi=(204)
+74 640
fi=(207)
-17 320
fi=(204)
+22 320
fi=(207)
-22 4800
fi=(204)
+22 640
fe=(279)

fn=(3546)
376 24637680
-4 7391304
cob=(4)
cfi=(299) ./math/../sysdeps/ieee754/dbl-64/s_llround.c
cfn=(3524) lround
calls=2463768 39 
* 66313296
* 2463768
* 7391304
+1 2463768
-1 2463768
cob=(4)
cfi=(299)
cfn=(3524)
calls=2463768 39 
* 66373096
* 2463768
+1 7391304
-1 2463768
+1 2463768
cob=(4)
cfi=(299)
cfn=(3524)
calls=2463768 39 
* 66320696
* 2463768
-1 4927536
+1 4927536
-1 2463768
cob=(4)
cfi=(299)
cfn=(3524)
calls=2463768 39 
* 66313296
* 2463768
* 7391304
+1 2463768
-1 2463768
cob=(4)
cfi=(299)
cfn=(3524)
calls=2463768 39 
* 66373096
* 2463768
+1 12318840
cob=(4)
cfi=(299)
cfn=(3524)
calls=2463768 39 
* 66320696
* 2463768
fi=(218)
1220 4927536
fe=(279)
373 2463768
fi=(218)
1220 7389000
fi=(300)
272 9855072
fe=(279)
379 22173912
fi=(218)
1220 32736
fi=(300)
272 9855072
fe=(279)
378 1231884

fn=(3230)
593 30
+6 2
cfi=(208)
cfn=(3232)
calls=2 -3 
* 320
* 4
+1 2
-1 2
+2 2
-2 14
+1 2
-1 10
+1 2
-1 14
+1 4
+1 2
cfi=(239)
cfn=(2780)
calls=2 115 
* 187
fi=(247)
-34 4
fi=(239)
161 2
fi=(247)
567 2
fi=(239)
161 2
fi=(247)
567 2
fi=(239)
161 2
-6 2
fi=(247)
567 2
fi=(239)
155 2
fi=(247)
567 2
fi=(239)
154 4
+1 6
+1 2
fi=(247)
567 4
fi=(239)
155 4
+1 8
+1 2
fi=(247)
567 4
fi=(239)
156 4
+1 10
+1 2
fi=(247)
567 4
fi=(239)
157 4
+1 8
+1 2
fi=(247)
567 2
fi=(239)
159 2
fi=(247)
567 2
fi=(239)
158 4
+1 6
+1 2
fi=(247)
567 4
fi=(239)
159 4
+1 8
+1 2
fi=(247)
567 4
fi=(239)
160 4
+1 8
+17 2
fi=(247)
567 4
fi=(239)
179 4
-1 2
fi=(247)
567 4
fi=(239)
178 10
+1 4
+1 2
-1 6
fi=(216)
1073 6
fe=(279)
604 4
fi=(185)
385 2
fi=(239)
87 4
fi=(184)
3599 2
fi=(205)
230 2
+5 4
fi=(184)
3599 1
fi=(205)
230 1
+5 2
fi=(185)
372 2
+13 4
cob=(3)
cfi=(175)
cfn=(1260)
calls=1 80 
* 18
* 1
fi=(186)
896 8
fi=(239)
91 2
-4 3
fi=(247)
567 6
fi=(239)
86 6
+1 6
+1 3
fi=(247)
567 6
fi=(239)
87 6
+1 12
+1 12
+1 3
fi=(247)
567 6
fi=(239)
89 6
+1 12
+1 3
fi=(247)
567 6
fi=(239)
90 6
+1 12
fe=(279)
606 3
-2 3
+2 3
-2 6
fi=(239)
166 9
fe=(279)
608 1
+1 1
fi=(247)
-42 2
fe=(279)
+41 1
+4 2
-4 1
+1 1
fi=(247)
-42 2
fe=(279)
+41 1
+4 2
-3 6
+1 2
fi=(247)
-43 4
fe=(279)
+42 4
+1 4
fi=(247)
-43 4
fe=(279)
+43 4
+2 2
-1 4
fi=(208)
988 6
fe=(279)
612 4
+4 4
fi=(247)
-49 2
fe=(279)
+49 2
+2 16
fi=(185)
385 4
fi=(205)
235 4
fi=(185)
385 8
cob=(3)
cfi=(175)
cfn=(1260)
calls=2 80 
* 40
* 2
fi=(186)
896 8
fi=(184)
483 10
fi=(239)
86 4
fe=(279)

fn=(3518) rendering::TerrainSurface::buildGeometryForEye(glm::vec<3, double, (glm::qualifier)0> const&, glm::vec<3, double, (glm::qualifier)0> const&, std::vector<int, std::allocator<int> > const*, double) const::{lambda()#2}::operator()() const [clone .isra.0]
235 70
fi=(212)
-26 70
fe=(279)
+26 420
fi=(212)
-26 70
fi=(216)
1073 70
fe=(279)
235 70
fi=(212)
-60 70
+33 70
+2 70
+1 70
fi=(216)
1073 70
fi=(212)
209 70
fi=(216)
1073 70
fe=(279)
237 210
-2 70
+3 70
+2 140
372 140
240 420
372 70
cob=(4)
cfi=(299)
cfn=(3524)
calls=70 39 
* 1890
cob=(1)
cfi=(141)
cfn=(520)
calls=1 76 
* 667
* 74
235 22330
+3 22330
+2 44660
372 44660
240 133980
372 22330
cob=(4)
cfi=(299)
cfn=(3524)
calls=22330 39 
* 567910
* 22330
240 89600
372 89600
240 268800
372 44800
cob=(4)
cfi=(299)
cfn=(3524)
calls=44800 39 
* 1180200
* 44800
* 67200
240 67200
372 134400
+1 67200
-1 67200
cob=(4)
cfi=(299)
cfn=(3524)
calls=67200 39 
* 1750000
* 67200
+1 134400
-1 134400
+1 134400
cob=(4)
cfi=(299)
cfn=(3524)
calls=67200 39 
* 1750000
* 67200
* 67200
-1 67200
+1 134400
-1 268800
cob=(4)
cfi=(299)
cfn=(3524)
calls=67200 39 
* 1750000
* 67200
* 268800
+1 67200
-1 67200
cob=(4)
cfi=(299)
cfn=(3524)
calls=67200 39 
* 1750000
* 67200
+1 134400
-1 134400
+1 134400
cob=(4)
cfi=(299)
cfn=(3524)
calls=67200 39 
* 1750000
* 67200
fi=(218)
1220 67200
fe=(279)
373 134400
fi=(218)
1220 336000
fi=(300)
272 235200
fi=(212)
735 33600
fi=(300)
272 33600
fi=(212)
735 33600
1950 67200
fi=(218)
1220 402780
fi=(212)
209 134260
780 548240
1950 548240
fi=(218)
1220 3225740
fi=(212)
788 517160
1950 594440
fi=(214)
724 134260
fi=(218)
1220 237720
fi=(206)
137 100800
cob=(7)
cfi=(152)
cfn=(1638)
calls=33600 0 
* 6889400
* 33600
fi=(301)
1818 33600
fi=(212)
2462 67200
fi=(378) /usr/include/c++/12/ext/aligned_buffer.h
65 33600
fi=(301)
1817 33600
+1 33600
-1 67200
+1 33600
-1 100800
+1 100800
fi=(378)
65 33600
fi=(212)
2462 33600
cfn=(3536) std::_Rb_tree<std::pair<std::array<long, 3ul>, std::array<long, 3ul> >, std::pair<std::pair<std::array<long, 3ul>, std::array<long, 3ul> > const, rendering::TerrainSurface::EdgeInfo>, std::_Select1st<std::pair<std::pair<std::array<long, 3ul>, std::array<long, 3ul> > const, rendering::TerrainSurface::EdgeInfo> >, std::less<std::pair<std::array<long, 3ul>, std::array<long, 3ul> > >, std::allocator<std::pair<std::pair<std::array<long, 3ul>, std::array<long, 3ul> > const, rendering::TerrainSurface::EdgeInfo> > >::_M_get_insert_hint_unique_pos(std::_Rb_tree_const_iterator<std::pair<std::pair<std::array<long, 3ul>, std::array<long, 3ul> > const, rendering::TerrainSurface::EdgeInfo> >, std::pair<std::array<long, 3ul>, std::array<long, 3ul> > const&)
calls=33600 2209 
* 2456580
+1 67200
-1 33600
+1 33600
-83 117110
+4 69720
cob=(7)
cfi=(152)
cfn=(1920)
calls=17430 0 
* 1008840
* 17430
* 64680
cob=(7)
cfi=(152)
cfn=(1920)
calls=16170 0 
* 846020
* 16170
+2 100800
fi=(218)
1220 99120
fe=(279)
245 63840
fi=(218)
1220 196560
fe=(279)
246 84000
+2 84000
-10 16800
+10 16800
-10 33600
+8 67200
+2 84000
-10 16800
+10 16800
-10 33600
+10 168000
-10 33600
+10 33600
-10 67200
-1 89600
+15 630
fi=(218)
1220 1962940
fi=(212)
788 77280
fi=(218)
1220 372680
fi=(300)
272 235200
fi=(212)
735 33600
fi=(300)
272 33600
fi=(212)
735 33600
1950 67200
209 140
fi=(218)
1220 860510
fe=(279)
245 3360
fi=(218)
1220 8400
fe=(279)
245 1120
fi=(218)
1211 280
+9 242130
fe=(279)
245 2240
fi=(218)
1211 560
fe=(279)
245 63840
fi=(218)
1211 15960
fe=(279)

fn=(3544) rendering::TerrainSurface::buildGeometryForEye(glm::vec<3, double, (glm::qualifier)0> const&, glm::vec<3, double, (glm::qualifier)0> const&, std::vector<int, std::allocator<int> > const*, double) const::{lambda(std::map<std::pair<std::array<long, 3ul>, std::array<long, 3ul> >, rendering::TerrainSurface::EdgeInfo, std::less<std::pair<std::array<long, 3ul>, std::array<long, 3ul> > >, std::allocator<std::pair<std::pair<std::array<long, 3ul>, std::array<long, 3ul> > const, rendering::TerrainSurface::EdgeInfo> > > const&)#3}::operator()(std::map<std::pair<std::array<long, 3ul>, std::array<long, 3ul> >, rendering::TerrainSurface::EdgeInfo, std::less<std::pair<std::array<long, 3ul>, std::array<long, 3ul> > >, std::allocator<std::pair<std::pair<std::array<long, 3ul>, std::array<long, 3ul> > const, rendering::TerrainSurface::EdgeInfo> > > const&) const [clone .isra.0]
253 497
fi=(216)
1073 142
fe=(279)
255 355
-1 142
fi=(212)
754 142
fe=(279)
257 71
-4 71
+3 71
+1 71
+2 142
-1 71
+1 142
-1 71
+1 355
fi=(305)
61 142
fe=(279)
258 71
cfn=(3546)
calls=71 376 
* 15620
-1 22649
-4 22649
+3 22649
+1 22649
+2 45298
-1 22649
+1 45298
-1 22649
+1 113245
fi=(305)
61 45298
fe=(279)
258 22649
cfn=(3546)
calls=22649 376 
* 5052005
+1 90880
-1 45440
+1 90880
-1 45440
+1 227200
fi=(305)
61 90880
fe=(279)
258 45440
cfn=(3546)
calls=45440 376 
* 10201351
fi=(212)
745 68160
1966 204480
fi=(218)
1220 545280
fi=(212)
784 616280
1966 616280
fi=(218)
1220 3638892
fi=(212)
792 321062
1966 642124
fi=(214)
559 204480
fi=(218)
1220 3765272
fe=(279)
258 68160
-1 204480
+3 45440
fi=(205)
-1 45440
fe=(279)
381 22720
260 90880
-5 68160
+8 568
fi=(218)
1220 954240
fe=(279)

fn=(3358) rendering::TerrainSurface::valueNoise(glm::vec<3, double, (glm::qualifier)0> const&, int) const
466 2157474
+1 2157474
-1 4314948
+1 2157474
-1 6472422
+1 38834532
+1 2157474
-1 2157474
+1 36677058
+1 2157474
-1 2157474
+1 36677058
+3 4314948
+2 2157474
+5 2157474
-7 6472422
-2 17259792
+2 8629896
-2 8629896
+3 2157474
-3 2157474
+2 8629896
-2 10787370
+5 8629896
+1 8629896
-19 2157474
+21 2157474
+1 2157474
-22 2157474
+1 4314948
+17 8629896
+1 8629896
-19 2157474
+21 2157474
+1 2157474
-22 2157474
+1 6472422
+1 2157474
+1 6472422
+1 2157474
+1 4314948
+16 6472422
+1 4314948
-3 17259792
-19 4314948
+21 4314948
+1 4314948
-22 4314948
+1 12944844
+1 4314948
+1 12944844
+1 4314948
+1 8629896
+16 12944844
+1 8629896
-22 8629896
+21 8629896
+1 8629896
-22 8629896
+1 25889688
+1 8629896
+1 25889688
+1 8629896
+1 17259792
+16 25889688
+1 17259792
-21 2157474
+1 2157474
+1 6472422
+1 2157474
+1 4314948
+16 6472422
+1 30204636
+1 25889688
-1 8629896
+1 43149480
-1 8629896
+2 25889688
-2 8629896
+2 43149480
-1 8629896
-4 8629896
+3 8629896
-3 17259792
+4 8629896
-4 8629896
+3 8629896
-3 34519584
-1 34519584
-1 17259792
+12 12944844

fn=(3360) rendering::TerrainSurface::regionPlainWeight(glm::vec<3, double, (glm::qualifier)0> const&) const [clone .part.0]
20 588402
fi=(267)
711 196134
+1 196134
+1 196134
fe=(279)
22 196134
fi=(267)
713 588402
fe=(279)
22 196134
fi=(272)
+31 196134
fi=(267)
713 392268
fi=(272)
53 196134
fi=(268)
+83 588402
+2 392268
fe=(279)
22 392268
fi=(268)
138 392268
fi=(267)
677 1372938
40 196134
677 196134
40 196134
fe=(279)
-18 196134
cfn=(3358)
calls=196134 466 
* 86298960
+2 196134
-1 784536
+53 392268
fi=(205)
259 196134
fe=(279)
76 196134
fi=(205)
254 196134
+5 392268
-24 251367
fe=(279)
25 627056
+52 78740
-52 39370
+52 78740
-52 39370
+52 78740
-53 78740
+1 78740

fn=(3456) rendering::TerrainSurface::baseFaces()
427 1
+2 2
-2 7
+7 1
-5 1
+5 2
-5 38
fi=(206)
137 1
fe=(279)
434 22
+6 1
-6 5
+6 2
fi=(206)
137 1
cob=(7)
cfi=(152)
cfn=(1638)
calls=1 0 
* 81740
* 1
fi=(204)
-57 3
fi=(206)
+57 2
fi=(213)
1091 2
fi=(208)
386 2
fi=(204)
96 3
+2 2
fe=(279)
442 3
+6 120
cfn=(3466)
calls=20 -35 
* 41820
-6 60
+1 20
fi=(267)
708 20
+5 20
-2 20
+2 20
-1 20
+1 80
fi=(272)
53 20
fi=(267)
713 40
fi=(272)
53 20
fi=(268)
+83 40
+2 40
fe=(279)
444 40
fi=(268)
138 20
fi=(267)
713 40
-36 40
+36 20
-36 40
40 40
711 60
+1 60
39 20
713 40
fi=(272)
53 20
fi=(267)
713 40
fi=(272)
53 20
fi=(268)
+83 40
+2 40
fe=(279)
445 40
fi=(268)
138 20
fi=(267)
713 40
-36 80
+36 20
40 60
711 80
-3 20
+4 20
+1 40
fi=(272)
53 20
fi=(267)
713 40
fi=(272)
53 20
fi=(268)
+83 40
+2 60
fi=(267)
677 40
-9 20
+9 20
-9 20
+9 20
40 20
668 100
40 40
668 160
-45 60
fe=(279)
446 20
fi=(272)
76 20
fi=(267)
668 20
fi=(272)
76 20
fi=(267)
623 20
fi=(272)
75 20
fi=(267)
623 40
fi=(272)
76 60
+1 20
-2 20
+2 100
fi=(267)
713 20
fi=(272)
77 20
fi=(267)
713 20
fi=(272)
77 20
-24 20
fi=(267)
713 20
fi=(272)
53 20
fe=(279)
446 40
+5 9

fn=(3444)
179 4
+1 1
-1 8
+1 1
-1 1
+1 3
cfi=(179)
cfn=(3446)
calls=1 52 
* 13
fi=(267)
668 11
+45 2
-45 1
+45 2
fi=(272)
53 1
fi=(267)
713 2
fi=(272)
53 4
-41 2
fi=(247)
567 1
fe=(279)
183 1
fi=(247)
567 2
fe=(279)
183 5
fi=(267)
722 1
fe=(279)
185 1
fi=(267)
722 1
fe=(279)
190 1
-5 1
fi=(267)
722 1
fe=(279)
185 1
+2 1
-2 1
fi=(267)
722 6
fe=(279)
187 1
fi=(259)
471 2
fe=(279)
187 2
+7 3
cfn=(3456)
calls=1 427 
* 126431
fi=(247)
567 1
fe=(279)
195 1
fi=(247)
567 2
fe=(279)
195 5
fi=(208)
988 2
fe=(279)
195 2
fi=(208)
987 1
fe=(279)
202 4
+9 960
+1 200
-1 18
+1 18
+1 36
fi=(208)
988 640
fe=(279)
202 320
fi=(208)
988 1280
fe=(279)
202 640
fi=(208)
1124 320
fi=(267)
713 320
fe=(279)
204 640
fi=(208)
1124 320
fi=(205)
259 320
fi=(208)
1124 640
fi=(267)
712 320
-1 320
+2 320
fe=(279)
204 320
fi=(267)
713 1280
-1 320
-1 320
fi=(272)
53 320
fi=(267)
713 640
fi=(272)
53 320
fi=(205)
259 640
-23 960
fe=(279)
-32 320
cob=(4)
cfi=(298) ./math/./math/w_acos_compat.c
cfn=(3484) acos
calls=320 30 
* 21460
cob=(1)
cfi=(141)
cfn=(520)
calls=1 76 
* 673
* 324
* 320
fi=(267)
713 640
fi=(205)
259 320
fe=(279)
-55 640
fi=(267)
713 640
fi=(272)
53 320
fi=(267)
713 640
fi=(272)
53 320
fi=(205)
259 640
-23 960
fe=(279)
-29 320
cob=(4)
cfi=(298)
cfn=(3484)
calls=320 30 
* 28800
* 320
fi=(267)
713 640
fe=(279)
207 320
fi=(267)
713 640
fi=(205)
259 320
fi=(272)
53 320
fi=(267)
713 640
fi=(272)
53 320
fi=(205)
259 640
-24 960
fe=(279)
-26 134
fi=(248)
5666 134
fe=(279)
209 134
+1 134
fi=(205)
+49 134
fe=(279)
-49 134
fi=(205)
+49 268
fi=(248)
5666 186
fe=(279)
209 186
+1 186
fi=(205)
+49 186
fe=(279)
-49 186
fi=(205)
+49 372
+2 2
fe=(279)
-50 960
-3 320
cob=(4)
cfi=(298)
cfn=(3484)
calls=320 30 
* 28800
* 320
fi=(267)
713 640
fe=(279)
208 320
fi=(267)
713 320
fi=(205)
259 320
fi=(267)
713 320
fi=(272)
53 320
fi=(267)
713 640
fi=(272)
53 320
fi=(205)
259 960
-24 960
fe=(279)
-26 320
cob=(4)
cfi=(298)
cfn=(3484)
calls=320 30 
* 28800
* 320
fi=(248)
5666 1094
fe=(279)
211 440
+2 440
+13 440
+1 220
-28 18
+27 18
+1 200
+2 300
cfn=(3492) rendering::TerrainSurface::maximumSlope(rendering::TerrainSurface::BaseFace const&) const
calls=100 383 
* 6512647
-1 200
+3 84
-1 84
+1 168
-5 164
-27 164
+65 5
cfn=(3518)
calls=1 -29 
* 557196
+28 2
-27 3
cfn=(3544)
calls=1 -12 
* 400532
* 207
cfn=(3544)
calls=69 -12 
* 27636708
fi=(216)
1073 140
fe=(279)
265 140
+6 138
fi=(216)
1073 207
fe=(279)
199 56856
+73 44160
+1 17043
+1 13524
fi=(216)
1107 3381
fe=(279)
271 6762
fi=(216)
1107 18630
fe=(279)
271 37260
+1 44160
-73 46713
fi=(216)
1107 69
fe=(279)
271 138
+6 138
+1 69
-79 276
+79 69
+1 207
cfn=(3518)
calls=69 -44 
* 38213325
fi=(212)
1254 138
cfn=(3562) std::_Rb_tree<std::pair<std::array<long, 3ul>, std::array<long, 3ul> >, std::pair<std::pair<std::array<long, 3ul>, std::array<long, 3ul> > const, rendering::TerrainSurface::EdgeInfo>, std::_Select1st<std::pair<std::pair<std::array<long, 3ul>, std::array<long, 3ul> > const, rendering::TerrainSurface::EdgeInfo> >, std::less<std::pair<std::array<long, 3ul>, std::array<long, 3ul> > >, std::allocator<std::pair<std::pair<std::array<long, 3ul>, std::array<long, 3ul> > const, rendering::TerrainSurface::EdgeInfo> > >::_M_erase(std::_Rb_tree_node<std::pair<std::pair<std::array<long, 3ul>, std::array<long, 3ul> > const, rendering::TerrainSurface::EdgeInfo> >*) [clone .isra.0]
calls=69 1933 
* 6247534
1708 69
209 69
-1 69
+1 69
+1 69
+1 69
1708 138
195 69
+1 138
-1 69
+3 69
-2 69
+2 69
+1 69
+1 69
+8 69
-8 69
+9 138
+1 69
+1 69
984 138
cfn=(3562)
calls=69 1933 
* 207
fi=(302) /usr/include/c++/12/bits/allocator.h
174 69
fe=(279)
+25 11454
+96 17
fi=(204)
70 3
+2 1
fe=(279)
297 2
fi=(207)
97 320
fi=(208)
1283 320
fi=(207)
97 320
fi=(208)
1283 320
fe=(279)
299 808
199 310
299 168
+1 15
-3 960
fi=(208)
1278 960
fe=(279)
199 26
+12 82
+2 164
+89 3
cfn=(3544)
calls=1 -49 
* 400532
+1 1
-1 1
+1 3
fi=(204)
70 3
fi=(208)
1075 4
fi=(204)
72 2
fe=(279)
304 1
fi=(204)
70 3
fi=(208)
1075 4
fi=(204)
72 2
fi=(212)
996 1
fe=(279)
317 1
fi=(204)
70 1
fe=(279)
317 4
+1 4
fi=(204)
70 2
fe=(279)
318 1916
fi=(204)
70 958
fi=(208)
1075 2880
fi=(204)
72 960
fe=(279)
319 2400
-9 7140
+1 3570
+1 10710
+1 1838
+2 12866
cfn=(3582)
calls=1838 522 
* 22985695
* 12124
cfn=(3582)
calls=1732 522 
* 21663493
fi=(208)
1294 10710
cfi=(204)
cfn=(3616)
calls=3570 111 
* 110670
fe=(279)
319 14280
+1 7140
fi=(267)
695 3570
fe=(279)
321 3570
-1 3570
fi=(267)
695 3570
fe=(279)
320 7140
+1 3570
fi=(267)
695 28560
-72 7140
+90 21420
39 3570
713 3570
fi=(272)
53 7140
fi=(268)
+83 10710
+2 7140
fe=(279)
309 7140
fi=(268)
138 3570
fi=(267)
677 14280
40 17850
fe=(279)
309 3570
cfn=(3348)
calls=3570 11 
* 20907861
fi=(267)
713 3570
fe=(279)
309 3570
fi=(267)
713 10710
fe=(279)
310 3570
fi=(267)
713 3570
fe=(279)
310 3570
fi=(267)
713 3570
fe=(279)
310 3570
fi=(205)
-51 3570
fe=(279)
+51 3570
fi=(272)
53 7140
fi=(205)
259 7140
-23 10710
fe=(279)
+74 3570
cob=(4)
cfi=(298)
cfn=(3484)
calls=3570 30 
* 258580
* 3570
+2 10710
+2 3464
fi=(212)
-27 960
cob=(7)
cfi=(152)
cfn=(2200)
calls=480 0 
* 7288
* 480
* 480
fe=(279)
+30 1440
fi=(216)
1073 6
fe=(279)
324 2
+1 320
+2 320
-1 640
-1 320
+1 640
-1 320
+4 1600
+1 320
-1 960
fi=(305)
61 320
fe=(279)
329 640
fi=(305)
61 960
fe=(279)
330 960
cfn=(3546)
calls=320 +46 
* 71375
-1 3200
+1 640
-1 1920
fi=(305)
61 640
fe=(279)
329 1280
fi=(305)
61 1920
fe=(279)
330 1920
cfn=(3546)
calls=640 +46 
* 143681
fi=(212)
735 960
1950 1920
fi=(218)
1220 54836
fi=(212)
788 4522
1950 9538
fi=(214)
550 2880
fi=(218)
1220 31438
fi=(212)
780 8904
1950 9146
fi=(218)
1220 11028
fi=(212)
780 1236
fi=(218)
1220 8664
fi=(212)
780 2880
fi=(218)
1220 2880
fe=(279)
372 1920
+1 960
-1 960
cob=(4)
cfi=(299)
cfn=(3524)
calls=960 39 
* 25000
* 960
* 3840
cob=(4)
cfi=(299)
cfn=(3524)
calls=960 39 
* 25000
* 960
* 960
+1 3840
cob=(4)
cfi=(299)
cfn=(3524)
calls=960 39 
* 25000
* 960
* 960
-1 3840
cob=(4)
cfi=(299)
cfn=(3524)
calls=960 39 
* 25000
* 960
* 4800
cob=(4)
cfi=(299)
cfn=(3524)
calls=960 39 
* 25000
* 960
* 960
+1 3840
cob=(4)
cfi=(299)
cfn=(3524)
calls=960 39 
* 25000
* 960
fi=(218)
1220 5760
fe=(279)
332 5760
+1 4800
fi=(208)
1143 2880
fe=(279)
333 960
cfi=(208)
cfn=(3624)
calls=960 1276 
* 159881
* 26100
fi=(208)
1143 15660
fe=(279)
333 5220
cfi=(208)
cfn=(3624)
calls=5220 1276 
* 500248
-1 24720
-5 2880
fi=(208)
988 320
fe=(279)
337 320
-28 320
fi=(208)
988 320
fe=(279)
336 320
+1 320
fi=(208)
988 1280
fe=(279)
338 320
fi=(208)
988 640
fe=(279)
336 320
-27 320
+28 320
-2 320
fi=(208)
988 320
fe=(279)
381 1920
-72 320
cfn=(3348)
calls=320 11 
* 1874168
fi=(267)
713 320
fe=(279)
309 320
fi=(267)
713 320
fe=(279)
310 320
fi=(267)
713 320
fe=(279)
310 320
fi=(267)
713 320
fe=(279)
310 320
fi=(205)
-51 320
fe=(279)
+51 320
fi=(205)
-51 320
fi=(272)
53 320
fi=(267)
713 640
fi=(272)
53 320
fi=(205)
259 640
-24 320
+1 640
fe=(279)
+74 320
cob=(4)
cfi=(298)
cfn=(3484)
calls=320 30 
* 21460
* 320
+2 640
-2 320
+2 320
-2 640
+1 320
+1 960
+2 246
+1 1722
cfn=(3582)
calls=246 522 
* 3077094
* 518
cfn=(3582)
calls=74 522 
* 925324
+26 320
-1 640
+1 640
fi=(204)
70 320
fe=(279)
340 320
fi=(204)
70 640
fi=(206)
+67 320
fe=(279)
339 640
fi=(206)
137 320
fi=(204)
-65 320
fi=(206)
+65 320
fi=(204)
-65 320
fe=(279)
343 3120
-33 65800
+1 32900
+1 98700
+1 28812
+2 172872
cfn=(3582)
calls=28812 522 
* 360277918
* 24528
cfn=(3582)
calls=4088 522 
* 51128445
fi=(208)
1294 98700
cfi=(204)
cfn=(3616)
calls=32900 111 
* 1019900
fe=(279)
343 98700
+1 117240
fi=(267)
711 32900
+1 65800
+1 131600
fi=(272)
53 32900
fi=(267)
713 65800
fi=(272)
53 32900
fi=(268)
+83 65800
+2 65800
fi=(267)
695 65800
-2 32900
fi=(268)
138 32900
fi=(267)
695 32900
-2 32900
+2 32900
-2 32900
+2 131600
-18 131600
+18 98700
-72 131600
+90 65800
39 32900
713 98700
fi=(272)
53 65800
fi=(268)
+83 65800
+2 65800
fe=(279)
309 98700
fi=(268)
138 32900
fi=(267)
677 131600
40 32900
677 98700
40 32900
fe=(279)
309 32900
cfn=(3348)
calls=32900 11 
* 192651375
fi=(267)
713 32900
fe=(279)
309 32900
fi=(267)
713 32900
fe=(279)
310 32900
fi=(267)
713 32900
fe=(279)
310 32900
fi=(267)
713 32900
fe=(279)
310 32900
fi=(205)
-51 32900
fe=(279)
+51 32900
fi=(272)
53 32900
fi=(267)
713 65800
fi=(272)
53 32900
fi=(205)
259 65800
-23 98700
fe=(279)
+74 32900
cob=(4)
cfi=(298)
cfn=(3484)
calls=32900 30 
* 2651082
* 32900
+2 98700
+2 8176
+31 18540
cfi=(208)
cfn=(3624)
calls=6180 1276 
* 191580
-2 18540
fi=(208)
115 2080
fe=(279)
353 3120
fi=(205)
-93 1040
fe=(279)
+93 2080
fi=(208)
1124 65800
fe=(279)
358 65800
fi=(208)
1124 131600
fe=(279)
358 32900
fi=(208)
1124 65800
fe=(279)
358 98700
cfn=(3636)
calls=32900 570 
* 14936600
fi=(208)
1124 32900
fe=(279)
359 164500
fi=(208)
1124 65800
fe=(279)
359 32900
cfn=(3636)
calls=32900 570 
* 14936600
-6 131600
+1 156320
+1 39080
+1 39080
-1 39080
fi=(208)
1124 6180
fe=(279)
356 18540
fi=(208)
1124 12360
fe=(279)
356 6180
fi=(208)
1124 12360
fe=(279)
356 6180
cfn=(3636)
calls=6180 570 
* 2805720
-3 24720
fi=(208)
115 1040
+2 1040
-2 1040
+2 2080
-2 2080
386 2080
-19 720
fi=(206)
158 720
cob=(7)
cfi=(152)
cfn=(1866)
calls=720 0 
* 87915
* 720
fe=(279)
339 5200
fi=(204)
72 720
fe=(279)
340 2160
fi=(204)
72 720
fi=(206)
+65 4160
cob=(7)
cfi=(152)
cfn=(1638)
calls=1040 0 
* 154091
* 1040
fi=(204)
-41 1040
fe=(279)
342 1040
fi=(204)
98 1040
fe=(279)
343 1040
fi=(204)
96 1040
+2 1040
fe=(279)
342 1040
fi=(204)
96 1040
fe=(279)
342 7280
+1 2080
fi=(218)
1220 192
fi=(305)
326 16
fi=(218)
1220 13520
fi=(208)
988 480
fi=(206)
137 960
fi=(208)
988 480
fi=(206)
137 480
fi=(208)
988 480
fi=(206)
137 480
cob=(7)
cfi=(152)
cfn=(1638)
calls=480 0 
* 99414
* 480
fi=(204)
-57 480
fi=(213)
1104 480
fi=(206)
137 480
fi=(213)
1104 480
+1 960
fi=(208)
386 960
fi=(204)
97 480
-1 480
+1 960
+1 960
fe=(279)
319 960
fi=(208)
+67 960
-19 640
fi=(206)
158 320
cob=(7)
cfi=(152)
cfn=(1866)
calls=320 0 
* 37617
* 320
fi=(208)
386 960
-19 640
fi=(206)
158 320
cob=(7)
cfi=(152)
cfn=(1866)
calls=320 0 
* 44544
* 320
fi=(216)
1107 640
fe=(279)
324 640
fi=(289)
26 1
fi=(208)
988 3
fi=(289)
26 2
fe=(279)
365 2
+2 6
fi=(267)
722 5
40 1
722 2
40 1
fe=(279)
367 1
cfi=(306)
cfn=(3646)
calls=1 8 
* 2387632477
fi=(212)
984 2
cfn=(3562)
calls=1 1933 
* 170156
fi=(208)
367 1
+19 2
-19 2
fi=(206)
158 1
cob=(7)
cfi=(152)
cfn=(1866)
calls=1 0 
* 155
* 1
fi=(309)
37 2
cfi=(179)
cfn=(3734)
calls=1 +24 
* 3
fe=(279)
369 9
199 142
313 148
187 3
+1 6
fi=(258)
72 1
fi=(205)
259 2
fe=(279)
381 1
190 3
+1 7
-1 1
+1 4
fi=(208)
988 4
fi=(206)
137 3
cob=(7)
cfi=(152)
cfn=(1638)
calls=1 0 
* 6334
* 1
fi=(204)
-57 1
fi=(213)
1104 2
fi=(206)
137 2
fi=(213)
1104 2
+1 2
fi=(208)
386 2
fi=(204)
96 1
+2 1
fi=(216)
1073 1
fi=(204)
98 1
fi=(216)
1073 1
fi=(204)
96 2
fi=(208)
988 1
fi=(206)
137 2
fi=(208)
988 1
fi=(206)
137 1
cob=(7)
cfi=(152)
cfn=(1638)
calls=1 0 
* 280
* 1
fi=(204)
-57 1
fi=(213)
1104 1
fi=(206)
137 1
fi=(213)
1104 1
+1 2
fi=(208)
386 2
fi=(204)
97 1
-1 1
+2 1
-1 1
+1 2
fi=(206)
+39 1
fi=(208)
988 1
fi=(206)
137 2
fi=(208)
988 1
fi=(206)
137 1
cob=(7)
cfi=(152)
cfn=(1638)
calls=1 0 
* 280
* 1
fi=(204)
-57 1
fi=(213)
1104 1
fi=(206)
137 1
fi=(213)
1104 1
+1 2
fi=(208)
386 2
fi=(204)
98 1
-1 1
-1 1
+1 1
+1 3
fe=(279)

fn=(3582)
522 355600
+1 203200
cfn=(3584) rendering::TerrainSurface::gradientAt(glm::vec<3, double, (glm::qualifier)0> const&, double) const
calls=50800 -35 
* 615851468
+2 50800
fi=(267)
677 50800
fe=(279)
526 50800
fi=(267)
677 50800
fe=(279)
526 101600
-1 101600
+1 50800
-1 50800
+1 101600
fi=(267)
677 203200
40 50800
fe=(279)
526 152400
fi=(267)
40 50800
fe=(279)
526 50800
cfn=(3594) rendering::TerrainSurface::colorAt(double, double) const
calls=50800 -18 
* 17252316
+1 304800

fn=(3584)
488 50800
fi=(272)
76 50800
fe=(279)
488 304800
+1 101600
-1 50800
fi=(272)
76 50800
fi=(258)
-4 101600
fe=(279)
489 105958
fi=(272)
77 23969
-1 4358
+1 13074
fi=(267)
713 15253
fi=(272)
53 4358
fi=(268)
+83 4358
fi=(272)
-59 534831
-1 97242
+1 291726
fi=(267)
713 340347
fi=(272)
53 97242
fi=(268)
+83 97242
+2 304800
fi=(267)
677 152400
fi=(272)
77 50800
-2 101600
-5 50800
+7 152400
-2 50800
+1 50800
+1 254000
fi=(267)
713 203200
fi=(272)
53 50800
fi=(267)
713 101600
fi=(272)
53 50800
fi=(268)
+83 152400
+2 50800
fe=(279)
493 50800
fi=(268)
138 50800
fe=(279)
494 50800
-1 50800
fi=(268)
138 50800
fi=(205)
259 50800
fe=(279)
494 50800
fi=(267)
677 203200
fi=(205)
259 101600
-24 101600
fe=(279)
495 101600
fi=(267)
695 355600
fe=(279)
495 50800
fi=(267)
623 101600
+90 203200
-18 101600
+18 50800
-90 50800
fi=(272)
53 50800
fi=(267)
713 101600
fi=(272)
53 50800
fi=(268)
+83 152400
+2 101600
fi=(267)
695 50800
fi=(268)
138 50800
fi=(267)
695 50800
fi=(268)
138 50800
fi=(267)
695 50800
-72 203200
+90 50800
-36 203200
40 50800
713 101600
40 50800
fi=(272)
+13 50800
fi=(267)
713 101600
fi=(272)
53 50800
fi=(268)
+83 152400
+2 101600
fe=(279)
501 152400
fi=(268)
138 50800
fi=(267)
-99 152400
677 203200
40 101600
fe=(279)
501 50800
cfn=(3348)
calls=50800 11 
* 297425985
* 50800
fi=(267)
695 50800
fe=(279)
503 50800
-2 101600
fi=(267)
695 50800
fe=(279)
503 50800
fi=(267)
695 254000
fe=(279)
503 50800
cfn=(3348)
calls=50800 11 
* 297424542
* 101600
+1 50800
-1 101600
+1 101600
cob=(4)
cfi=(284)
cfn=(3292)
calls=50800 99 
* 2715120
* 50800
fi=(267)
695 101600
fe=(279)
505 50800
fi=(267)
668 101600
+27 101600
-27 50800
+27 254000
-27 50800
+27 203200
+18 152400
-18 50800
+18 50800
-18 50800
-27 50800
fi=(272)
53 50800
fi=(267)
668 50800
+45 101600
fi=(272)
53 50800
fi=(268)
+83 152400
+2 101600
fe=(279)
506 50800
fi=(267)
677 203200
40 101600
fe=(279)
506 1009463
cob=(4)
cfi=(266)
cfn=(3144)
calls=50800 37 
* 4927600
* 50800
* 101600
-9 558800

fn=(3354) rendering::TerrainSurface::heightMeters(glm::vec<3, double, (glm::qualifier)0> const&, double) const
80 1765206
+3 196134
-3 196134
+3 196134
fi=(216)
1073 588402
fe=(279)
103 392268
+10 392268
-9 2353608
+6 392268
-5 392268
+5 784536
-1 392268
-3 392268
+4 392268
-2 392268
-1 784536
+9 3138144
+2 392268
-1 392268
-7 392268
+7 392268
+2 392268
-1 392268
+2 392268
-3 392268
+1 392268
-8 784536
+8 980670
-1 980670
-7 980670
+7 980670
+2 980670
-1 980670
+2 980670
-3 980670
+1 980670
-8 4707216
+1 5687886
fi=(267)
677 2745876
fe=(279)
113 2745876
fi=(267)
677 1372938
fe=(279)
113 2745876
fi=(267)
677 2745876
40 2745876
fe=(279)
+73 1372938
cfn=(3358)
calls=1372938 466 
* 604092720
* 4118814
fi=(205)
235 1372938
fe=(279)
113 1372938
fi=(205)
235 4118814
fi=(185)
372 2745876
+13 8237628
cob=(3)
cfi=(175)
cfn=(1260)
calls=1372938 80 
* 28635556
* 1372938
fi=(186)
896 8237628
fe=(279)
114 1176804
fi=(258)
-42 588402
fe=(279)
+43 1176804
-1 1765206
+8 1176804
-19 392268
+20 784536
-1 1176804
+1 1176804
-20 784536
+23 1765206
fi=(267)
677 196134
-2 196134
fe=(279)
84 196134
+1 392268
-1 196134
fi=(267)
677 392268
fe=(279)
84 196134
fi=(267)
677 784536
40 392268
fe=(279)
+44 196134
cfn=(3358)
calls=196134 466 
* 86298960
* 392268
+1 196134
-1 196134
+1 784536
-64 196134
cfn=(3360)
calls=196134 -1 
* 96868121
* 588402
+7 196134
cfn=(3366) rendering::TerrainSurface::regionCliffWeight(glm::vec<3, double, (glm::qualifier)0> const&) const [clone .part.0]
calls=196134 -1 
* 96412701
+61 784536
+1 588402
-1 392268
fi=(267)
677 392268
fe=(279)
89 784536
-1 392268
+3 196134
fi=(267)
677 784536
40 392268
fe=(279)
+50 196134
cfn=(3358)
calls=196134 466 
* 86298960
+3 392268
-3 196134
+3 196134
-2 392268
+2 196134
fi=(205)
235 784536
fe=(279)
99 392268
+1 980670
cob=(4)
cfi=(290) ./math/./w_pow_template.c
cfn=(3376) pow@@GLIBC_2.29
calls=196134 -69 
* 24516750
cob=(1)
cfi=(141)
cfn=(520)
calls=1 -24 
* 700
* 196138
* 196134
+1 196134
-1 392268
+1 980670
-6 1372938
+1 196134
-1 588402
+1 784536
+1 196134
fi=(205)
259 392268
fe=(279)
97 196134
fi=(205)
259 588402
fe=(279)

fn=(3366)
27 588402
fi=(267)
711 196134
+1 196134
+1 196134
fe=(279)
29 196134
fi=(267)
713 588402
fe=(279)
29 196134
fi=(272)
+24 196134
fi=(267)
713 392268
fi=(272)
53 196134
fi=(268)
+83 588402
+2 392268
fe=(279)
29 392268
fi=(268)
138 392268
fi=(267)
677 1372938
40 196134
677 196134
40 196134
fe=(279)
-11 196134
cfn=(3358)
calls=196134 466 
* 86298960
+2 196134
-1 784536
+46 588402
fi=(205)
254 196134
+5 392268
-24 170133
fe=(279)
32 693264
+45 45636
-45 22818
+45 45636
-45 22818
+45 45636
-45 45636

fn=(3636)
570 4491972
fi=(267)
+53 499108
-1 499108
+1 499108
-1 499108
-1 499108
+1 499108
+46 998216
-47 998216
+47 499108
-45 499108
+45 4491972
fi=(272)
75 998216
fi=(267)
623 998216
fi=(272)
75 499108
fi=(267)
623 998216
fi=(272)
75 499108
+1 499108
fi=(267)
623 499108
fi=(272)
76 499108
+1 1996432
fi=(267)
713 499108
fi=(272)
77 499108
fi=(267)
713 998216
fi=(272)
53 998216
fe=(279)
577 2994648
fi=(208)
988 998216
fe=(279)
580 998216
fi=(208)
988 499108
fe=(279)
580 2994648
fi=(208)
1893 499108
fe=(279)
582 499108
-2 499108
+2 1497324
+1 499108
fi=(204)
114 499108
fe=(279)
583 499108
fi=(204)
114 998216
fe=(279)
582 998216
-2 998216
+2 2994648
+1 998216
fi=(204)
114 998216
fe=(279)
583 998216
fi=(204)
114 1996432
fe=(279)
583 2994648
fi=(204)
114 2994648
fe=(279)
583 2994648
fi=(204)
114 5989296
fi=(207)
-17 4491972
fi=(204)
+22 8983944
fe=(279)
582 13475916
+3 7486620
+1 1497324
fi=(204)
114 1497324
fe=(279)
586 1497324
fi=(204)
114 2994648
fe=(279)
586 2994648
fi=(204)
114 2994648
fe=(279)
586 2994648
fi=(204)
114 5989296
fi=(207)
-17 4491972
fi=(204)
+22 8983944
fe=(279)
585 13475916
+2 7486620
+1 1497324
fi=(204)
114 1497324
fe=(279)
588 1497324
fi=(204)
114 2994648
fe=(279)
588 2994648
fi=(204)
114 2994648
fe=(279)
588 2994648
fi=(204)
114 5989296
fi=(207)
-17 4491972
fi=(204)
+22 8983944
fe=(279)
587 13475916
-7 5490188
+1 1996432
+1 1996432
+8 499108
fi=(216)
1073 998216
fe=(279)
590 1996432
fi=(204)
747 499108
fe=(279)
590 499108
fi=(204)
747 499108
-1 998216
fi=(205)
431 1497324
fi=(204)
772 499108
fe=(279)
591 3992864

fn=(3492)
383 100
+1 100
-1 800
fi=(206)
137 100
fe=(279)
384 200
fi=(206)
137 100
cob=(7)
cfi=(152)
cfn=(1638)
calls=100 0 
* 5400
* 100
fi=(204)
-41 100
fe=(279)
386 200
fi=(204)
98 100
-2 100
fe=(279)
386 100
fi=(204)
98 100
fe=(279)
386 100
fi=(204)
96 100
fe=(279)
386 100
cfi=(208)
cfn=(3496)
calls=100 1276 
* 2500
+1 1200
cfi=(208)
cfn=(3496)
calls=300 1276 
* 7500
* 900
+1 400
+2 200
fi=(267)
695 200
fe=(279)
390 300
fi=(267)
695 200
fe=(279)
390 400
fi=(267)
623 1200
+90 200
fi=(272)
53 100
fi=(267)
713 200
fi=(272)
53 100
fi=(268)
+83 300
fe=(279)
390 400
fi=(267)
695 400
fe=(279)
390 600
fi=(267)
695 400
fe=(279)
390 800
fi=(267)
623 2400
+90 400
fi=(272)
53 200
fi=(267)
713 400
fi=(272)
53 200
fi=(268)
+83 600
+2 600
fi=(208)
1294 600
fi=(268)
138 300
fi=(267)
677 1200
40 600
fi=(208)
1294 300
cfi=(204)
cfn=(3502)
calls=300 111 
* 7500
fi=(267)
693 300
-70 300
+72 1200
-72 300
+72 300
-72 900
+90 600
39 300
713 300
fi=(272)
53 300
fi=(267)
713 600
fi=(272)
53 300
fi=(268)
+83 900
+2 600
fi=(208)
1294 600
fi=(268)
138 300
fi=(267)
677 1200
40 600
fi=(208)
1294 300
cfi=(204)
cfn=(3502)
calls=300 111 
* 7500
fe=(279)
388 900
fi=(208)
988 1000
fi=(204)
70 200
+2 100
fe=(279)
396 100
-2 200
fi=(207)
97 1000
fe=(279)
396 1000
fi=(204)
119 1000
fe=(279)
396 2000
+1 4000
cfn=(3348)
calls=1000 11 
* 5856059
* 1000
fi=(204)
514 3000
fe=(279)
397 1000
fi=(204)
114 2000
fe=(279)
399 300
+1 400
-2 200
+3 100
fi=(267)
713 100
-2 300
fe=(279)
401 200
fi=(267)
713 100
-1 100
-1 100
+1 100
fe=(279)
401 1000
fi=(267)
713 800
-2 2400
fe=(279)
401 1600
fi=(267)
713 800
-1 800
-1 800
+1 800
fe=(279)
401 1600
fi=(205)
236 13500
fe=(279)
401 4500
cob=(4)
cfi=(298)
cfn=(3484)
calls=4500 30 
* 404688
* 4500
+1 4500
+1 9000
+2 9000
fi=(258)
72 4500
fe=(279)
405 4500
fi=(205)
260 9000
fe=(279)
400 18000
fi=(267)
713 13500
fi=(205)
259 4500
fi=(267)
713 4500
fi=(272)
53 4500
fi=(267)
713 9000
fi=(272)
53 4500
fi=(205)
259 9000
fe=(279)
400 3600
fi=(208)
-14 200
fi=(206)
158 300
cob=(7)
cfi=(152)
cfn=(1866)
calls=100 0 
* 9400
* 100
fi=(208)
386 300
-19 200
fi=(206)
158 100
cob=(7)
cfi=(152)
cfn=(1866)
calls=100 0 
* 9400
* 100
fe=(279)
409 900
fi=(206)
137 300
cob=(7)
cfi=(152)
cfn=(1638)
calls=100 0 
* 5400
* 100
fe=(279)
396 100
fi=(206)
137 100
fi=(204)
-39 100
fe=(279)
396 200

fn=(3348)
11 784536
fi=(267)
711 196134
+1 196134
+1 784536
fi=(272)
53 196134
fi=(267)
713 392268
fi=(272)
53 784536
-41 196134
fe=(279)
+1 196134
fi=(247)
567 784536
fe=(279)
13 980670
fi=(267)
722 196134
fe=(279)
17 588402
fi=(267)
722 196134
40 392268
fe=(279)
-23 196134
cfn=(3354)
calls=196134 +63 
* 1140216470
* 196134
+1 784536

fn=(3594)
508 50800
+1 50800
-1 50800
+2 50800
-1 50800
fi=(259)
1029 50800
fe=(279)
519 50800
fi=(259)
1032 50800
fe=(279)
515 50800
fi=(259)
1029 50800
fe=(279)
516 203200
cfn=(3598)
calls=50800 38 
* 16287116
+4 152400
fi=(259)
1030 101600
fe=(279)

fn=(3598)
38 4012544
+6 2006272
+1 2006272
-7 2006272
+5 2006272
-5 4012544
+5 2006272
-5 2006272
+6 4012544
fi=(205)
261 2006272
-2 6018816
fe=(279)
46 2006272
+1 2006272
+2 2006272
-3 2006272
fi=(205)
260 2006272
fe=(279)
48 2006272
fi=(205)
260 2006272
fe=(279)
53 2006272
-5 2006272
fi=(205)
260 4012544
fe=(279)
53 4012544
fi=(205)
261 2006272
fe=(279)
52 4012544
-1 2006272
+25 2006272
fi=(205)
261 4012544
fe=(279)
51 4012544
+25 10031360
fi=(205)
259 4012544
-24 5996511
fe=(279)
56 2006272
+20 10031360
fi=(205)
259 6018816
-24 3996812
fe=(279)
56 1998043
+20 3996086
fi=(205)
259 1998043
fe=(279)
76 7992172
fi=(205)
259 3996086
fe=(279)
76 16458
fi=(205)
259 8229
fe=(279)
76 32916
fi=(205)
259 16458
-24 23848
fi=(304) /workspace/build/_deps/glm-src/glm/./ext/../detail/../detail/../detail/../detail/func_common.inl
110 14240
fi=(267)
677 24920
-54 3560
+54 21360
-54 7120
fi=(239)
185 7120
fi=(267)
623 3560
+54 3560
-54 7120
fi=(239)
185 3560
cob=(4)
cfi=(271)
cfn=(3610)
calls=3560 +80 
* 231400
* 3560
fi=(304)
-75 8010848
fi=(267)
677 14018984
-54 2002712
+54 12016272
-54 4005424
fi=(239)
185 4005424
fi=(267)
623 2002712
+54 2002712
-54 4005424
fi=(239)
185 2002712
cob=(4)
cfi=(271)
cfn=(3610)
calls=2002712 +80 
* 130176280
cob=(1)
cfi=(141)
cfn=(520)
calls=1 76 
* 680
* 2002716
* 8025088
+1 4012544
-1 2006272
+1 2006272
cob=(4)
cfi=(271)
cfn=(3610)
calls=2006272 +79 
* 170533120
* 2006272
fe=(279)
65 2006272
fi=(239)
186 6018816
fe=(279)
65 2006272
fi=(239)
186 14043904
fe=(279)
64 4012544
+1 10031360
-1 2006272
+1 2006272
+11 4012544
-12 2006272
+12 4012544
fi=(205)
259 6018816
-24 105708
fe=(279)
77 96704
fi=(304)
+53 48352
fe=(279)
-53 193408
fi=(304)
+53 290112
fi=(267)
290 48352
-2 145056
fi=(205)
-27 48352
-2 48352
fe=(279)
68 48352
+8 145056
fi=(205)
259 96704
+2 1957920
-2 1957920
fe=(279)
68 1957920
+8 5873760
fi=(205)
259 3915840
-24 3999764
fe=(279)
77 2478
-6 1239
fi=(267)
677 1239
fe=(279)
77 3717
fi=(267)
677 1239
fe=(279)
77 1239
-6 1239
fi=(304)
+39 1239
fi=(267)
677 9912
-54 2478
fe=(279)
73 1239
fi=(267)
-33 2478
fe=(279)
+33 4956
fi=(267)
623 4010066
fe=(279)
73 2005033
fi=(267)
-33 4010066
fe=(279)
+33 8020132
+4 3536
-21 1452
+21 6048
fi=(304)
+33 3024
fe=(279)
-33 9072
fi=(267)
677 3024
fe=(279)
77 3024
fi=(267)
677 6048
fi=(304)
110 3024
fi=(267)
677 8007824
fe=(279)
47 4012544
+2 10008473
fi=(267)
677 38340
288 13506
+2 9004
fi=(205)
-54 3911338
fe=(279)

fl=(212)
fn=(3536)
2209 33600
750 33600
2209 201600
+8 67200
fi=(218)
1220 171360
fe=(212)
2230 64680
-1 64680
302 63280
cob=(7)
cfi=(152)
cfn=(2024)
calls=31640 0 
* 580230
* 31640
fi=(218)
1220 131040
fe=(212)
2234 158200
+26 226380
fi=(218)
1220 371350
fe=(212)
2220 2520
+40 70
-37 140
+37 280
-37 70
cfn=(3538) std::_Rb_tree<std::pair<std::array<long, 3ul>, std::array<long, 3ul> >, std::pair<std::pair<std::array<long, 3ul>, std::array<long, 3ul> > const, rendering::TerrainSurface::EdgeInfo>, std::_Select1st<std::pair<std::pair<std::array<long, 3ul>, std::array<long, 3ul> > const, rendering::TerrainSurface::EdgeInfo> >, std::less<std::pair<std::array<long, 3ul>, std::array<long, 3ul> > >, std::allocator<std::pair<std::pair<std::array<long, 3ul>, std::array<long, 3ul> > const, rendering::TerrainSurface::EdgeInfo> > >::_M_get_insert_unique_pos(std::pair<std::array<long, 3ul>, std::array<long, 3ul> > const&)
calls=70 2107 
* 1260
-3 1190
fi=(218)
1220 6860
fe=(212)
2260 1190
-14 2380
+14 7140
fi=(218)
1220 234640
fe=(212)

fn=(3730)
1929 760
+4 190
788 2115
1933 1410
788 6446
1933 6446
788 10558
1933 21116
788 26220
1933 52440
788 51269
1933 102538
788 78802
1933 157604
788 99147
1933 198294
788 102171
1933 204342
+2 262230
cfn=(3731) std::_Rb_tree<std::pair<std::array<long, 3ul>, std::array<long, 3ul> >, std::pair<std::pair<std::array<long, 3ul>, std::array<long, 3ul> > const, rendering::TerrainSurface::refineShoreline(rendering::TerrainGeometry&, glm::vec<3, double, (glm::qualifier)0> const&) const::Edge>, std::_Select1st<std::pair<std::pair<std::array<long, 3ul>, std::array<long, 3ul> > const, rendering::TerrainSurface::refineShoreline(rendering::TerrainGeometry&, glm::vec<3, double, (glm::qualifier)0> const&) const::Edge> >, std::less<std::pair<std::array<long, 3ul>, std::array<long, 3ul> > >, std::allocator<std::pair<std::pair<std::array<long, 3ul>, std::array<long, 3ul> > const, rendering::TerrainSurface::refineShoreline(rendering::TerrainGeometry&, glm::vec<3, double, (glm::qualifier)0> const&) const::Edge> > >::_M_erase(std::_Rb_tree_node<std::pair<std::pair<std::array<long, 3ul>, std::array<long, 3ul> > const, rendering::TerrainSurface::refineShoreline(rendering::TerrainGeometry&, glm::vec<3, double, (glm::qualifier)0> const&) const::Edge> >*) [clone .isra.0]'2
calls=87410 -6 
* 26599958
779 87410
+1 87410
fi=(206)
158 174820
cob=(7)
cfi=(152)
cfn=(1866)
calls=87410 0 
* 14647453
* 87410
fe=(212)
1933 262230
780 102171
fi=(206)
158 306513
cob=(7)
cfi=(152)
cfn=(1866)
calls=102171 0 
* 17110468
* 102171
fe=(212)
1933 204342
+5 98096
780 51269
fi=(206)
158 153807
cob=(7)
cfi=(152)
cfn=(1866)
calls=51269 0 
* 8554263
* 51269
fe=(212)
1933 102538
+5 65394
780 78802
fi=(206)
158 236406
cob=(7)
cfi=(152)
cfn=(1866)
calls=78802 0 
* 13156549
* 78802
fe=(212)
1933 157604
+5 91536
780 26220
fi=(206)
158 78660
cob=(7)
cfi=(152)
cfn=(1866)
calls=26220 0 
* 4370012
* 26220
fe=(212)
1933 52440
+5 36396
780 99147
fi=(206)
158 198294
fe=(212)
780 99147
fi=(206)
158 99147
cob=(7)
cfi=(152)
cfn=(1866)
calls=99147 0 
* 16574042
* 99147
fe=(212)
1933 297441
+5 104910
780 10558
fi=(206)
158 31674
cob=(7)
cfi=(152)
cfn=(1866)
calls=10558 0 
* 1758045
* 10558
fe=(212)
1933 21116
+5 15888
780 3223
fi=(206)
158 3223
fe=(212)
780 3223
fi=(206)
158 3223
cob=(7)
cfi=(152)
cfn=(1866)
calls=3223 0 
* 538095
* 3223
fe=(212)
1933 6446
+5 5216
780 705
fi=(206)
158 705
fe=(212)
780 705
fi=(206)
158 705
cob=(7)
cfi=(152)
cfn=(1866)
calls=705 0 
* 118150
* 705
fe=(212)
1933 1410
+5 1220
+2 760

fn=(3731)
1929 699424
+4 174856
788 192039
1933 128026
788 79286
1933 79286
788 20707
1933 41414
788 9236
1933 18472
788 3661
1933 7322
788 1299
1933 2598
788 387
1933 774
788 98
1933 196
+2 54
cfn=(3731)
calls=18 -6 
* 473
779 18
+1 18
fi=(206)
158 36
cob=(7)
cfi=(152)
cfn=(1866)
calls=18 0 
* 2801
* 18
fe=(212)
1933 54
780 98
fi=(206)
158 294
cob=(7)
cfi=(152)
cfn=(1866)
calls=98 0 
* 15646
* 98
fe=(212)
1933 196
+5 36
780 3661
fi=(206)
158 10983
cob=(7)
cfi=(152)
cfn=(1866)
calls=3661 0 
* 613218
* 3661
fe=(212)
1933 7322
+5 2194
780 1299
fi=(206)
158 3897
cob=(7)
cfi=(152)
cfn=(1866)
calls=1299 0 
* 214459
* 1299
fe=(212)
1933 2598
+5 684
780 9236
fi=(206)
158 27708
cob=(7)
cfi=(152)
cfn=(1866)
calls=9236 0 
* 1552424
* 9236
fe=(212)
1933 18472
+5 5610
780 387
fi=(206)
158 774
fe=(212)
780 387
fi=(206)
158 387
cob=(7)
cfi=(152)
cfn=(1866)
calls=387 0 
* 63320
* 387
fe=(212)
1933 1161
+5 154
780 20707
fi=(206)
158 62121
cob=(7)
cfi=(152)
cfn=(1866)
calls=20707 0 
* 3489188
* 20707
fe=(212)
1933 41414
+5 13528
780 39643
fi=(206)
158 39643
fe=(212)
780 39643
fi=(206)
158 39643
cob=(7)
cfi=(152)
cfn=(1866)
calls=39643 0 
* 6667867
* 39643
fe=(212)
1933 79286
+5 29080
780 64013
fi=(206)
158 64013
fe=(212)
780 64013
fi=(206)
158 64013
cob=(7)
cfi=(152)
cfn=(1866)
calls=64013 0 
* 10745376
* 64013
fe=(212)
1933 128026
+5 51588
+2 699424

fn=(2206)
1933 1600
-4 1708
+6 1281
cfn=(2207) std::_Rb_tree<std::__cxx11::basic_string<char, std::char_traits<char>, std::allocator<char> >, std::pair<std::__cxx11::basic_string<char, std::char_traits<char>, std::allocator<char> > const, nlohmann::json_abi_v3_11_3::basic_json<std::map, std::vector, std::__cxx11::basic_string<char, std::char_traits<char>, std::allocator<char> >, bool, long, unsigned long, double, std::allocator, nlohmann::json_abi_v3_11_3::adl_serializer, std::vector<unsigned char, std::allocator<unsigned char> >, void> >, std::_Select1st<std::pair<std::__cxx11::basic_string<char, std::char_traits<char>, std::allocator<char> > const, nlohmann::json_abi_v3_11_3::basic_json<std::map, std::vector, std::__cxx11::basic_string<char, std::char_traits<char>, std::allocator<char> >, bool, long, unsigned long, double, std::allocator, nlohmann::json_abi_v3_11_3::adl_serializer, std::vector<unsigned char, std::allocator<unsigned char> >, void> > >, std::less<void>, std::allocator<std::pair<std::__cxx11::basic_string<char, std::char_traits<char>, std::allocator<char> > const, nlohmann::json_abi_v3_11_3::basic_json<std::map, std::vector, std::__cxx11::basic_string<char, std::char_traits<char>, std::allocator<char> >, bool, long, unsigned long, double, std::allocator, nlohmann::json_abi_v3_11_3::adl_serializer, std::vector<unsigned char, std::allocator<unsigned char> >, void> > > >::_M_erase(std::_Rb_tree_node<std::pair<std::__cxx11::basic_string<char, std::char_traits<char>, std::allocator<char> > const, nlohmann::json_abi_v3_11_3::basic_json<std::map, std::vector, std::__cxx11::basic_string<char, std::char_traits<char>, std::allocator<char> >, bool, long, unsigned long, double, std::allocator, nlohmann::json_abi_v3_11_3::adl_serializer, std::vector<unsigned char, std::allocator<unsigned char> >, void> > >*) [clone .isra.0]'2
calls=427 -2 
* 254538
* 2367
cfn=(2207)
calls=789 -2 
* 107353
fi=(210)
4216 2432
fe=(212)
780 1216
fi=(210)
4216 1216
cfn=(1843)
calls=1216 554 
* 30400
fi=(184)
234 1216
+18 1216
+33 2432
+7 594
fi=(206)
158 297
cob=(7)
cfi=(152)
cfn=(1866)
calls=297 0 
* 33733
* 297
* 3648
cob=(7)
cfi=(152)
cfn=(1866)
calls=1216 0 
* 138301
* 1216
fe=(212)
1933 2432
+7 2081

fn=(2207)
1933 5990
-4 5220
+6 3915
cfn=(2207)
calls=1305 -2 
* 138277
* 1422
cfn=(2207)
calls=474 -2 
* 22517
fi=(210)
4216 3558
fe=(212)
780 1779
fi=(210)
4216 1779
cfn=(1843)
calls=1779 554 
* 44475
fi=(184)
234 1779
+18 1779
+33 3558
+7 1142
fi=(206)
158 571
cob=(7)
cfi=(152)
cfn=(1866)
calls=571 0 
* 64422
* 571
* 5337
cob=(7)
cfi=(152)
cfn=(1866)
calls=1779 0 
* 202347
* 1779
fe=(212)
1933 3558
+7 6910

fn=(2310)
2528 1380
750 276
2528 552
735 276
+15 276
1950 1104
fi=(184)
485 552
fi=(185)
385 2796
cob=(3)
cfi=(175)
cfn=(1260)
calls=932 80 
* 19085
* 932
fi=(184)
3149 1864
fe=(212)

ob=(7)
fl=(152)
fn=(3742)
0 10
cob=(3)
cfi=(174)
cfn=(1256)
calls=1 65 
0 54
cob=(1)
cfi=(141)
cfn=(520)
calls=1 76 
0 798
0 5
0 4
cfn=(3752) std::basic_ostream<char, std::char_traits<char> >& std::__ostream_insert<char, std::char_traits<char> >(std::basic_ostream<char, std::char_traits<char> >&, char const*, long)
calls=1 0 
0 27982
cob=(1)
cfi=(141)
cfn=(520)
calls=1 76 
0 1052
0 5
0 5

fn=(1084)
0 64
cfn=(1090) std::locale::locale()
calls=1 0 
0 70705
cob=(1)
cfi=(141)
cfn=(520)
calls=1 76 
0 677
0 5
0 16
cfn=(1090)
calls=1 0 
0 25
0 1
0 14
cfn=(1090)
calls=1 0 
0 25
0 1
0 7
cfn=(1464)
calls=1 0 
0 84
cob=(1)
cfi=(141)
cfn=(520)
calls=1 76 
0 681
0 5
0 11
cfn=(1470)
calls=1 0 
0 11602
cob=(1)
cfi=(141)
cfn=(520)
calls=1 76 
0 1028
0 5
0 4
cfn=(1464)
calls=1 0 
0 84
0 1
0 15
cfn=(1470)
calls=1 0 
0 924
0 1
0 5
cfn=(1464)
calls=1 0 
0 84
0 1
0 11
cfn=(1470)
calls=1 0 
0 924
0 1
0 4
cfn=(1464)
calls=1 0 
0 84
0 1
0 11
cfn=(1470)
calls=1 0 
0 924
0 1
0 23
cfn=(1090)
calls=1 0 
0 25
0 1
0 16
cfn=(1090)
calls=1 0 
0 25
0 1
0 14
cfn=(1090)
calls=1 0 
0 25
0 1
0 7
cfn=(1464)
calls=1 0 
0 84
0 1
0 11
cfn=(1554) std::basic_ios<wchar_t, std::char_traits<wchar_t> >::init(std::basic_streambuf<wchar_t, std::char_traits<wchar_t> >*)
calls=1 0 
0 7892
cob=(1)
cfi=(141)
cfn=(520)
calls=1 76 
0 988
0 5
0 4
cfn=(1464)
calls=1 0 
0 84
0 1
0 15
cfn=(1554)
calls=1 0 
0 828
0 1
0 5
cfn=(1464)
calls=1 0 
0 84
0 1
0 11
cfn=(1554)
calls=1 0 
0 828
0 1
0 4
cfn=(1464)
calls=1 0 
0 84
0 1
0 11
cfn=(1554)
calls=1 0 
0 828
0 1
0 15

fn=(1246) std::ctype<wchar_t>::_M_convert_to_wmask(unsigned short) const
0 84
cob=(3)
cfi=(173)
cfn=(1252)
calls=1 26 
0 565
0 1
0 24
cob=(3)
cfi=(173)
cfn=(1252)
calls=1 26 
0 361
0 1
0 7
cob=(3)
cfi=(173)
cfn=(1252)
calls=1 26 
0 463
0 1
0 9
cob=(3)
cfi=(173)
cfn=(1252)
calls=1 26 
0 185
0 1
0 3
cob=(3)
cfi=(173)
cfn=(1252)
calls=1 26 
0 236
0 1
0 3
cob=(3)
cfi=(173)
cfn=(1252)
calls=1 26 
0 83
cob=(1)
cfi=(141)
cfn=(520)
calls=1 76 
0 770
0 5
0 3
cob=(3)
cfi=(173)
cfn=(1252)
calls=1 26 
0 514
0 1
0 3
cob=(3)
cfi=(173)
cfn=(1252)
calls=1 26 
0 175
0 1
0 3
cob=(3)
cfi=(173)
cfn=(1252)
calls=1 26 
0 310
0 1
0 7
cob=(3)
cfi=(173)
cfn=(1252)
calls=1 26 
0 134
0 1

fn=(1290) std::__timepunct<wchar_t>::__timepunct(std::__timepunct_cache<wchar_t>*, unsigned long)
0 15
cfn=(1112) std::locale::facet::_S_get_c_name()
calls=1 0 
0 3
0 1
0 4
cfn=(1296) std::__timepunct<wchar_t>::_M_initialize_timepunct(__locale_struct*)
calls=1 0 
0 165
cob=(1)
cfi=(141)
cfn=(520)
calls=1 76 
0 989
0 5
0 4

fn=(1302) std::__cxx11::messages<wchar_t>::messages(unsigned long)
0 13
cfn=(1124) std::locale::facet::_S_get_c_locale()
calls=1 0 
0 15
0 1
0 2
cfn=(1112)
calls=1 0 
0 3
0 1
0 5

fn=(1682) std::codecvt<char, char, __mbstate_t> const& std::use_facet<std::codecvt<char, char, __mbstate_t> >(std::locale const&)
0 5
cfn=(1164) std::locale::id::_M_id() const
calls=1 0 
0 6
0 1
0 11
cfn=(1506) __dynamic_cast
calls=1 0 
0 86
0 1
0 4

fn=(1702) 0x00000000000c9ad0
0 9

fn=(1746) std::basic_filebuf<char, std::char_traits<char> >::_M_allocate_internal_buffer()
0 9
cob=(2)
cfi=(52)
cfn=(1748) 0x00000000048e2138
calls=1 0 
0 781
0 4

fn=(1794) std::__basic_file<char>::xsgetn(char*, long)
0 48
cfn=(1800) std::__basic_file<char>::fd()
calls=4 0 
0 789
cob=(1)
cfi=(141)
cfn=(520)
calls=1 76 
0 753
0 8
0 16
cob=(3)
cfi=(203)
cfn=(1812)
calls=4 26 
0 28
cob=(1)
cfi=(141)
cfn=(520)
calls=1 76 
0 787
0 8
0 40

fn=(2948)
0 138

fn=(2970)
0 165
cfn=(2948)
calls=3 0 
0 114
cob=(1)
cfi=(141)
cfn=(520)
calls=1 76 
0 885
0 7
0 48

fn=(4206)
0 2

fn=(4216)
0 2

fn=(4228)
0 4
cfn=(4226) std::error_category::~error_category()
calls=1 0 
0 2
0 1

fn=(4232) 0x00000000000a5d90
0 5

fn=(956)
0 44

fn=(1182) std::__cxx11::moneypunct<char, false>::_M_initialize_moneypunct(__locale_struct*, char const*)
0 113

fn=(1464)
0 522
cfn=(1090)
calls=9 0 
0 225
0 9

fn=(1560) std::basic_ios<wchar_t, std::char_traits<wchar_t> >::_M_cache_locale(std::locale const&)
0 32
cfn=(1566) bool std::has_facet<std::ctype<wchar_t> >(std::locale const&)
calls=4 0 
0 464
cob=(1)
cfi=(141)
cfn=(520)
calls=1 76 
0 808
0 8
0 16
cfn=(1572) std::ctype<wchar_t> const& std::use_facet<std::ctype<wchar_t> >(std::locale const&)
calls=4 0 
0 456
cob=(1)
cfi=(141)
cfn=(520)
calls=1 76 
0 824
0 8
0 12
cfn=(1578) bool std::has_facet<std::num_put<wchar_t, std::ostreambuf_iterator<wchar_t, std::char_traits<wchar_t> > > >(std::locale const&)
calls=4 0 
0 464
cob=(1)
cfi=(141)
cfn=(520)
calls=1 76 
0 1084
0 8
0 16
cfn=(1584) std::num_put<wchar_t, std::ostreambuf_iterator<wchar_t, std::char_traits<wchar_t> > > const& std::use_facet<std::num_put<wchar_t, std::ostreambuf_iterator<wchar_t, std::char_traits<wchar_t> > > >(std::locale const&)
calls=4 0 
0 456
cob=(1)
cfi=(141)
cfn=(520)
calls=1 76 
0 1116
0 8
0 12
cfn=(1590) bool std::has_facet<std::num_get<wchar_t, std::istreambuf_iterator<wchar_t, std::char_traits<wchar_t> > > >(std::locale const&)
calls=4 0 
0 464
cob=(1)
cfi=(141)
cfn=(520)
calls=1 76 
0 1100
0 8
0 16
cfn=(1596) std::num_get<wchar_t, std::istreambuf_iterator<wchar_t, std::char_traits<wchar_t> > > const& std::use_facet<std::num_get<wchar_t, std::istreambuf_iterator<wchar_t, std::char_traits<wchar_t> > > >(std::locale const&)
calls=4 0 
0 456
cob=(1)
cfi=(141)
cfn=(520)
calls=1 76 
0 1124
0 8
0 20

fn=(1596)
0 20
cfn=(1164)
calls=4 0 
0 24
0 4
0 44
cfn=(1506)
calls=4 0 
0 344
0 4
0 16

fn=(2076) std::basic_filebuf<char, std::char_traits<char> >::_M_terminate_output()
0 24

fn=(2092) std::__basic_file<char>::close()
0 8
cfn=(1694)
calls=2 0 
0 8
0 2
0 11
cob=(3)
cfi=(232)
cfn=(2098)
calls=1 34 
0 394
cob=(1)
cfi=(141)
cfn=(520)
calls=1 76 
0 761
0 5
0 6

fn=(3798)
0 240
cob=(3)
cfi=(314)
cfn=(3804)
calls=48 38 
0 480
cob=(1)
cfi=(141)
cfn=(520)
calls=1 76 
0 798
0 52
0 192

fn=(3956) __gnu_cxx::stdio_sync_filebuf<char, std::char_traits<char> >::overflow(int)
0 1176
cob=(3)
cfi=(323)
cfn=(3962)
calls=168 25 
0 3360
cob=(1)
cfi=(141)
cfn=(520)
calls=1 76 
0 765
0 172

fn=(4092) __gnu_cxx::stdio_sync_filebuf<char, std::char_traits<char> >::sync()
0 15
cob=(3)
cfi=(342)
cfn=(4098)
calls=5 33 
0 439
cob=(1)
cfi=(141)
cfn=(520)
calls=1 76 
0 796
0 9

fn=(4122) __cxa_get_globals
0 8
cob=(1)
cfi=(344)
cfn=(4128)
calls=2 30 
0 22
cob=(1)
cfi=(141)
cfn=(520)
calls=1 76 
0 886
0 6
0 6

fn=(4212)
0 2

fn=(858)
0 9
cfn=(866) std::error_category::error_category()
calls=1 0 
0 5
cob=(1)
cfi=(141)
cfn=(520)
calls=1 76 
0 703
0 5
0 7
cob=(3)
cfi=(153)
cfn=(874)
calls=1 70 
0 70
cob=(1)
cfi=(141)
cfn=(520)
calls=1 76 
0 884
0 5
0 3
cfn=(866)
calls=1 0 
0 5
0 1
0 9
cob=(3)
cfi=(153)
cfn=(874)
calls=1 70 
0 74
0 1

fn=(964)
0 5
cob=(3)
cfi=(153)
cfn=(874)
calls=1 70 
0 74
0 1

fn=(1002)
0 50

fn=(1054)
0 7
cob=(3)
cfi=(153)
cfn=(874)
calls=1 70 
0 74
0 1
0 4
cob=(3)
cfi=(153)
cfn=(874)
calls=1 70 
0 74
0 1
0 5
cob=(3)
cfi=(153)
cfn=(874)
calls=1 70 
0 74
0 1

fn=(1106) std::locale::_Impl::_Impl(unsigned long)
0 139
cfn=(1112)
calls=1 0 
0 3
cob=(1)
cfi=(141)
cfn=(520)
calls=1 76 
0 771
0 5
0 7
cfn=(1118) std::ctype<char>::ctype(unsigned short const*, bool, unsigned long)
calls=1 0 
0 3973
cob=(1)
cfi=(141)
cfn=(520)
calls=1 76 
0 705
0 5
0 4
cfn=(1158) std::locale::_Impl::_M_install_facet(std::locale::id const*, std::locale::facet const*)
calls=1 0 
0 1116
cob=(1)
cfi=(141)
cfn=(520)
calls=1 76 
0 945
0 5
0 4
cfn=(1170) std::codecvt<char, char, __mbstate_t>::codecvt(unsigned long)
calls=1 0 
0 34
cob=(1)
cfi=(141)
cfn=(520)
calls=1 76 
0 785
0 5
0 4
cfn=(1158)
calls=1 0 
0 395
0 1
0 23
cfn=(1176) std::__cxx11::numpunct<char>::_M_initialize_numpunct(__locale_struct*)
calls=1 0 
0 414
cob=(1)
cfi=(141)
cfn=(520)
calls=1 76 
0 983
0 5
0 4
cfn=(1158)
calls=1 0 
0 395
0 1
0 8
cfn=(1158)
calls=1 0 
0 395
0 1
0 8
cfn=(1158)
calls=1 0 
0 395
0 1
0 5
cfn=(1124)
calls=1 0 
0 15
0 1
0 5
cfn=(1158)
calls=1 0 
0 395
0 1
0 28
cfn=(1182)
calls=1 0 
0 113
cob=(1)
cfi=(141)
cfn=(520)
calls=1 76 
0 1039
0 5
0 4
cfn=(1158)
calls=1 0 
0 395
0 1
0 28
cfn=(1188) std::__cxx11::moneypunct<char, true>::_M_initialize_moneypunct(__locale_struct*, char const*)
calls=1 0 
0 113
cob=(1)
cfi=(141)
cfn=(520)
calls=1 76 
0 1047
0 5
0 4
cfn=(1158)
calls=1 0 
0 395
0 1
0 8
cfn=(1158)
calls=1 0 
0 395
0 1
0 8
cfn=(1158)
calls=1 0 
0 395
0 1
0 35
cfn=(1194) std::__timepunct<char>::__timepunct(std::__timepunct_cache<char>*, unsigned long)
calls=1 0 
0 1162
cob=(1)
cfi=(141)
cfn=(520)
calls=1 76 
0 880
0 5
0 4
cfn=(1158)
calls=1 0 
0 395
0 1
0 8
cfn=(1158)
calls=1 0 
0 395
0 1
0 8
cfn=(1158)
calls=1 0 
0 395
0 1
0 4
cfn=(1206) std::__cxx11::messages<char>::messages(unsigned long)
calls=1 0 
0 40
cob=(1)
cfi=(141)
cfn=(520)
calls=1 76 
0 726
0 5
0 4
cfn=(1158)
calls=1 0 
0 395
0 1
0 4
cfn=(1212) std::ctype<wchar_t>::ctype(unsigned long)
calls=1 0 
0 23900
cob=(1)
cfi=(141)
cfn=(520)
calls=1 76 
0 689
0 5
0 4
cfn=(1158)
calls=1 0 
0 395
0 1
0 4
cfn=(1266) std::codecvt<wchar_t, char, __mbstate_t>::codecvt(unsigned long)
calls=1 0 
0 34
cob=(1)
cfi=(141)
cfn=(520)
calls=1 76 
0 785
0 5
0 4
cfn=(1158)
calls=1 0 
0 395
0 1
0 23
cfn=(1272) std::__cxx11::numpunct<wchar_t>::_M_initialize_numpunct(__locale_struct*)
calls=1 0 
0 350
cob=(1)
cfi=(141)
cfn=(520)
calls=1 76 
0 959
0 5
0 4
cfn=(1158)
calls=1 0 
0 395
0 1
0 8
cfn=(1158)
calls=1 0 
0 395
0 1
0 8
cfn=(1158)
calls=1 0 
0 395
0 1
0 5
cfn=(1124)
calls=1 0 
0 15
0 1
0 16
cfn=(1158)
calls=1 0 
0 395
0 1
0 27
cfn=(1278) std::__cxx11::moneypunct<wchar_t, false>::_M_initialize_moneypunct(__locale_struct*, char const*)
calls=1 0 
0 102
cob=(1)
cfi=(141)
cfn=(520)
calls=1 76 
0 1063
0 5
0 4
cfn=(1158)
calls=1 0 
0 395
0 1
0 28
cfn=(1284) std::__cxx11::moneypunct<wchar_t, true>::_M_initialize_moneypunct(__locale_struct*, char const*)
calls=1 0 
0 102
cob=(1)
cfi=(141)
cfn=(520)
calls=1 76 
0 1069
0 5
0 4
cfn=(1158)
calls=1 0 
0 395
0 1
0 8
cfn=(1158)
calls=1 0 
0 395
0 1
0 8
cfn=(1158)
calls=1 0 
0 395
0 1
0 35
cfn=(1290)
calls=1 0 
0 1186
cob=(1)
cfi=(141)
cfn=(520)
calls=1 76 
0 888
0 5
0 4
cfn=(1158)
calls=1 0 
0 395
0 1
0 8
cfn=(1158)
calls=1 0 
0 395
0 1
0 8
cfn=(1158)
calls=1 0 
0 395
0 1
0 4
cfn=(1302)
calls=1 0 
0 40
cob=(1)
cfi=(141)
cfn=(520)
calls=1 76 
0 726
0 5
0 4
cfn=(1158)
calls=1 0 
0 395
0 1
0 8
cfn=(1158)
calls=1 0 
0 395
0 1
0 8
cfn=(1158)
calls=1 0 
0 395
0 1
0 8
cfn=(1158)
calls=1 0 
0 395
0 1
0 8
cfn=(1158)
calls=1 0 
0 395
0 1
0 9
cfn=(1304) 0x00000000000d48d0
calls=1 0 
0 9366
0 3
cfn=(1164)
calls=1 0 
0 6
0 1
0 4
cfn=(1164)
calls=1 0 
0 6
0 1
0 4
cfn=(1164)
calls=1 0 
0 6
0 1
0 4
cfn=(1164)
calls=1 0 
0 6
0 1
0 5
cfn=(1164)
calls=1 0 
0 6
0 1
0 5
cfn=(1164)
calls=1 0 
0 6
0 1
0 4
cfn=(1164)
calls=1 0 
0 6
0 1
0 5
cfn=(1164)
calls=1 0 
0 6
0 1
0 10

fn=(1124)
0 250
cob=(3)
cfi=(164)
cfn=(1130)
calls=50 139 
0 2184
cob=(1)
cfi=(141)
cfn=(520)
calls=1 76 
0 1070
0 54
0 200

fn=(1136)
0 5
cfn=(1142) std::locale::facet::_S_create_c_locale(__locale_struct*&, char const*, __locale_struct*)
calls=1 0 
0 888
cob=(1)
cfi=(141)
cfn=(520)
calls=1 76 
0 973
0 5

fn=(1272)
0 350

fn=(1296)
0 11
cfn=(1124)
calls=1 0 
0 15
0 1
0 138

fn=(1394) std::moneypunct<wchar_t, false>::_M_initialize_moneypunct(__locale_struct*, char const*)
0 102

fn=(1482) std::locale::operator=(std::locale const&)
0 200

fn=(1494) std::basic_ios<char, std::char_traits<char> >::_M_cache_locale(std::locale const&)
0 48
cfn=(1500) bool std::has_facet<std::ctype<char> >(std::locale const&)
calls=6 0 
0 2418
cob=(1)
cfi=(141)
cfn=(520)
calls=1 76 
0 824
0 10
0 24
cfn=(1522) std::ctype<char> const& std::use_facet<std::ctype<char> >(std::locale const&)
calls=6 0 
0 972
cob=(1)
cfi=(141)
cfn=(520)
calls=1 76 
0 831
0 10
0 18
cfn=(1528) bool std::has_facet<std::num_put<char, std::ostreambuf_iterator<char, std::char_traits<char> > > >(std::locale const&)
calls=6 0 
0 696
cob=(1)
cfi=(141)
cfn=(520)
calls=1 76 
0 1084
0 10
0 24
cfn=(1536) std::num_put<char, std::ostreambuf_iterator<char, std::char_traits<char> > > const& std::use_facet<std::num_put<char, std::ostreambuf_iterator<char, std::char_traits<char> > > >(std::locale const&)
calls=6 0 
0 684
cob=(1)
cfi=(141)
cfn=(520)
calls=1 76 
0 1100
0 10
0 18
cfn=(1542) bool std::has_facet<std::num_get<char, std::istreambuf_iterator<char, std::char_traits<char> > > >(std::locale const&)
calls=6 0 
0 696
cob=(1)
cfi=(141)
cfn=(520)
calls=1 76 
0 1084
0 10
0 24
cfn=(1548) std::num_get<char, std::istreambuf_iterator<char, std::char_traits<char> > > const& std::use_facet<std::num_get<char, std::istreambuf_iterator<char, std::char_traits<char> > > >(std::locale const&)
calls=6 0 
0 684
cob=(1)
cfi=(141)
cfn=(520)
calls=1 76 
0 1100
0 10
0 30

fn=(1566)
0 20
cfn=(1164)
calls=4 0 
0 24
0 4
0 48
cfn=(1506)
calls=4 0 
0 344
0 4
0 20

fn=(1590)
0 20
cfn=(1164)
calls=4 0 
0 24
0 4
0 48
cfn=(1506)
calls=4 0 
0 344
0 4
0 20

fn=(1750) operator new[](unsigned long)
0 2
cfn=(1638)
calls=1 0 
0 168
cob=(1)
cfi=(141)
cfn=(520)
calls=1 76 
0 605
0 5

fn=(1788) std::codecvt<char, char, __mbstate_t>::do_always_noconv() const
0 12

fn=(3690)
0 15
cfn=(1638)
calls=5 0 
0 1657
0 5
0 10

fn=(3760) __gnu_cxx::stdio_sync_filebuf<char, std::char_traits<char> >::xsputn(char const*, long)
0 1014
cob=(3)
cfi=(310)
cfn=(3766)
calls=169 31 
0 48178
cob=(1)
cfi=(141)
cfn=(520)
calls=1 76 
0 753
0 173

fn=(3954)
0 1848
cfn=(3758) std::ostream::sentry::sentry(std::ostream&)
calls=168 0 
0 3864
0 168
0 3864
cfn=(3956)
calls=168 0 
0 5473
0 336

fn=(3976) std::ostreambuf_iterator<char, std::char_traits<char> > std::num_put<char, std::ostreambuf_iterator<char, std::char_traits<char> > >::_M_insert_float<double>(std::ostreambuf_iterator<char, std::char_traits<char> >, std::ios_base&, char, char, double) const
0 756
cfn=(3936) 0x0000000000120170
calls=36 0 
0 1008
0 324
cfn=(3982) std::__num_base::_S_format_float(std::ios_base const&, char*, char)
calls=36 0 
0 1116
cob=(1)
cfi=(141)
cfn=(520)
calls=1 76 
0 889
0 40
0 288
cfn=(1124)
calls=36 0 
0 540
0 36
0 396
cfn=(3984) 0x00000000000f21c0
calls=36 0 
0 108554
0 180
cfn=(1522)
calls=36 0 
0 5832
0 36
0 720
cob=(3)
cfi=(187)
cfn=(1644)
calls=36 264 
0 434
cob=(1)
cfi=(141)
cfn=(520)
calls=1 76 
0 1027
0 40
0 288
cob=(3)
cfi=(338)
cfn=(4044)
calls=36 68 
0 648
cob=(1)
cfi=(141)
cfn=(520)
calls=1 76 
0 823
0 40
0 864
cfn=(3760)
calls=36 0 
0 4862
0 540

fn=(4084)
0 24
cfn=(4090) std::ostream::flush()
calls=1 0 
0 1044
cob=(1)
cfi=(141)
cfn=(520)
calls=1 76 
0 684
0 5
0 2
cfn=(4090)
calls=1 0 
0 2659
0 1
0 2
cfn=(4090)
calls=1 0 
0 125
0 1
0 2
cfn=(4134) std::basic_ostream<wchar_t, std::char_traits<wchar_t> >::flush()
calls=1 0 
0 1049
cob=(1)
cfi=(141)
cfn=(520)
calls=1 76 
0 876
0 5
0 2
cfn=(4134)
calls=1 0 
0 365
0 1
0 2
cfn=(4134)
calls=1 0 
0 125
0 1
0 2

fn=(4116) std::uncaught_exception()
0 6
cfn=(4122)
calls=2 0 
0 928
cob=(1)
cfi=(141)
cfn=(520)
calls=1 76 
0 671
0 6
0 10

fn=(4198)
0 9
cob=(2)
cfi=(52)
cfn=(4204) 0x00000000048e2140
calls=1 0 
0 1093
0 1
cfn=(4232)
calls=1 0 
0 5
0 3

fn=(4208)
0 2

fn=(4220)
0 4
cfn=(4226)
calls=1 0 
0 2
cob=(1)
cfi=(141)
cfn=(520)
calls=1 76 
0 719
0 5

fn=(852)
0 12

fn=(958)
0 5
cob=(3)
cfi=(153)
cfn=(874)
calls=1 70 
0 74
0 1

fn=(960)
0 7
cob=(3)
cfi=(153)
cfn=(874)
calls=1 70 
0 74
0 1
0 5
cob=(3)
cfi=(153)
cfn=(874)
calls=1 70 
0 74
0 1

fn=(984)
0 34

fn=(1028)
0 50

fn=(1176)
0 414

fn=(1188)
0 113

fn=(1194)
0 15
cfn=(1112)
calls=1 0 
0 3
0 1
0 4
cfn=(1200) std::__timepunct<char>::_M_initialize_timepunct(__locale_struct*)
calls=1 0 
0 165
cob=(1)
cfi=(141)
cfn=(520)
calls=1 76 
0 965
0 5
0 4

fn=(1206)
0 13
cfn=(1124)
calls=1 0 
0 15
0 1
0 2
cfn=(1112)
calls=1 0 
0 3
0 1
0 5

fn=(1500)
0 30
cfn=(1164)
calls=6 0 
0 36
0 6
0 72
cfn=(1506)
calls=6 0 
0 1591
cob=(1)
cfi=(141)
cfn=(520)
calls=1 76 
0 643
0 10
0 30

fn=(1506)
0 3136
cfn=(1530) __cxxabiv1::__si_class_type_info::__do_dyncast(long, __cxxabiv1::__class_type_info::__sub_kind, __cxxabiv1::__class_type_info const*, void const*, __cxxabiv1::__class_type_info const*, void const*, __cxxabiv1::__class_type_info::__dyncast_result&) const
calls=50 0 
0 1850
cfn=(1508) __cxxabiv1::__vmi_class_type_info::__do_dyncast(long, __cxxabiv1::__class_type_info::__sub_kind, __cxxabiv1::__class_type_info const*, void const*, __cxxabiv1::__class_type_info const*, void const*, __cxxabiv1::__class_type_info::__dyncast_result&) const
calls=48 0 
0 4867
0 1666

fn=(1530)
0 1850

fn=(1572)
0 20
cfn=(1164)
calls=4 0 
0 24
0 4
0 44
cfn=(1506)
calls=4 0 
0 344
0 4
0 16

fn=(1638)
0 5149816
cob=(3)
cfi=(154)
cfn=(900)
calls=643727 3281 
0 110502118
0 643727
0 2574908

fn=(1664)
0 20
cfn=(1090)
calls=1 0 
0 25
0 1
0 10
cfn=(1670) std::__basic_file<char>::__basic_file(pthread_mutex_t*)
calls=1 0 
0 4
cob=(1)
cfi=(141)
cfn=(520)
calls=1 76 
0 857
0 5
0 15
cfn=(1676) bool std::has_facet<std::codecvt<char, char, __mbstate_t> >(std::locale const&)
calls=1 0 
0 116
cob=(1)
cfi=(141)
cfn=(520)
calls=1 76 
0 920
0 5
0 4
cfn=(1682)
calls=1 0 
0 114
cob=(1)
cfi=(141)
cfn=(520)
calls=1 76 
0 920
0 5
0 7

fn=(1700) std::__basic_file<char>::open(char const*, std::_Ios_Openmode, int)
0 7
cfn=(1702)
calls=1 0 
0 9
0 6
cfn=(1694)
calls=1 0 
0 4
0 1
0 5
cob=(3)
cfi=(191)
cfn=(1712)
calls=1 86 
0 583
cob=(1)
cfi=(141)
cfn=(520)
calls=1 76 
0 761
0 5
0 9

fn=(1866)
0 1287452
cfn=(1872) operator delete(void*)
calls=643726 0 
0 105202302
cob=(1)
cfi=(141)
cfn=(520)
calls=1 76 
0 655
0 643730

fn=(1872)
0 1287454
cob=(3)
cfi=(154)
cfn=(1878)
calls=643727 3350 
0 103270431
cob=(1)
cfi=(141)
cfn=(520)
calls=1 76 
0 820
0 643731

fn=(2086) operator delete[](void*)
0 2
cfn=(1872)
calls=1 0 
0 134
0 1

fn=(2150) std::ios_base::_M_dispose_callbacks()
0 13

fn=(2956)
0 486

fn=(3758)
0 5104
cfn=(4091) std::ostream::flush()'2
calls=1 0 
0 125
0 1
0 2723

fn=(3759) std::ostream::sentry::sentry(std::ostream&)'2
0 23

fn=(3982)
0 1116

fn=(3984)
0 828
cob=(3)
cfi=(168)
cfn=(1224)
calls=36 31 
0 756
0 36
0 432
cob=(3)
cfi=(324)
cfn=(3994)
calls=36 124 
0 104514
cob=(1)
cfi=(141)
cfn=(520)
calls=1 76 
0 796
0 40
0 108
cob=(3)
cfi=(168)
cfn=(1224)
calls=36 31 
0 756
0 36
0 252

fn=(966)
0 34

fn=(1266)
0 13
cfn=(1124)
calls=1 0 
0 15
0 1
0 5

fn=(1476) std::ios_base::_M_init()
0 110
cfn=(1090)
calls=10 0 
0 250
0 10
0 30
cfn=(1482)
calls=10 0 
0 200
cob=(1)
cfi=(141)
cfn=(520)
calls=1 76 
0 759
0 14
0 20
cfn=(1488)
calls=10 0 
0 80
cob=(1)
cfi=(141)
cfn=(520)
calls=1 76 
0 709
0 14
0 40

fn=(1528)
0 30
cfn=(1164)
calls=6 0 
0 36
0 6
0 72
cfn=(1506)
calls=6 0 
0 516
0 6
0 30

fn=(1584)
0 20
cfn=(1164)
calls=4 0 
0 24
0 4
0 44
cfn=(1506)
calls=4 0 
0 344
0 4
0 16

fn=(1670)
0 4

fn=(1676)
0 5
cfn=(1164)
calls=1 0 
0 6
0 1
0 12
cfn=(1506)
calls=1 0 
0 86
0 1
0 5

fn=(1784)
0 32
cfn=(1786) std::basic_filebuf<char, std::char_traits<char> >::underflow()
calls=4 0 
0 3522
0 36

fn=(1920)
0 37033549

fn=(4050)
0 1680
cfn=(3758)
calls=120 0 
0 2760
0 120
0 2400
cfn=(4052) std::num_put<char, std::ostreambuf_iterator<char, std::char_traits<char> > >::do_put(std::ostreambuf_iterator<char, std::char_traits<char> >, std::ios_base&, char, unsigned long) const
calls=120 0 
0 44076
0 2040

fn=(4090)
0 39
cfn=(3758)
calls=3 0 
0 202
0 3
0 21
cfn=(4092)
calls=3 0 
0 1123
0 25
cfn=(4116)
calls=1 0 
0 1593
cob=(1)
cfi=(141)
cfn=(520)
calls=1 76 
0 725
0 5
0 7
cfn=(4092)
calls=1 0 
0 68
0 17

fn=(4091)
0 13
cfn=(3759)
calls=1 0 
0 23
0 1
0 7
cfn=(4092)
calls=1 0 
0 68
0 13

fn=(4140) std::basic_ostream<wchar_t, std::char_traits<wchar_t> >::sentry::sentry(std::basic_ostream<wchar_t, std::char_traits<wchar_t> >&)
0 49
cfn=(4135) std::basic_ostream<wchar_t, std::char_traits<wchar_t> >::flush()'2
calls=1 0 
0 125
0 1
0 27

fn=(4141) std::basic_ostream<wchar_t, std::char_traits<wchar_t> >::sentry::sentry(std::basic_ostream<wchar_t, std::char_traits<wchar_t> >&)'2
0 23

fn=(4218)
0 2

fn=(866)
0 10

fn=(930)
0 78

fn=(1092) 0x00000000000bbb80
0 11
cfn=(1106)
calls=1 0 
0 69213
cob=(1)
cfi=(141)
cfn=(520)
calls=1 76 
0 705
0 5
0 9
cfn=(1456) std::locale::locale(std::locale::_Impl*)
calls=1 0 
0 3
cob=(1)
cfi=(141)
cfn=(520)
calls=1 76 
0 729
0 5
0 208

fn=(1118)
0 15
cfn=(1124)
calls=1 0 
0 3023
cob=(1)
cfi=(141)
cfn=(520)
calls=1 76 
0 829
0 5
0 101

fn=(1142)
0 5
cob=(3)
cfi=(166)
cfn=(1148)
calls=1 43 
0 38
cob=(1)
cfi=(141)
cfn=(520)
calls=1 76 
0 835
0 5
0 5

fn=(1200)
0 11
cfn=(1124)
calls=1 0 
0 15
0 1
0 138

fn=(1212)
0 13
cfn=(1124)
calls=1 0 
0 15
0 1
0 7
cfn=(1218) std::ctype<wchar_t>::_M_initialize_ctype()
calls=1 0 
0 23062
cob=(1)
cfi=(141)
cfn=(520)
calls=1 76 
0 797
0 5

fn=(1218)
0 10
cob=(3)
cfi=(168)
cfn=(1224)
calls=1 31 
0 21
cob=(1)
cfi=(141)
cfn=(520)
calls=1 76 
0 835
0 5
0 770
cob=(3)
cfi=(169)
cfn=(1230)
calls=128 30 
0 2688
cob=(1)
cfi=(141)
cfn=(520)
calls=1 76 
0 836
0 132
0 260
cob=(3)
cfi=(170)
cfn=(1236)
calls=1 32 
0 24
cob=(1)
cfi=(141)
cfn=(520)
calls=1 76 
0 757
0 5
0 510
cob=(3)
cfi=(170)
cfn=(1236)
calls=255 32 
0 9960
0 255
0 1086
cfn=(1246)
calls=8 0 
0 2354
cob=(1)
cfi=(141)
cfn=(520)
calls=1 76 
0 817
0 12
0 72
cfn=(1246)
calls=4 0 
0 1602
0 4
0 23
cob=(3)
cfi=(168)
cfn=(1224)
calls=1 31 
0 21
0 1
0 2

fn=(1278)
0 102

fn=(1430) std::messages<wchar_t>::messages(unsigned long)
0 13
cfn=(1124)
calls=1 0 
0 15
0 1
0 2
cfn=(1112)
calls=1 0 
0 3
0 1
0 5

fn=(1508)
0 2688
cob=(3)
cfi=(177)
cfn=(1516)
calls=48 249 
0 960
cob=(1)
cfi=(141)
cfn=(520)
calls=1 76 
0 783
0 52
0 384

fn=(1536)
0 30
cfn=(1164)
calls=6 0 
0 36
0 6
0 66
cfn=(1506)
calls=6 0 
0 516
0 6
0 24

fn=(1578)
0 20
cfn=(1164)
calls=4 0 
0 24
0 4
0 48
cfn=(1506)
calls=4 0 
0 344
0 4
0 20

fn=(1694)
0 28

fn=(1800)
0 12
cob=(3)
cfi=(202)
cfn=(1806)
calls=4 35 
0 24
cob=(1)
cfi=(141)
cfn=(520)
calls=1 76 
0 745
0 8

fn=(2024)
0 11578166

fn=(2070)
0 9
cfn=(1694)
calls=1 0 
0 4
0 1
0 5
cfn=(2076)
calls=1 0 
0 24
cob=(1)
cfi=(141)
cfn=(520)
calls=1 76 
0 964
0 5
0 5
cfn=(2082) std::basic_filebuf<char, std::char_traits<char> >::_M_destroy_internal_buffer()
calls=1 0 
0 158
cob=(1)
cfi=(141)
cfn=(520)
calls=1 76 
0 1024
0 5
0 14
cfn=(2092)
calls=1 0 
0 1181
cob=(1)
cfi=(141)
cfn=(520)
calls=1 76 
0 769
0 5
0 10

fn=(2138)
0 8
cfn=(2144) std::ios_base::_M_call_callbacks(std::ios_base::event)
calls=1 0 
0 11
cob=(1)
cfi=(141)
cfn=(520)
calls=1 76 
0 839
0 5
0 2
cfn=(2150)
calls=1 0 
0 13
cob=(1)
cfi=(141)
cfn=(520)
calls=1 76 
0 779
0 5
0 7
cfn=(1488)
calls=1 0 
0 8
0 1

fn=(2200)
0 9180673

fn=(3916) std::ostream& std::ostream::_M_insert<long>(long)
0 168
cfn=(3758)
calls=12 0 
0 276
0 12
0 230
cfn=(3928) std::num_put<char, std::ostreambuf_iterator<char, std::char_traits<char> > >::do_put(std::ostreambuf_iterator<char, std::char_traits<char> >, std::ios_base&, char, long) const
calls=11 0 
0 3079
0 9
cfn=(3928)
calls=1 0 
0 1472
0 217
cfn=(3922) std::ctype<char>::_M_widen_init() const
calls=1 0 
0 1557
cob=(1)
cfi=(141)
cfn=(520)
calls=1 76 
0 759
0 5
0 6

fn=(3922)
0 717
cob=(3)
cfi=(175)
cfn=(1260)
calls=1 80 
0 46
cob=(1)
cfi=(141)
cfn=(520)
calls=1 76 
0 780
0 5
0 9

fn=(3928)
0 36
cfn=(3934) std::ostreambuf_iterator<char, std::char_traits<char> > std::num_put<char, std::ostreambuf_iterator<char, std::char_traits<char> > >::_M_insert_int<long>(std::ostreambuf_iterator<char, std::char_traits<char> >, std::ios_base&, char, long) const
calls=12 0 
0 3311
cob=(1)
cfi=(141)
cfn=(520)
calls=1 76 
0 1188
0 16

fn=(3936)
0 1344
cfn=(1164)
calls=168 0 
0 1008
0 168
0 2184

fn=(3942) 0x0000000000123200
0 13948

fn=(4214)
0 2

fn=(1112)
0 21

fn=(1310) std::numpunct<char>::_M_initialize_numpunct(__locale_struct*)
0 414

fn=(1456)
0 3

fn=(1522)
0 210
cfn=(1164)
calls=42 0 
0 252
0 42
0 462
cfn=(1506)
calls=42 0 
0 5628
0 42
0 168

fn=(1760)
0 14

fn=(1786)
0 120
cfn=(1788)
calls=4 0 
0 12
0 56
cfn=(1794)
calls=4 0 
0 2477
cob=(1)
cfi=(141)
cfn=(520)
calls=1 76 
0 781
0 8
0 68

fn=(2144)
0 11

fn=(4058) std::ostreambuf_iterator<char, std::char_traits<char> > std::num_put<char, std::ostreambuf_iterator<char, std::char_traits<char> > >::_M_insert_int<unsigned long>(std::ostreambuf_iterator<char, std::char_traits<char> >, std::ios_base&, char, unsigned long) const
0 2040
cfn=(3936)
calls=120 0 
0 3360
0 2640
cfn=(3942)
calls=120 0 
0 13632
0 2760
cfn=(3760)
calls=120 0 
0 16404
0 1560

fn=(4142) __gnu_cxx::stdio_sync_filebuf<wchar_t, std::char_traits<wchar_t> >::sync()
0 15
cob=(3)
cfi=(342)
cfn=(4098)
calls=5 33 
0 320
0 5

fn=(4210)
0 2

fn=(884)
0 3
cfn=(890) std::future_category()
calls=1 0 
0 3
cob=(1)
cfi=(141)
cfn=(520)
calls=1 76 
0 699
0 5
0 4

fn=(890)
0 3

fn=(894)
0 9
cob=(3)
cfi=(154)
cfn=(900)
calls=1 3281 
0 1733
cob=(1)
cfi=(141)
cfn=(520)
calls=1 76 
0 840
0 5
0 8

fn=(1090)
0 182
cfn=(1092)
calls=26 0 
0 70888
0 260

fn=(1158)
0 448
cfn=(1164)
calls=32 0 
0 480
cob=(1)
cfi=(141)
cfn=(520)
calls=1 76 
0 717
0 36
0 11680

fn=(1164)
0 2400

fn=(1304)
0 23
cfn=(1310)
calls=1 0 
0 414
cob=(1)
cfi=(141)
cfn=(520)
calls=1 76 
0 933
0 5
0 8
cfn=(1164)
calls=1 0 
0 15
0 1
0 7
cfn=(1124)
calls=1 0 
0 15
0 1
0 7
cfn=(1164)
calls=1 0 
0 15
0 1
0 12
cfn=(1328) std::moneypunct<char, false>::_M_initialize_moneypunct(__locale_struct*, char const*)
calls=1 0 
0 113
cob=(1)
cfi=(141)
cfn=(520)
calls=1 76 
0 1005
0 5
0 7
cfn=(1164)
calls=1 0 
0 15
0 1
0 13
cfn=(1340) std::moneypunct<char, true>::_M_initialize_moneypunct(__locale_struct*, char const*)
calls=1 0 
0 113
cob=(1)
cfi=(141)
cfn=(520)
calls=1 76 
0 1021
0 5
0 7
cfn=(1164)
calls=1 0 
0 15
0 1
0 12
cfn=(1164)
calls=1 0 
0 15
0 1
0 12
cfn=(1164)
calls=1 0 
0 15
0 1
0 12
cfn=(1164)
calls=1 0 
0 15
0 1
0 6
cfn=(1364) std::messages<char>::messages(unsigned long)
calls=1 0 
0 40
cob=(1)
cfi=(141)
cfn=(520)
calls=1 76 
0 716
0 5
0 7
cfn=(1164)
calls=1 0 
0 15
0 1
0 16
cfn=(1376) std::numpunct<wchar_t>::_M_initialize_numpunct(__locale_struct*)
calls=1 0 
0 350
cob=(1)
cfi=(141)
cfn=(520)
calls=1 76 
0 941
0 5
0 7
cfn=(1164)
calls=1 0 
0 15
0 1
0 7
cfn=(1124)
calls=1 0 
0 15
0 1
0 7
cfn=(1164)
calls=1 0 
0 15
0 1
0 13
cfn=(1394)
calls=1 0 
0 102
cob=(1)
cfi=(141)
cfn=(520)
calls=1 76 
0 1083
0 5
0 7
cfn=(1164)
calls=1 0 
0 15
0 1
0 13
cfn=(1406) std::moneypunct<wchar_t, true>::_M_initialize_moneypunct(__locale_struct*, char const*)
calls=1 0 
0 102
cob=(1)
cfi=(141)
cfn=(520)
calls=1 76 
0 1013
0 5
0 7
cfn=(1164)
calls=1 0 
0 15
0 1
0 12
cfn=(1164)
calls=1 0 
0 15
0 1
0 12
cfn=(1164)
calls=1 0 
0 15
0 1
0 12
cfn=(1164)
calls=1 0 
0 15
0 1
0 6
cfn=(1430)
calls=1 0 
0 40
cob=(1)
cfi=(141)
cfn=(520)
calls=1 76 
0 716
0 5
0 6
cfn=(1164)
calls=1 0 
0 15
0 1
0 4
cfn=(1164)
calls=1 0 
0 6
0 1
0 4
cfn=(1164)
calls=1 0 
0 6
0 1
0 4
cfn=(1164)
calls=1 0 
0 6
0 1
0 5
cfn=(1164)
calls=1 0 
0 6
0 1
0 4
cfn=(1164)
calls=1 0 
0 6
0 1
0 5
cfn=(1164)
calls=1 0 
0 6
0 1
0 10

fn=(1328)
0 113

fn=(1340)
0 113

fn=(1364)
0 13
cfn=(1124)
calls=1 0 
0 15
0 1
0 2
cfn=(1112)
calls=1 0 
0 3
0 1
0 5

fn=(1376)
0 350

fn=(1548)
0 30
cfn=(1164)
calls=6 0 
0 36
0 6
0 66
cfn=(1506)
calls=6 0 
0 516
0 6
0 24

fn=(3970) std::num_put<char, std::ostreambuf_iterator<char, std::char_traits<char> > >::do_put(std::ostreambuf_iterator<char, std::char_traits<char> >, std::ios_base&, char, double) const
0 144
cfn=(3976)
calls=36 0 
0 130281
cob=(1)
cfi=(141)
cfn=(520)
calls=1 76 
0 1204
0 40

fn=(4134)
0 39
cfn=(4140)
calls=3 0 
0 202
cob=(1)
cfi=(141)
cfn=(520)
calls=1 76 
0 920
0 7
0 21
cfn=(4142)
calls=3 0 
0 204
0 25
cfn=(4116)
calls=1 0 
0 28
0 1
0 7
cfn=(4142)
calls=1 0 
0 68
0 17

fn=(4135)
0 13
cfn=(4141)
calls=1 0 
0 23
0 1
0 7
cfn=(4142)
calls=1 0 
0 68
0 13

fn=(4226)
0 4

fn=(1170)
0 13
cfn=(1124)
calls=1 0 
0 15
0 1
0 5

fn=(1284)
0 94

ob=(8)
fl=(212)
fn=(2310)
fi=(185)
990 1384
fe=(212)
779 502
1952 502
-2 1004
fi=(218)
59 932
fi=(184)
3142 2796
fi=(185)
372 1864
fi=(184)
483 252
+2 504
+2 756
+3 252
fi=(185)
990 516
fe=(212)
788 430
1950 860
2534 552
fi=(218)
59 276
fi=(184)
3142 828
fi=(185)
372 552
+13 828
cob=(3)
cfi=(175)
cfn=(1260)
calls=276 80 
* 5217
* 276
fi=(184)
3149 552
fi=(185)
990 72
fe=(212)
2535 2484
fi=(184)
483 480
+2 480
+2 480
+3 240
fi=(185)
990 480
fe=(212)

fn=(3538)
2107 280
735 70
2114 140
750 70
2123 140
+8 560

fn=(1910)
2209 405
750 405
2209 3240
+8 1446
fi=(184)
3142 1060
fi=(185)
372 424
+13 1060
cob=(3)
cfi=(175)
cfn=(1260)
calls=212 80 
* 4515
* 212
fi=(184)
3149 848
fe=(212)
2260 54
-37 108
+37 324
-37 54
cfn=(1912) std::_Rb_tree<std::__cxx11::basic_string<char, std::char_traits<char>, std::allocator<char> >, std::pair<std::__cxx11::basic_string<char, std::char_traits<char>, std::allocator<char> > const, nlohmann::json_abi_v3_11_3::basic_json<std::map, std::vector, std::__cxx11::basic_string<char, std::char_traits<char>, std::allocator<char> >, bool, long, unsigned long, double, std::allocator, nlohmann::json_abi_v3_11_3::adl_serializer, std::vector<unsigned char, std::allocator<unsigned char> >, void> >, std::_Select1st<std::pair<std::__cxx11::basic_string<char, std::char_traits<char>, std::allocator<char> > const, nlohmann::json_abi_v3_11_3::basic_json<std::map, std::vector, std::__cxx11::basic_string<char, std::char_traits<char>, std::allocator<char> >, bool, long, unsigned long, double, std::allocator, nlohmann::json_abi_v3_11_3::adl_serializer, std::vector<unsigned char, std::allocator<unsigned char> >, void> > >, std::less<void>, std::allocator<std::pair<std::__cxx11::basic_string<char, std::char_traits<char>, std::allocator<char> > const, nlohmann::json_abi_v3_11_3::basic_json<std::map, std::vector, std::__cxx11::basic_string<char, std::char_traits<char>, std::allocator<char> >, bool, long, unsigned long, double, std::allocator, nlohmann::json_abi_v3_11_3::adl_serializer, std::vector<unsigned char, std::allocator<unsigned char> >, void> > > >::_M_get_insert_unique_pos(std::__cxx11::basic_string<char, std::char_traits<char>, std::allocator<char> > const&)
calls=54 2107 
* 1566
+37 1696
-40 525
fi=(218)
59 139
fi=(184)
3142 834
fi=(185)
372 278
+13 139
cob=(3)
cfi=(175)
cfn=(1260)
calls=139 80 
* 2949
* 139
fi=(184)
3149 278
fi=(185)
990 278
fe=(212)
2260 139
-14 278
+14 973
fi=(185)
990 424
fe=(212)
2230 424
-1 424
302 264
cob=(7)
cfi=(152)
cfn=(2024)
calls=132 0 
* 2038
cob=(1)
cfi=(141)
cfn=(520)
calls=1 76 
* 1014
* 136
* 528
fi=(184)
3142 264
fi=(185)
372 264
+13 396
cob=(3)
cfi=(175)
cfn=(1260)
calls=132 80 
* 2801
* 132
fi=(184)
3149 396
fi=(185)
990 264
fe=(212)
2234 792

fn=(1912)
2107 378
735 54
2107 108
+7 108
+17 540
750 54
2123 162
fi=(185)
990 162
fe=(212)

fn=(2160)
1891 424
fi=(206)
137 53
fe=(212)
1891 53
fi=(206)
137 53
cob=(7)
cfi=(152)
cfn=(1638)
calls=53 0 
* 3264
* 53
fi=(184)
1071 53
234 53
+7 53
fi=(206)
137 53
fi=(184)
+67 53
fi=(186)
+19 106
fi=(184)
420 90
229 53
fi=(300)
-34 53
fi=(185)
354 53
fi=(300)
195 106
cfi=(210)
cfn=(2153)
calls=53 1148 
* 15464
fe=(212)
646 53
1900 53
647 53
+1 53
-2 53
1896 53
+4 106
+2 106
cfn=(2161)
calls=53 -11 
* 862449
-1 53
780 53
1906 159
fi=(206)
137 315
cob=(7)
cfi=(152)
cfn=(1638)
calls=105 0 
* 10998
* 105
fi=(184)
1071 105
241 105
fi=(206)
137 105
fi=(184)
+67 105
+30 105
fi=(186)
-11 210
fi=(184)
420 164
229 105
fi=(300)
-34 105
fi=(185)
354 105
fi=(300)
195 210
cfi=(210)
cfn=(2153)
calls=105 1148 
* 65668
fe=(212)
646 105
+1 105
+1 105
-2 105
1909 105
+1 105
+1 315
+1 114
cfn=(2161)
calls=57 -21 
* 93634
* 57
780 57
1906 114
780 48
1906 96
+18 477
fi=(185)
425 90
+6 135
cob=(3)
cfi=(187)
cfn=(1644)
calls=45 264 
* 578
* 45
fi=(184)
234 45
fi=(185)
431 45
-6 164
+6 246
cob=(3)
cfi=(187)
cfn=(1644)
calls=82 264 
* 1040
* 82
fi=(184)
234 82
fi=(185)
431 82
fi=(186)
139 46
fi=(206)
-19 69
+17 23
cob=(7)
cfi=(152)
cfn=(1638)
calls=23 0 
* 2423
* 23
fi=(184)
+87 23
fi=(206)
-87 23
fi=(185)
431 46
fi=(184)
261 23
fi=(185)
431 23
cob=(3)
cfi=(187)
cfn=(1644)
calls=23 264 
* 230
* 23
fi=(184)
234 46
fi=(186)
-95 16
fi=(206)
-19 24
+17 8
cob=(7)
cfi=(152)
cfn=(1638)
calls=8 0 
* 432
* 8
fi=(184)
+87 8
fi=(206)
-87 8
fi=(185)
431 16
fi=(184)
261 8
fi=(185)
431 8
cob=(3)
cfi=(187)
cfn=(1644)
calls=8 264 
* 80
* 8
fi=(184)
234 16
fe=(212)

fn=(2161)
1891 11576
fi=(206)
137 1447
fe=(212)
1891 1447
fi=(206)
137 1447
cob=(7)
cfi=(152)
cfn=(1638)
calls=1447 0 
* 172963
* 1447
fi=(184)
1071 1447
234 1447
+7 1447
fi=(206)
137 1447
fi=(184)
+67 1447
fi=(186)
+19 2894
fi=(184)
420 2136
229 1447
fi=(300)
-34 1447
fi=(185)
354 1447
fi=(300)
195 2894
cfi=(210)
cfn=(2153)
calls=1447 1148 
* 1444462
fe=(212)
646 1447
1900 1447
647 1447
+1 1447
-2 1447
1896 1447
+4 2894
+2 1376
cfn=(2161)
calls=688 -11 
* 1982429
-1 688
780 688
1906 2064
780 759
1906 2277
fi=(206)
137 2955
cob=(7)
cfi=(152)
cfn=(1638)
calls=985 0 
* 123095
* 985
fi=(184)
1071 985
241 985
fi=(206)
137 985
fi=(184)
+67 985
+30 985
fi=(186)
-11 1970
fi=(184)
420 1294
229 985
fi=(300)
-34 985
fi=(185)
354 985
fi=(300)
195 1970
cfi=(210)
cfn=(2153)
calls=985 1148 
* 960769
fe=(212)
646 985
+1 985
+1 985
-2 985
1909 985
+1 985
+1 2955
+1 658
cfn=(2161)
calls=329 -21 
* 1015376
* 329
780 329
1906 658
780 656
1906 1312
+18 13023
fi=(185)
425 2136
+6 3204
cob=(3)
cfi=(187)
cfn=(1644)
calls=1068 264 
* 13753
* 1068
fi=(184)
234 1068
fi=(185)
431 1068
-6 1294
+6 1941
cob=(3)
cfi=(187)
cfn=(1644)
calls=647 264 
* 8212
* 647
fi=(184)
234 647
fi=(185)
431 647
fi=(186)
139 676
fi=(206)
-19 1014
+17 338
cob=(7)
cfi=(152)
cfn=(1638)
calls=338 0 
* 40785
* 338
fi=(184)
+87 338
fi=(206)
-87 338
fi=(185)
431 676
fi=(184)
261 338
fi=(185)
431 338
cob=(3)
cfi=(187)
cfn=(1644)
calls=338 264 
* 3381
* 338
fi=(184)
234 676
fi=(186)
-95 758
fi=(206)
-19 1137
+17 379
cob=(7)
cfi=(152)
cfn=(1638)
calls=379 0 
* 45278
* 379
fi=(184)
+87 379
fi=(206)
-87 379
fi=(185)
431 758
fi=(184)
261 379
fi=(185)
431 379
cob=(3)
cfi=(187)
cfn=(1644)
calls=379 264 
* 3790
* 379
fi=(184)
234 758
fe=(212)

fn=(3562)
1933 278
-4 280
+6 210
cfn=(3563) std::_Rb_tree<std::pair<std::array<long, 3ul>, std::array<long, 3ul> >, std::pair<std::pair<std::array<long, 3ul>, std::array<long, 3ul> > const, rendering::TerrainSurface::EdgeInfo>, std::_Select1st<std::pair<std::pair<std::array<long, 3ul>, std::array<long, 3ul> > const, rendering::TerrainSurface::EdgeInfo> >, std::less<std::pair<std::array<long, 3ul>, std::array<long, 3ul> > >, std::allocator<std::pair<std::pair<std::array<long, 3ul>, std::array<long, 3ul> > const, rendering::TerrainSurface::EdgeInfo> > >::_M_erase(std::_Rb_tree_node<std::pair<std::pair<std::array<long, 3ul>, std::array<long, 3ul> > const, rendering::TerrainSurface::EdgeInfo> >*) [clone .isra.0]'2
calls=70 -2 
* 3906250
* 1470
cfn=(3563)
calls=490 -2 
* 2403575
fi=(208)
367 1120
fe=(212)
780 560
fi=(208)
367 560
+19 1120
fi=(206)
158 8
cob=(7)
cfi=(152)
cfn=(1866)
calls=8 0 
* 1224
* 8
* 1680
cob=(7)
cfi=(152)
cfn=(1866)
calls=560 0 
* 97525
* 560
fe=(212)
1933 1120
+7 349

fn=(3563)
1933 67200
-4 64960
+6 48720
cfn=(3563)
calls=16240 -2 
* 10403177
* 50400
cfn=(3563)
calls=16800 -2 
* 7148199
fi=(208)
367 66080
fe=(212)
780 33040
fi=(208)
367 33040
+19 66080
fi=(206)
158 472
cob=(7)
cfi=(152)
cfn=(1866)
calls=472 0 
* 78143
* 472
* 99120
cob=(7)
cfi=(152)
cfn=(1866)
calls=33040 0 
* 5520658
* 33040
fe=(212)
1933 66080
+7 82320

fn=(3658)
2107 20
735 5
2114 10
750 5
2123 10
+8 40

fl=(248)
fn=(3692)
2709 30
fi=(216)
1333 10
fe=(248)
2709 10
fi=(216)
1333 5
fe=(248)
2709 10
+5 15
-5 5
+5 10
fi=(216)
1144 10
fe=(248)
2716 10
+13 5
fi=(216)
1333 10
fe=(248)
2729 10
fi=(216)
1333 5
fe=(248)
2729 10
fi=(216)
1333 5
fe=(248)
2729 15
cfn=(3716) void std::__merge_adaptive<__gnu_cxx::__normal_iterator<rendering::TerrainSurface::refineShoreline(rendering::TerrainGeometry&, glm::vec<3, double, (glm::qualifier)0> const&) const::Edge**, std::vector<rendering::TerrainSurface::refineShoreline(rendering::TerrainGeometry&, glm::vec<3, double, (glm::qualifier)0> const&) const::Edge*, std::allocator<rendering::TerrainSurface::refineShoreline(rendering::TerrainGeometry&, glm::vec<3, double, (glm::qualifier)0> const&) const::Edge*> > >, long, rendering::TerrainSurface::refineShoreline(rendering::TerrainGeometry&, glm::vec<3, double, (glm::qualifier)0> const&) const::Edge**, __gnu_cxx::__ops::_Iter_comp_iter<rendering::TerrainSurface::refineShoreline(rendering::TerrainGeometry&, glm::vec<3, double, (glm::qualifier)0> const&) const::{lambda(rendering::TerrainSurface::refineShoreline(rendering::TerrainGeometry&, glm::vec<3, double, (glm::qualifier)0> const&) const::Edge const*, rendering::TerrainSurface::refineShoreline(rendering::TerrainGeometry&, glm::vec<3, double, (glm::qualifier)0> const&) const::Edge const*)#2}> >(__gnu_cxx::__normal_iterator<rendering::TerrainSurface::refineShoreline(rendering::TerrainGeometry&, glm::vec<3, double, (glm::qualifier)0> const&) const::Edge**, std::vector<rendering::TerrainSurface::refineShoreline(rendering::TerrainGeometry&, glm::vec<3, double, (glm::qualifier)0> const&) const::Edge*, std::allocator<rendering::TerrainSurface::refineShoreline(rendering::TerrainGeometry&, glm::vec<3, double, (glm::qualifier)0> const&) const::Edge*> > >, __gnu_cxx::__normal_iterator<rendering::TerrainSurface::refineShoreline(rendering::TerrainGeometry&, glm::vec<3, double, (glm::qualifier)0> const&) const::Edge**, std::vector<rendering::TerrainSurface::refineShoreline(rendering::TerrainGeometry&, glm::vec<3, double, (glm::qualifier)0> const&) const::Edge*, std::allocator<rendering::TerrainSurface::refineShoreline(rendering::TerrainGeometry&, glm::vec<3, double, (glm::qualifier)0> const&) const::Edge*> > >, __gnu_cxx::__normal_iterator<rendering::TerrainSurface::refineShoreline(rendering::TerrainGeometry&, glm::vec<3, double, (glm::qualifier)0> const&) const::Edge**, std::vector<rendering::TerrainSurface::refineShoreline(rendering::TerrainGeometry&, glm::vec<3, double, (glm::qualifier)0> const&) const::Edge*, std::allocator<rendering::TerrainSurface::refineShoreline(rendering::TerrainGeometry&, glm::vec<3, double, (glm::qualifier)0> const&) const::Edge*> > >, long, long, rendering::TerrainSurface::refineShoreline(rendering::TerrainGeometry&, glm::vec<3, double, (glm::qualifier)0> const&) const::Edge**, long, __gnu_cxx::__ops::_Iter_comp_iter<rendering::TerrainSurface::refineShoreline(rendering::TerrainGeometry&, glm::vec<3, double, (glm::qualifier)0> const&) const::{lambda(rendering::TerrainSurface::refineShoreline(rendering::TerrainGeometry&, glm::vec<3, double, (glm::qualifier)0> const&) const::Edge const*, rendering::TerrainSurface::refineShoreline(rendering::TerrainGeometry&, glm::vec<3, double, (glm::qualifier)0> const&) const::Edge const*)#2}>) [clone .isra.0]
calls=5 2390 
* 354136
+5 40
-9 15
cfn=(3694) void std::__merge_sort_with_buffer<__gnu_cxx::__normal_iterator<rendering::TerrainSurface::refineShoreline(rendering::TerrainGeometry&, glm::vec<3, double, (glm::qualifier)0> const&) const::Edge**, std::vector<rendering::TerrainSurface::refineShoreline(rendering::TerrainGeometry&, glm::vec<3, double, (glm::qualifier)0> const&) const::Edge*, std::allocator<rendering::TerrainSurface::refineShoreline(rendering::TerrainGeometry&, glm::vec<3, double, (glm::qualifier)0> const&) const::Edge*> > >, rendering::TerrainSurface::refineShoreline(rendering::TerrainGeometry&, glm::vec<3, double, (glm::qualifier)0> const&) const::Edge**, __gnu_cxx::__ops::_Iter_comp_iter<rendering::TerrainSurface::refineShoreline(rendering::TerrainGeometry&, glm::vec<3, double, (glm::qualifier)0> const&) const::{lambda(rendering::TerrainSurface::refineShoreline(rendering::TerrainGeometry&, glm::vec<3, double, (glm::qualifier)0> const&) const::Edge const*, rendering::TerrainSurface::refineShoreline(rendering::TerrainGeometry&, glm::vec<3, double, (glm::qualifier)0> const&) const::Edge const*)#2}> >(__gnu_cxx::__normal_iterator<rendering::TerrainSurface::refineShoreline(rendering::TerrainGeometry&, glm::vec<3, double, (glm::qualifier)0> const&) const::Edge**, std::vector<rendering::TerrainSurface::refineShoreline(rendering::TerrainGeometry&, glm::vec<3, double, (glm::qualifier)0> const&) const::Edge*, std::allocator<rendering::TerrainSurface::refineShoreline(rendering::TerrainGeometry&, glm::vec<3, double, (glm::qualifier)0> const&) const::Edge*> > >, __gnu_cxx::__normal_iterator<rendering::TerrainSurface::refineShoreline(rendering::TerrainGeometry&, glm::vec<3, double, (glm::qualifier)0> const&) const::Edge**, std::vector<rendering::TerrainSurface::refineShoreline(rendering::TerrainGeometry&, glm::vec<3, double, (glm::qualifier)0> const&) const::Edge*, std::allocator<rendering::TerrainSurface::refineShoreline(rendering::TerrainGeometry&, glm::vec<3, double, (glm::qualifier)0> const&) const::Edge*> > >, rendering::TerrainSurface::refineShoreline(rendering::TerrainGeometry&, glm::vec<3, double, (glm::qualifier)0> const&) const::Edge**, __gnu_cxx::__ops::_Iter_comp_iter<rendering::TerrainSurface::refineShoreline(rendering::TerrainGeometry&, glm::vec<3, double, (glm::qualifier)0> const&) const::{lambda(rendering::TerrainSurface::refineShoreline(rendering::TerrainGeometry&, glm::vec<3, double, (glm::qualifier)0> const&) const::Edge const*, rendering::TerrainSurface::refineShoreline(rendering::TerrainGeometry&, glm::vec<3, double, (glm::qualifier)0> const&) const::Edge const*)#2}>) [clone .isra.0]
calls=5 -43 
* 1547138
+1 20
cfn=(3694)
calls=5 -44 
* 1529219
* 5

fn=(3888)
1908 12
fi=(216)
1333 12
fe=(248)
1908 12
fi=(216)
1333 12
fe=(248)
1908 48
+4 48
fi=(216)
1144 12
fe=(248)
1914 24
-28 132
fi=(319)
36 132
fe=(248)
1919 132
fi=(319)
36 132
fi=(216)
1144 132
fi=(237)
204 264
fi=(216)
1144 132
fi=(319)
36 132
fe=(248)
+49 264
+2 168
fi=(237)
205 96
+1 96
fi=(319)
36 288
fe=(248)
1867 96
fi=(319)
36 336
fe=(248)
1867 168
fi=(319)
36 899952
fe=(248)
1867 1898952
fi=(319)
36 99048
fi=(216)
1107 99048
fe=(248)
1867 198096
fi=(319)
36 4301124
fi=(216)
1107 4301124
fe=(248)
1867 8602248
fi=(216)
1121 900084
fe=(248)
1870 1908864
fi=(216)
1121 54348
fe=(248)
1870 912444
fi=(216)
1121 803748
fe=(248)
1870 1607496
+2 1800168
fi=(237)
204 899952
+1 899952
fi=(216)
1107 899952
fi=(237)
205 899952
fi=(319)
36 899952
fi=(237)
206 899952
fi=(319)
36 899952
fi=(237)
206 899952
fi=(216)
1108 899952
fe=(248)
1922 396
cfn=(3889) void std::__introsort_loop<__gnu_cxx::__normal_iterator<rendering::batchGrass(std::vector<rendering::GrassBlade, std::allocator<rendering::GrassBlade> > const&, glm::vec<3, double, (glm::qualifier)0> const&, double, double, double)::Key*, std::vector<rendering::batchGrass(std::vector<rendering::GrassBlade, std::allocator<rendering::GrassBlade> > const&, glm::vec<3, double, (glm::qualifier)0> const&, double, double, double)::Key, std::allocator<rendering::batchGrass(std::vector<rendering::GrassBlade, std::allocator<rendering::GrassBlade> > const&, glm::vec<3, double, (glm::qualifier)0> const&, double, double, double)::Key> > >, long, __gnu_cxx::__ops::_Iter_comp_iter<rendering::batchGrass(std::vector<rendering::GrassBlade, std::allocator<rendering::GrassBlade> > const&, glm::vec<3, double, (glm::qualifier)0> const&, double, double, double)::{lambda(auto:1 const&, auto:2 const&)#1}> >(__gnu_cxx::__normal_iterator<rendering::batchGrass(std::vector<rendering::GrassBlade, std::allocator<rendering::GrassBlade> > const&, glm::vec<3, double, (glm::qualifier)0> const&, double, double, double)::Key*, std::vector<rendering::batchGrass(std::vector<rendering::GrassBlade, std::allocator<rendering::GrassBlade> > const&, glm::vec<3, double, (glm::qualifier)0> const&, double, double, double)::Key, std::allocator<rendering::batchGrass(std::vector<rendering::GrassBlade, std::allocator<rendering::GrassBlade> > const&, glm::vec<3, double, (glm::qualifier)0> const&, double, double, double)::Key> > >, __gnu_cxx::__normal_iterator<rendering::batchGrass(std::vector<rendering::GrassBlade, std::allocator<rendering::GrassBlade> > const&, glm::vec<3, double, (glm::qualifier)0> const&, double, double, double)::Key*, std::vector<rendering::batchGrass(std::vector<rendering::GrassBlade, std::allocator<rendering::GrassBlade> > const&, glm::vec<3, double, (glm::qualifier)0> const&, double, double, double)::Key, std::allocator<rendering::batchGrass(std::vector<rendering::GrassBlade, std::allocator<rendering::GrassBlade> > const&, glm::vec<3, double, (glm::qualifier)0> const&, double, double, double)::Key> > >, long, __gnu_cxx::__ops::_Iter_comp_iter<rendering::batchGrass(std::vector<rendering::GrassBlade, std::allocator<rendering::GrassBlade> > const&, glm::vec<3, double, (glm::qualifier)0> const&, double, double, double)::{lambda(auto:1 const&, auto:2 const&)#1}>)'2
calls=132 -14 
* 160915476
fi=(216)
1333 264
fe=(248)
1912 264
+2 480
94 96
+2 72
fi=(237)
205 144
+1 192
fe=(248)
89 72
fi=(237)
205 24
+1 48
-1 24
fi=(319)
36 48
fe=(248)
1925 72
fi=(237)
205 24
+1 12
fi=(319)
36 24
fi=(237)
206 24
fe=(248)

fn=(3889)
1908 182748
fi=(216)
1333 182748
fe=(248)
1908 182748
fi=(216)
1333 182748
fe=(248)
1908 730992
+4 535104
fi=(216)
1144 84804
fe=(248)
1914 169608
-28 182616
fi=(319)
36 182616
fe=(248)
1919 182616
fi=(319)
36 182616
fi=(216)
1144 182616
fi=(237)
204 365232
fi=(216)
1144 182616
fi=(319)
36 182616
fe=(248)
+49 365232
+2 182640
fi=(237)
205 85008
+1 85008
fi=(319)
36 255024
fe=(248)
1867 85008
fi=(319)
36 560448
fe=(248)
1867 280224
fi=(319)
36 4847280
fe=(248)
1867 11994348
fi=(319)
36 2299788
fi=(216)
1107 2299788
fe=(248)
1867 4599576
fi=(319)
36 6760140
fi=(216)
1107 6760140
fe=(248)
1867 13520280
fi=(216)
1121 5029896
fe=(248)
1870 14354736
fi=(216)
1121 2147472
fe=(248)
1870 8911812
fi=(216)
1121 4616868
fe=(248)
1870 9233736
+2 10059792
fi=(237)
204 4847280
+1 4847280
fi=(216)
1107 4847280
fi=(237)
205 4847280
fi=(319)
36 4847280
fi=(237)
206 4847280
fi=(319)
36 4847280
fi=(237)
206 4847280
fi=(216)
1108 4847280
fe=(248)
1922 547848
cfn=(3889)
calls=182616 -14 
* 534992604
fi=(216)
1333 365232
fe=(248)
1912 365232
+2 391248
94 182592
+2 99528
fi=(237)
205 147420
+1 196560
fe=(248)
89 97632
fi=(237)
205 65916
+1 131832
-1 65916
fi=(319)
36 131832
fe=(248)
1925 1096488
fi=(237)
205 50112
+1 25056
fi=(319)
36 50112
fi=(237)
206 50112
fe=(248)

fn=(3710) __gnu_cxx::__normal_iterator<rendering::TerrainSurface::refineShoreline(rendering::TerrainGeometry&, glm::vec<3, double, (glm::qualifier)0> const&) const::Edge**, std::vector<rendering::TerrainSurface::refineShoreline(rendering::TerrainGeometry&, glm::vec<3, double, (glm::qualifier)0> const&) const::Edge*, std::allocator<rendering::TerrainSurface::refineShoreline(rendering::TerrainGeometry&, glm::vec<3, double, (glm::qualifier)0> const&) const::Edge*> > > std::__move_merge<rendering::TerrainSurface::refineShoreline(rendering::TerrainGeometry&, glm::vec<3, double, (glm::qualifier)0> const&) const::Edge**, __gnu_cxx::__normal_iterator<rendering::TerrainSurface::refineShoreline(rendering::TerrainGeometry&, glm::vec<3, double, (glm::qualifier)0> const&) const::Edge**, std::vector<rendering::TerrainSurface::refineShoreline(rendering::TerrainGeometry&, glm::vec<3, double, (glm::qualifier)0> const&) const::Edge*, std::allocator<rendering::TerrainSurface::refineShoreline(rendering::TerrainGeometry&, glm::vec<3, double, (glm::qualifier)0> const&) const::Edge*> > >, __gnu_cxx::__ops::_Iter_comp_iter<rendering::TerrainSurface::refineShoreline(rendering::TerrainGeometry&, glm::vec<3, double, (glm::qualifier)0> const&) const::{lambda(rendering::TerrainSurface::refineShoreline(rendering::TerrainGeometry&, glm::vec<3, double, (glm::qualifier)0> const&) const::Edge const*, rendering::TerrainSurface::refineShoreline(rendering::TerrainGeometry&, glm::vec<3, double, (glm::qualifier)0> const&) const::Edge const*)#2}> >(rendering::TerrainSurface::refineShoreline(rendering::TerrainGeometry&, glm::vec<3, double, (glm::qualifier)0> const&) const::Edge**, rendering::TerrainSurface::refineShoreline(rendering::TerrainGeometry&, glm::vec<3, double, (glm::qualifier)0> const&) const::Edge**, rendering::TerrainSurface::refineShoreline(rendering::TerrainGeometry&, glm::vec<3, double, (glm::qualifier)0> const&) const::Edge**, rendering::TerrainSurface::refineShoreline(rendering::TerrainGeometry&, glm::vec<3, double, (glm::qualifier)0> const&) const::Edge**, __gnu_cxx::__normal_iterator<rendering::TerrainSurface::refineShoreline(rendering::TerrainGeometry&, glm::vec<3, double, (glm::qualifier)0> const&) const::Edge**, std::vector<rendering::TerrainSurface::refineShoreline(rendering::TerrainGeometry&, glm::vec<3, double, (glm::qualifier)0> const&) const::Edge*, std::allocator<rendering::TerrainSurface::refineShoreline(rendering::TerrainGeometry&, glm::vec<3, double, (glm::qualifier)0> const&) const::Edge*> > >, __gnu_cxx::__ops::_Iter_comp_iter<rendering::TerrainSurface::refineShoreline(rendering::TerrainGeometry&, glm::vec<3, double, (glm::qualifier)0> const&) const::{lambda(rendering::TerrainSurface::refineShoreline(rendering::TerrainGeometry&, glm::vec<3, double, (glm::qualifier)0> const&) const::Edge const*, rendering::TerrainSurface::refineShoreline(rendering::TerrainGeometry&, glm::vec<3, double, (glm::qualifier)0> const&) const::Edge const*)#2}>) [clone .constprop.0]
2615 5290
+4 2134
fi=(244)
158 41602
fe=(248)
2624 41602
fi=(216)
1107 83204
fe=(248)
2619 275954
fi=(244)
158 191720
fe=(248)
2621 341838
+8 54258
fi=(216)
1107 54258
fe=(248)
2619 108516
fi=(205)
429 2116
+1 2116
+1 2172
cob=(3)
cfi=(187)
cfn=(1644)
calls=543 264 
* 10416
* 543
* 543
+1 543
-3 1086
+1 1086
+2 515
-3 1030
+1 1030
+1 2060
cob=(3)
cfi=(187)
cfn=(1644)
calls=515 264 
* 6079
* 515
* 515
+1 515
fe=(248)
2636 2060
fi=(205)
432 543
fe=(248)
2636 2172

fn=(3694)
2682 10
fi=(216)
1333 10
fe=(248)
2682 10
fi=(216)
1333 10
fe=(248)
2682 10
fi=(216)
1333 10
fe=(248)
2682 10
fi=(216)
1333 10
fe=(248)
2682 40
fi=(216)
1333 10
fe=(248)
2690 10
-8 20
fi=(216)
1333 10
fe=(248)
2690 10
-20 40
fi=(216)
1143 10
+1 10
fe=(248)
1807 10
fi=(205)
741 20
fi=(216)
1143 3109
+1 3109
fe=(248)
1807 3109
fi=(205)
741 14426
+1 24624
cob=(3)
cfi=(187)
cfn=(1644)
calls=4104 264 
* 44869
* 4104
fe=(248)
1807 4104
+7 4104
-7 8208
fi=(244)
158 18714
fi=(306)
-97 56142
fe=(248)
1809 56142
fi=(244)
240 14610
fi=(216)
1121 14610
fe=(248)
1789 51786
+2 7956
fi=(216)
1119 7956
fi=(244)
240 7956
fi=(216)
1121 7956
fe=(248)
1789 23868
+2 10145
fi=(216)
1119 10145
fi=(244)
240 10145
fi=(216)
1121 10145
fe=(248)
1789 30435
+18 14610
-12 14610
+12 29220
fi=(216)
1333 6238
fe=(248)
2670 6238
1805 20
fi=(216)
1144 9
fe=(248)
1807 18
fi=(205)
742 16
-1 12
+1 30
cob=(3)
cfi=(187)
cfn=(1644)
calls=6 264 
* 68
* 6
fe=(248)
1807 6
+7 6
-7 12
fi=(244)
158 32
fi=(306)
-97 96
fe=(248)
1809 96
fi=(244)
240 26
fi=(216)
1121 26
fe=(248)
1789 87
+2 9
fi=(216)
1119 9
fi=(244)
240 9
fi=(216)
1121 9
fe=(248)
1789 27
+2 5
fi=(216)
1119 5
fi=(244)
240 5
fi=(216)
1121 5
fe=(248)
1789 15
+18 26
-12 26
+12 52
2695 10
-3 10
+3 20
-49 10
+2 20
-2 32
+2 64
fi=(216)
1144 266
-1 38
+1 76
fe=(248)
2650 114
cfn=(3702) rendering::TerrainSurface::refineShoreline(rendering::TerrainGeometry&, glm::vec<3, double, (glm::qualifier)0> const&) const::Edge** std::__move_merge<__gnu_cxx::__normal_iterator<rendering::TerrainSurface::refineShoreline(rendering::TerrainGeometry&, glm::vec<3, double, (glm::qualifier)0> const&) const::Edge**, std::vector<rendering::TerrainSurface::refineShoreline(rendering::TerrainGeometry&, glm::vec<3, double, (glm::qualifier)0> const&) const::Edge*, std::allocator<rendering::TerrainSurface::refineShoreline(rendering::TerrainGeometry&, glm::vec<3, double, (glm::qualifier)0> const&) const::Edge*> > >, rendering::TerrainSurface::refineShoreline(rendering::TerrainGeometry&, glm::vec<3, double, (glm::qualifier)0> const&) const::Edge**, __gnu_cxx::__ops::_Iter_comp_iter<rendering::TerrainSurface::refineShoreline(rendering::TerrainGeometry&, glm::vec<3, double, (glm::qualifier)0> const&) const::{lambda(rendering::TerrainSurface::refineShoreline(rendering::TerrainGeometry&, glm::vec<3, double, (glm::qualifier)0> const&) const::Edge const*, rendering::TerrainSurface::refineShoreline(rendering::TerrainGeometry&, glm::vec<3, double, (glm::qualifier)0> const&) const::Edge const*)#2}> >(__gnu_cxx::__normal_iterator<rendering::TerrainSurface::refineShoreline(rendering::TerrainGeometry&, glm::vec<3, double, (glm::qualifier)0> const&) const::Edge**, std::vector<rendering::TerrainSurface::refineShoreline(rendering::TerrainGeometry&, glm::vec<3, double, (glm::qualifier)0> const&) const::Edge*, std::allocator<rendering::TerrainSurface::refineShoreline(rendering::TerrainGeometry&, glm::vec<3, double, (glm::qualifier)0> const&) const::Edge*> > >, __gnu_cxx::__normal_iterator<rendering::TerrainSurface::refineShoreline(rendering::TerrainGeometry&, glm::vec<3, double, (glm::qualifier)0> const&) const::Edge**, std::vector<rendering::TerrainSurface::refineShoreline(rendering::TerrainGeometry&, glm::vec<3, double, (glm::qualifier)0> const&) const::Edge*, std::allocator<rendering::TerrainSurface::refineShoreline(rendering::TerrainGeometry&, glm::vec<3, double, (glm::qualifier)0> const&) const::Edge*> > >, __gnu_cxx::__normal_iterator<rendering::TerrainSurface::refineShoreline(rendering::TerrainGeometry&, glm::vec<3, double, (glm::qualifier)0> const&) const::Edge**, std::vector<rendering::TerrainSurface::refineShoreline(rendering::TerrainGeometry&, glm::vec<3, double, (glm::qualifier)0> const&) const::Edge*, std::allocator<rendering::TerrainSurface::refineShoreline(rendering::TerrainGeometry&, glm::vec<3, double, (glm::qualifier)0> const&) const::Edge*> > >, __gnu_cxx::__normal_iterator<rendering::TerrainSurface::refineShoreline(rendering::TerrainGeometry&, glm::vec<3, double, (glm::qualifier)0> const&) const::Edge**, std::vector<rendering::TerrainSurface::refineShoreline(rendering::TerrainGeometry&, glm::vec<3, double, (glm::qualifier)0> const&) const::Edge*, std::allocator<rendering::TerrainSurface::refineShoreline(rendering::TerrainGeometry&, glm::vec<3, double, (glm::qualifier)0> const&) const::Edge*> > >, rendering::TerrainSurface::refineShoreline(rendering::TerrainGeometry&, glm::vec<3, double, (glm::qualifier)0> const&) const::Edge**, __gnu_cxx::__ops::_Iter_comp_iter<rendering::TerrainSurface::refineShoreline(rendering::TerrainGeometry&, glm::vec<3, double, (glm::qualifier)0> const&) const::{lambda(rendering::TerrainSurface::refineShoreline(rendering::TerrainGeometry&, glm::vec<3, double, (glm::qualifier)0> const&) const::Edge const*, rendering::TerrainSurface::refineShoreline(rendering::TerrainGeometry&, glm::vec<3, double, (glm::qualifier)0> const&) const::Edge const*)#2}>) [clone .constprop.0]
calls=38 -35 
* 277288
fi=(216)
1143 2018
+1 4036
fe=(248)
2650 6054
cfn=(3702)
calls=2018 -35 
* 913751
fi=(216)
1333 4112
fe=(248)
2650 2056
fi=(216)
1333 2056
fe=(248)
2648 4112
fi=(216)
1144 42
fe=(248)
2658 84
fi=(216)
1144 42
fe=(248)
2646 42
fi=(216)
1144 42
fe=(248)
2658 84
cfn=(3702)
calls=42 -43 
* 84434
* 42
-10 84
+4 32
-1 64
-1 256
cfn=(3710)
calls=32 -35 
* 150291
* 5904
cfn=(3710)
calls=984 -35 
* 810389
-2 1016
+2 1016
-2 4064
+11 42
-1 84
+1 42
-1 126
cfn=(3710)
calls=42 -43 
* 277351
+37 84
+9 80
-56 30
fi=(216)
1333 4
fe=(248)
2648 12

fn=(3716)
2390 60
+7 31
fi=(205)
429 3
+1 9
+1 15
cob=(3)
cfi=(187)
cfn=(1644)
calls=3 264 
* 69630
* 3
* 9
+1 3
fe=(248)
2287 6
2445 32
fi=(216)
1107 27492
fe=(248)
2287 18328
fi=(216)
1107 18352
fe=(248)
2287 55034
fi=(244)
158 36680
fe=(248)
2289 55020
+8 9176
-1 18354
2403 4
fi=(205)
429 6
+1 4
+1 6
cob=(3)
cfi=(187)
cfn=(1644)
calls=2 264 
* 12623
* 2
* 2
+1 2
fe=(248)
2316 4
+5 4
fi=(216)
1121 4
fe=(248)
2325 2
fi=(244)
158 4
fi=(216)
1121 2
fe=(248)
2328 6
-3 1755
fi=(244)
158 3510
fi=(216)
1121 1755
fe=(248)
2328 5265
fi=(244)
158 2844
fi=(216)
1121 1422
fe=(248)
2328 4266
+2 1422
+1 2844
fi=(216)
1121 1422
+1 1422
fe=(248)
2301 2
fi=(205)
429 1
+2 2
fe=(248)
2445 7
fi=(205)
742 1
cob=(3)
cfi=(187)
cfn=(1644)
calls=1 264 
* 10
* 1
fe=(248)
2340 1757
+1 3516

fn=(3702)
2615 12588
+4 4196
fi=(216)
1105 46458
+2 46458
fe=(248)
2631 46458
-12 285328
fi=(244)
158 190290
fe=(248)
2621 285435
+7 48687
fi=(216)
1107 48687
fe=(248)
2631 97374
-12 98411
fi=(205)
432 1037
-3 2074
+1 2074
-1 2122
+1 2122
+1 4148
cob=(3)
cfi=(187)
cfn=(1644)
calls=1037 264 
* 11623
* 1037
fe=(248)

ob=(7)
fl=(152)
fn=(1284)
0 8

fn=(1406)
0 102

fn=(1470)
0 42
cfn=(1476)
calls=6 0 
0 1932
cob=(1)
cfi=(141)
cfn=(520)
calls=1 76 
0 725
0 10
0 18
cfn=(1494)
calls=6 0 
0 12419
cob=(1)
cfi=(141)
cfn=(520)
calls=1 76 
0 988
0 10
0 78

fn=(1488)
0 96

fn=(1542)
0 30
cfn=(1164)
calls=6 0 
0 36
0 6
0 72
cfn=(1506)
calls=6 0 
0 516
0 6
0 30

fn=(1554)
0 28
cfn=(1476)
calls=4 0 
0 304
0 4
0 12
cfn=(1560)
calls=4 0 
0 8988
cob=(1)
cfi=(141)
cfn=(520)
calls=1 76 
0 980
0 8
0 52

fn=(1688)
0 12
cfn=(1694)
calls=1 0 
0 4
cob=(1)
cfi=(141)
cfn=(520)
calls=1 76 
0 781
0 5
0 7
cfn=(1700)
calls=1 0 
0 1390
cob=(1)
cfi=(141)
cfn=(520)
calls=1 76 
0 877
0 5
0 2
cfn=(1694)
calls=1 0 
0 4
0 1
0 4
cfn=(1746)
calls=1 0 
0 794
cob=(1)
cfi=(141)
cfn=(520)
calls=1 76 
0 1004
0 5
0 22

fn=(2082)
0 9
cob=(2)
cfi=(52)
cfn=(2084) 0x00000000048e2108
calls=1 0 
0 138
0 11

fn=(2126)
0 2
cfn=(2092)
calls=1 0 
0 14
0 1

fn=(3752)
0 15
cfn=(3758)
calls=1 0 
0 23
cob=(1)
cfi=(141)
cfn=(520)
calls=1 76 
0 712
0 5
0 30
cfn=(3760)
calls=1 0 
0 27192
0 5

fn=(3910)
0 132
cfn=(3916)
calls=12 0 
0 7790
cob=(1)
cfi=(141)
cfn=(520)
calls=1 76 
0 716
0 16

fn=(3934)
0 204
cfn=(3936)
calls=12 0 
0 336
0 215
cfn=(3942)
calls=1 0 
0 24
0 88
cfn=(3942)
calls=11 0 
0 292
0 336
cfn=(3760)
calls=12 0 
0 1660
0 156

fn=(3968)
0 504
cfn=(3758)
calls=36 0 
0 828
0 36
0 720
cfn=(3970)
calls=36 0 
0 131669
0 72

ob=(8)
fl=(248)
fn=(3702)
fi=(205)
431 1037
+1 1037
fe=(248)
2636 4148
fi=(205)
432 1061
fe=(248)
2636 4244
fi=(205)
429 2122
+1 2122
+1 4244
cob=(3)
cfi=(187)
cfn=(1644)
calls=1061 264 
* 14607
* 1061
fe=(248)

ob=(7)
fl=(152)
fn=(3968)
0 540

fn=(4052)
0 360
cfn=(4058)
calls=120 0 
0 42396
cob=(1)
cfi=(141)
cfn=(520)
calls=1 76 
0 1196
0 124

ob=(8)
fl=(248)
fn=(3702)
fi=(205)
431 1061
+1 2122
fe=(248)

ob=(2)
fl=(52)
fn=(838)
0 6

fn=(4160)
0 1
cob=(3)
cfi=(349)
cfn=(4162)
calls=1 30 
0 133

fn=(4238)
0 3

fn=(848)
0 6

fn=(1066)
0 6

fn=(2120)
0 1
cob=(3)
cfi=(154)
cfn=(1878)
calls=1 3350 
0 88

fn=(4204)
0 1
cob=(3)
cfi=(349)
cfn=(4162)
calls=1 30 
0 1092

fn=(4264)
0 1
cob=(3)
cfi=(349)
cfn=(4162)
calls=1 30 
0 133

fn=(562)
0 6

fn=(1748)
0 1
cob=(7)
cfi=(152)
cfn=(1750)
calls=1 0 
0 780

fn=(542)
0 6

fn=(1716)
0 2
cob=(3)
cfi=(154)
cfn=(900)
calls=2 3281 
0 26220

fn=(2084)
0 1
cob=(7)
cfi=(152)
cfn=(2086)
calls=1 0 
0 137

fn=(4176)
0 3

fn=(4196)
0 3

fn=(4256)
0 3

fn=(4186)
0 1
cob=(3)
cfi=(349)
cfn=(4162)
calls=1 30 
0 133

fn=(4246) 0x0000000004a6f220
0 1
cob=(3)
cfi=(349)
cfn=(4162)
calls=1 30 
0 133

fn=(4274)
0 3

ob=(4)
fl=(262)
fn=(3132)
29 432
+1 192
+4 48
cfi=(263) ./math/../sysdeps/ieee754/dbl-64/e_remainder.c
cfn=(3134) __remainder_finite@GLIBC_2.15
calls=48 +17 
* 2877

fl=(286) ./math/../sysdeps/ieee754/dbl-64/e_atan2.c
fn=(3302) __ieee754_atan2_fma
60 18
+11 6
+2 12
+6 9
+2 12
+7 6
363 15
110 12
fi=(264) ./math/../sysdeps/x86/fpu/fenv_private.h
415 3
+1 12
+9 3
-6 6
fe=(286)
180 6
+1 3
+1 3
-2 6
+1 9
+2 6
+4 6
-89 6
+21 6
+23 6
+25 6
fi=(264)
431 6
fe=(286)
209 3
+2 3
-2 6
+7 12
+7 6
-14 9
-37 6
+59 3
+1 9
+1 6
+3 6
-3 3
+3 3
+38 9
+2 1
+6 1
+1 1
-1 1
-1 1
-1 1
-1 1
-2 1
+1 1
-1 1
+6 6
+1 1
+62 2
53 1
347 1
53 3
349 1
+10 2
+1 2
53 8
362 2
-72 10
+9 2
-8 2
+1 12
+6 2
-6 2
+6 2
-1 2
-1 2
-1 2
-1 2
53 2

fl=(125)
fn=(450)
49 5

fl=(287)
fn=(3312)
30 12
+8 3
cfi=(288) ./math/../sysdeps/ieee754/dbl-64/e_asin.c
cfn=(3316) __ieee754_asin_fma
calls=3 +15 
* 57
* 3

fl=(291) ./math/../sysdeps/ieee754/dbl-64/math_config.h
fn=(3832) __ieee754_exp_fma
67 3057072
fi=(318) ./math/../sysdeps/ieee754/dbl-64/e_exp.c
+21 6114144
+16 3057072
+1 9171216
+30 12228048
+16 3057012
fe=(291)
-84 3057012
fi=(318)
+70 3057012
+14 3057012
-12 3057012
+2 3057012
+1 3057012
-3 3057012
+2 3057012
+1 3057012
+9 3057012
-10 3057012
+10 3057012
-6 3057012
+3 3057012
+3 12228048
+1 6114024
fe=(291)
-73 3057012
fi=(318)
+78 6114024
-49 120
+3 120
fe=(291)

fn=(3380) __ieee754_pow_fma
67 392268
fi=(292) ./math/../sysdeps/ieee754/dbl-64/e_pow.c
-22 784536
292 196134
45 196134
292 588402
-8 196134
+8 784536
62 196134
+5 196134
+10 196134
+11 196134
-26 196134
+28 196134
+22 196134
-49 196134
+1 196134
+48 392268
-49 196134
+1 196134
+8 196134
-5 196134
+5 784536
-7 196134
+23 196134
+2 196134
-25 392268
+12 392268
+18 196134
+17 392268
-23 196134
+7 196134
-5 196134
+6 196134
+4 196134
-10 196134
+21 196134
-12 196134
+2 196134
+10 196134
-10 196134
+10 196134
+1 784536
+1 196134
+1 392268
369 196134
+1 196134
fe=(291)
67 196134
fi=(292)
-22 392268
193 196134
+1 196134
370 196134
194 392268
+31 784536
+18 196134
fe=(291)
67 196134
fi=(292)
227 196134
+2 196134
+4 196134
+1 196134
-5 196134
+4 196134
+1 196134
-1 196134
+4 196134
-6 196134
+12 588402
-3 196134
+3 784536
+1 392268
fe=(291)
79 196134
fi=(292)
249 392268
380 392268
fe=(291)

fl=(276) ./math/../sysdeps/ieee754/flt-32/s_atanf.c
fn=(3204) atanf
62 2
-4 6
+6 4
+37 4
-32 4
+22 2
+3 2
-3 2
+1 4
+2 22
+1 20
+1 8
+2 12
+1 4
-23 4
+1 4
+7 4
+1 7
+2 4

fl=(299)
fn=(3524)
39 15191568
+1 15191568
+1 15191568
-1 15191568
+1 15191568
-1 15191568
+1 15191568
-1 15191568
+5 30383136
+2 30383136
-4 45122256
+6 30081504
+4 30081504
+20 15040752
-20 15040752
+2 15040752
-2 15040752
+2 30081504
+18 15040752
+1 15040752
-26 754080

fl=(119)
fn=(464)
32 10
+1 4
fi=(121) ./math/../sysdeps/x86_64/fpu/multiarch/s_sin.c
-6 2
fe=(119)

fn=(460)
32 5
+1 2
fi=(127) ./math/../sysdeps/x86_64/fpu/multiarch/e_atan2.c
-7 1
fe=(119)

fn=(422)
32 10
+1 4
fi=(121)
+1 2
fe=(119)

fn=(442)
32 5
+1 2
fi=(124) ./math/../sysdeps/x86_64/fpu/multiarch/e_log.c
-6 1
fe=(119)

fn=(416)
32 5
+1 2
fi=(120) ./math/../sysdeps/x86_64/fpu/multiarch/e_exp.c
-6 1
fe=(119)

fl=(118)
fn=(430)
29 8
+1 6
fi=(379) ./math/../sysdeps/x86_64/fpu/multiarch/s_sincosf.c
-4 2
fe=(118)

fn=(448)
29 4
+1 3
fi=(380) ./math/../sysdeps/x86_64/fpu/multiarch/s_sinf.c
-4 1
fe=(118)

fn=(432)
29 4
+1 4

fn=(440)
29 4
+1 3
fi=(381) ./math/../sysdeps/x86_64/fpu/multiarch/s_log1p.c
-4 1
fe=(118)

fn=(428)
29 4
+1 3
fi=(382) ./math/../sysdeps/x86_64/fpu/multiarch/e_log2.c
-3 1
fe=(118)

fn=(414)
29 4
+1 3
fi=(383) ./math/../sysdeps/x86_64/fpu/multiarch/s_cosf.c
-4 1
fe=(118)

fn=(456)
29 4
+1 3
fi=(384) ./math/../sysdeps/x86_64/fpu/multiarch/s_expm1.c
-4 1
fe=(118)

fn=(438)
29 4
+1 3
fi=(385) ./math/../sysdeps/x86_64/fpu/multiarch/e_log2f.c
-3 1
fe=(118)

fn=(426)
29 4
+1 3
fi=(386) ./math/../sysdeps/x86_64/fpu/multiarch/e_logf.c
-3 1
fe=(118)

fn=(458)
29 4
+1 3
fi=(387) ./math/../sysdeps/x86_64/fpu/multiarch/e_exp2f.c
-3 1
fe=(118)

fn=(420)
29 4
+1 3
fi=(388) ./math/../sysdeps/x86_64/fpu/multiarch/e_expf.c
-3 1
fe=(118)

fl=(285)
fn=(3298)
32 3
+3 21
-3 3
+6 12
cfi=(286)
cfn=(3302)
calls=3 +22 
* 348
* 3
+1 21
+3 6

fl=(278) ./math/../sysdeps/ieee754/flt-32/e_asinf.c
fn=(3214) __asinf_finite@GLIBC_2.15
68 2
+1 4
+1 4
+3 2
+2 4
+24 1
-3 1
+3 1
-3 2
+1 1
+2 1
-2 2
+3 1
-3 1
+2 1
-2 1
+2 3
+1 3
-1 1
+2 2
+2 2
-17 6
+1 2
+1 4
+1 2
-1 2
+1 2
-1 14
+2 4
+1 7
+12 2
+1 2

fl=(151)
fn=(4250) 0x0000000000010240
0 5

fn=(842)
0 12

fn=(4240)
0 9
cob=(2)
cfi=(52)
cfn=(4246)
calls=1 0 
0 134
0 1
cfn=(4250)
calls=1 0 
0 5
0 3

fl=(288)
fn=(3488) __ieee754_acos_fma
196 127710
+1 85140
+2 127710
+4 85140
+11 83732
-23 153040
+41 76520
+18 64646
+18 40586
+19 26734
+19 19786
206 704
-2 704
+1 2112
+1 704
-1 2112
+2 704
-2 704
+2 2112
+1 704
+2 704
+23 5937
+1 5937
-1 17811
+1 23748
+1 683
+4 683
-1 1366
+1 683
-4 683
+3 683
-1 683
+1 1366
-1 683
+1 683
-1 2049
+1 683
-1 683
-1 683
+1 1366
-1 683
+1 1366
+2 683
+2 683
-2 683
+2 683
-4 683
+3 683
+1 1366
-2 5254
-1 10508
+1 5254
-4 5254
+3 5254
-1 5254
+1 10508
-1 5254
+1 5254
-1 15762
+1 5254
-1 5254
-1 5254
+1 10508
-1 5254
+1 10508
+2 5254
+2 5254
-2 5254
+2 5254
-4 5254
+3 5254
+1 16445
+56 54168
+1 54168
+1 27084
+46 135420
-46 1283
+46 55880
215 9844
+2 18030
+1 1007
+3 2014
-1 1007
+1 1007
-3 1007
+3 1007
-1 1007
+1 1007
-1 2014
+1 1007
-1 1007
-1 1007
+1 3021
-1 1007
+1 2014
+1 1007
+2 1007
-2 1007
+2 1007
-3 1007
+2 1007
+1 3021
-2 5198
-1 2599
+1 2599
-3 2599
+3 2599
-1 2599
+1 2599
-1 5198
+1 2599
-1 2599
-1 2599
+1 7797
-1 2599
+1 5198
+1 2599
+2 2599
-2 2599
+2 2599
-3 2599
+2 2599
+1 12995
+1 5198
+1 2599
+2 2599
-2 1007
+2 1007
+24 48120
+1 12030
-1 12030
+1 48120
+5 12030
-1 24060
+1 12030
-4 12030
+3 48120
-1 12030
+1 24060
-1 24060
+1 12030
-1 24060
+1 12030
-1 12030
-1 12030
+1 24060
-1 12030
+1 24060
+2 12030
+2 12030
-2 12030
+2 12030
-4 12030
+3 12030
+1 36090
+38 1283
+1 2566
-82 14740
+7 1007
+1 2014
+83 59124
+3 137410
+1 19630
+1 39260
+3 9815
-3 9815
+1 9815
+1 19630
+1 29445
-8 156
+3 1092
+1 156
+1 312
+3 78
-3 78
+1 78
+1 156
+1 234
+1 39338
+1 68705
+2 19630
-1 19630
-2 234
+1 546
+2 156
-1 156
+8 9815
+1 9815
+2 19630
-76 936
+16 6926
+1 6926
-1 20778
+1 27704
+1 83
+5 83
-1 166
+1 83
-5 83
+4 83
-1 83
+1 166
-1 83
+1 83
-1 83
-1 83
+1 83
+1 83
-2 166
+2 83
-2 166
+1 83
-1 83
-1 83
+1 166
-1 83
+1 166
+3 83
+2 83
-2 6843
-1 13686
+1 6843
-5 6843
+4 6843
-1 6843
+1 13686
-1 6843
+1 6843
-1 6843
-1 6843
+1 6843
+1 6843
-2 13686
+2 6843
-2 13686
+1 6843
-1 6843
-1 6843
+1 13686
-1 6843
+1 13686
+3 6843
+2 6843
-2 6926
+2 83
-5 83
+4 83
+1 7092
-5 6843
+4 6843
+1 20612
+10 3474
+1 3474
-1 17370
+1 13896
+1 49
+5 49
-1 98
+1 49
-5 49
+4 343
-1 49
+1 49
-1 98
+1 49
-1 49
-1 49
+1 49
-1 343
-1 49
+1 98
+3 3425
-1 6850
+1 3425
-5 3425
+4 23975
-1 3425
+1 3425
-1 6850
+1 3425
-1 3425
-1 3425
+1 3425
-1 23975
-1 3425
+1 6850
+3 3474
-4 49
+4 49
-3 49
+4 49
+1 245
-6 3425
+4 3425
-3 3425
+4 3425
+1 17174
+22 156
+1 156
-1 78
+2 78
+2 156
-16 156

fn=(3316)
53 9
+1 6
+2 6
+7 6
+1 3
+1 21
+1 3
+2 3

fl=(266)
fn=(3144)
37 508500
fi=(264)
415 50850
+1 152550
+3 50850
-3 50850
+3 152550
fe=(266)
44 152550
+2 101700
+7 101694
-3 101694
+9 101670
+8 15
+1 15
-1 15
+1 15
+1 30
fi=(271)
+35 45
+3 30
+5 15
+2 15
-2 15
+1 15
fe=(266)
-43 15
fi=(271)
+37 15
+1 15
+6 45
-6 30
+3 15
+1 30
+1 15
-1 30
+1 75
+1 45
-1 15
+1 120
+1 45
+1 15
fe=(266)
-46 30
fi=(271)
+58 15
fe=(266)
-58 15
fi=(271)
+58 30
+6 45
+10 15
-10 15
+5 15
+2 15
-1 30
+1 15
-1 15
+1 15
-1 15
+1 15
+2 60
+1 45
fe=(266)
-45 15
+1 15
-1 3
+1 3
-25 6
+32 457650
-54 48
+2 12
-1 12
+1 12
fi=(264)
431 101700
fi=(271)
135 50820
+7 50820
-7 50820
+7 50820
-6 50820
-8 50820
+14 203280
-6 50820
+6 203280
-14 50820
+14 203280
-14 50820
+5 40
+7 20
-7 20
+7 20
+1 40
-8 20
+6 20
+1 40
+1 20
-1 40
+1 40
-1 20
+1 60
+2 80
+1 100
-40 20
fe=(266)
-43 20
fi=(271)
+43 50800
fe=(266)
-43 50800
fi=(271)
+43 152400
+4 50800
+3 50800
+1 101600
+1 50800
-1 50800
+1 50800
+2 50800
-2 50800
+2 101600
+1 50800
fe=(266)
-54 50800
+1 50800
fi=(271)
+41 60
+4 20
+3 20
+1 40
+1 20
-1 20
+1 20
+2 20
-2 20
+2 40
+1 20
fe=(266)
-54 20
+1 20
+18 6
fi=(271)
+75 9
+8 3
-7 3
+3 3
-1 3
+1 3
-1 3
+5 6
+4 3
-4 3
+1 6
+3 6
+1 9
fe=(266)
-85 9
+2 6
+1 3
+3 6
fi=(271)
+38 3
+7 3
+7 3
-7 3
+7 3
-6 3
-8 3
+14 12
-6 3
+6 12
-14 3
+14 12
-14 3
fe=(266)
-31 3
fi=(271)
+7 3
+1 3
fe=(266)
-6 3
fi=(271)
+6 9
+3 3
+3 3
+1 6
+1 3
-1 3
+1 3
+2 3
-2 3
+2 6
+1 3
fe=(266)
-17 9
fi=(271)
+6 45
+24 812848
fe=(266)

fl=(298)
fn=(3484)
30 170280
+8 42570
cfi=(288)
cfn=(3488)
calls=42570 196 
* 3188250
* 42570

fl=(263)
fn=(3134)
51 48
-5 192
+7 96
-7 48
+7 192
-7 48
+7 48
-7 144
+6 48
+1 48
-1 48
+1 48
+3 288
+96 432
-96 96
fi=(264)
415 48
+1 96
+2 48
-2 96
+3 96
+6 48
fe=(263)
59 96
+1 48
-1 96
+4 8
-2 8
+3 16
-3 16
+2 8
+2 8
+1 16
-3 8
+3 8
+1 8
-1 8
-1 24
+1 32
+1 24
-1 8
+1 46
+37 3
-36 1
fi=(264)
+54 96
fe=(263)
-51 35

fl=(274)
fn=(3200)
32 2
+3 14
-3 2
+6 8
cfi=(275) ./math/../sysdeps/ieee754/flt-32/e_atan2f.c
cfn=(3202) __atan2f_finite@GLIBC_2.15
calls=2 -9 
* 222
+1 14
+3 4

fl=(317)
fn=(3828)
31 6114144
+1 3057072
cfi=(291)
cfn=(3832)
calls=3057072 +35 
* 106996080
* 3057072
+1 30570720
+4 6114144

fl=(122)
fn=(446)
31 4
+1 2
+3 1

fn=(468)
31 8
+1 4
fi=(128) ./math/../sysdeps/x86_64/fpu/multiarch/s_sincos.c
-6 2
fe=(122)

fn=(452)
31 4
+1 2
fi=(126) ./math/../sysdeps/x86_64/fpu/multiarch/e_asin.c
-5 1
fe=(122)

fn=(434)
31 4
+1 2
fi=(123) ./math/../sysdeps/x86_64/fpu/multiarch/e_pow.c
-5 1
fe=(122)

fl=(293)
fn=(3424)
44 4
fi=(294) ./math/../sysdeps/ieee754/flt-32/math_config.h
+23 4
fe=(293)
-23 4
+1 4
fi=(295) ./math/../sysdeps/ieee754/flt-32/s_sincosf.h
-6 16
fe=(293)
+11 8
fi=(294)
+18 4
fe=(293)
-2 8
fi=(296) ./math/../sysdeps/x86/fpu/sincosf_poly.h
+8 4
+2 4
-2 4
+4 8
+1 4
-52 4
+1 4
+1 4
fe=(293)
+75 4
fi=(295)
-44 8
+1 12
+2 4
fe=(293)
+8 4
fi=(295)
-8 4
fe=(293)
+8 4
+3 16
fi=(296)
-7 8
fe=(293)
+4 4
+5 4
fi=(296)
-12 16
-1 4
+4 4
fe=(293)

fl=(277)
fn=(3212)
30 8
+8 2
cfi=(278)
cfn=(3214)
calls=2 +30 
* 87

fl=(271)
fn=(3610)
265 20062840
fi=(264)
415 4012568
+1 16050272
fe=(271)
276 12037704
fi=(264)
419 8025136
fe=(271)
280 4012568
-1 8025136
fi=(264)
425 4012568
fe=(271)
282 8025136
104 4012568
+8 2006284
+2 2006284
-10 2006284
+3 2006284
-3 2006284
+3 4012568
+1 2006284
+6 8025136
-6 2006284
+6 12037704
-6 2006284
+3 2006284
+1 6018852
+1 8025136
+2 8025136
+1 2006284
fi=(264)
431 8025136
fe=(271)
319 28087976
-31 4012568
+2 8025136
+1 4012568
+1 2006284
-1 2006284
+1 2006284
128 6018852
292 2006284
128 2006284
+5 2006284
+1 2006284
-1 4012568
+2 2006284
+5 2006284
+2 2006284
-7 2006284
+1 2006284
+6 8025136
-6 2006284
+6 12037704
-3 2006284
+1 6018852
+1 6018852
-1 2006284
+1 4012568
+2 8025136
+1 10031420

fn=(3164)
201 610
fi=(264)
415 122
+1 488
fe=(271)
211 366
fi=(264)
419 244
fe=(271)
212 244
+2 30
+40 732
fi=(264)
425 116
fe=(271)
218 232
-90 220
+5 110
+7 55
+2 55
-9 110
+2 110
+1 55
+6 220
-6 55
+6 330
-3 55
+1 165
+1 165
-1 55
+1 110
+2 220
+1 275
fi=(264)
431 232
fe=(271)
225 122
+8 8
-77 12
+8 4
-7 4
+2 12
+5 4
+4 4
-4 4
+1 8
+3 8
+1 4
+2 4
-2 4
-62 4
+62 4
+3 4
+10 8
-54 12
+5 1
+1 1
-1 2
+2 1
+5 1
+2 1
-7 1
+1 1
+6 4
-6 1
+6 1
+1 1
-4 1
+1 3
+1 3
-1 1
+1 2
+1 5
+1 3
+1 4
+45 16
+38 114
114 57
-10 114
227 114
104 114
+3 114
-3 57
+3 57
+5 57
-4 57
+6 228
-6 57
+6 57
-6 57
+3 57
+1 171
+1 228
+1 285
+1 171
229 57
115 57
+1 57
229 228
129 33

fl=(284)
fn=(3292)
99 508030
+11 101606
+4 101606
+10 152409
+11 203212
-58 101606
+1 50803
-1 50803
+1 50803
-1 152409
+1 50803
+2 50803
-2 50803
+2 16528
+1 66112
+1 99168
+9 99168
+48 33056
-48 205650
+48 68550
-29 22515
+1 22515
-1 45030
-24 34275
+1 137100
+1 239925

fl=(275)
fn=(3202)
29 10
+7 2
+1 8
+3 4
-11 2
+12 14
+3 4
+49 2
-40 4
+3 4
+18 4
+3 6
+1 4
+3 12
+10 1
+2 1
-2 1
+2 1
-14 7
+1 10
cfi=(276)
cfn=(3204)
calls=2 -18 
* 119
* 2

fl=(290)
fn=(3376)
31 588402
+1 392268
cfi=(291)
cfn=(3380)
calls=196134 +35 
* 20594070
* 196134
+1 1372938
+12 784536
+4 588402

totals: 7473993658
